<?xml version="1.1" encoding="UTF-8" standalone="no"?>
<databaseChangeLog xmlns="http://www.liquibase.org/xml/ns/dbchangelog" xmlns:ext="http://www.liquibase.org/xml/ns/dbchangelog-ext" xmlns:xsi="http://www.w3.org/2001/XMLSchema-instance" xsi:schemaLocation="http://www.liquibase.org/xml/ns/dbchangelog-ext http://www.liquibase.org/xml/ns/dbchangelog/dbchangelog-ext.xsd http://www.liquibase.org/xml/ns/dbchangelog http://www.liquibase.org/xml/ns/dbchangelog/dbchangelog-3.5.xsd">

    <property name="primarySchema" value="msh_idm_repo" />
    <property name="auditSchema" value="msh_idm_audit" />
    <property name="dbUser" value="msh_idm_usr" />
    <property name="booleanType" value="TINYINT(1)" />

    <include file="legacy/legacy-primarySchema.xml" relativeToChangelogFile="true" />
    <include file="intrafusion/primarySchema.xml" relativeToChangelogFile="true" />
    <include file="o365/primarySchema.xml" relativeToChangelogFile="true" />
    <include file="legacy/legacy-cleanup.xml" relativeToChangelogFile="true" />

</databaseChangeLog>
