{
	"id": "prma39oki4k5Jt1An297",
	"source": {
		"id": "0oaa39okhv2rRqk15297",
		"name": "active_directory",
		"type": "appuser",
		"_links": {
			"self": {
				"href": "https://usoncology.okta.com/api/v1/apps/0oaa39okhv2rRqk15297"
			},
			"schema": {
				"href": "https://usoncology.okta.com/api/v1/meta/schemas/apps/0oaa39okhv2rRqk15297/default"
			}
		}
	},
	"target": {
		"id": "oty1r6hd29faPglIR297",
		"name": "user",
		"type": "user",
		"_links": {
			"self": {
				"href": "https://usoncology.okta.com/api/v1/meta/types/user/oty1r6hd29faPglIR297"
			},
			"schema": {
				"href": "https://usoncology.okta.com/api/v1/meta/schemas/user/osc1r6hd29faPglIR297"
			}
		}
	},
	"properties": {
		"login": {
			"expression": "appuser.userName",
			"pushStatus": "PUSH"
		},
		"p20_ad_workerId": {
			"expression": "appuser.extensionAttribute8",
			"pushStatus": "PUSH"
		}
	},
	"_links": {
		"self": {
			"href": "https://usoncology.okta.com/api/v1/mappings/prma39oki4k5Jt1An297"
		}
	}
}