{
	"id": "prmambthhjbhQQSgc297",
	"source": {
		"id": "oty1r6hd29faPglIR297",
		"name": "user",
		"type": "user",
		"_links": {
			"self": {
				"href": "https://usoncology.okta.com/api/v1/meta/types/user/oty1r6hd29faPglIR297"
			},
			"schema": {
				"href": "https://usoncology.okta.com/api/v1/meta/schemas/user/osc1r6hd29faPglIR297"
			}
		}
	},
	"target": {
		"id": "0oaambthh9z2zhF9r297",
		"name": "workday",
		"type": "appuser",
		"_links": {
			"self": {
				"href": "https://usoncology.okta.com/api/v1/apps/0oaambthh9z2zhF9r297"
			},
			"schema": {
				"href": "https://usoncology.okta.com/api/v1/meta/schemas/apps/0oaambthh9z2zhF9r297/default"
			}
		}
	},
	"properties": {
		"email": {
			"expression": "user.p20_ad_email",
			"pushStatus": "PUSH"
		},
		"emailAddressDataWorkEmailAddress": {
			"expression": "user.p20_ad_email",
			"pushStatus": "PUSH"
		},
		"emailAddressDataWorkPublic": {
			"expression": "true",
			"pushStatus": "PUSH"
		},
		"emailAddressDataWorkPrimary": {
			"expression": "true",
			"pushStatus": "PUSH"
		}
	},
	"_links": {
		"self": {
			"href": "https://usoncology.okta.com/api/v1/mappings/prmambthhjbhQQSgc297"
		}
	}
}