{
	"id": "prmambthhi3nzOFPL297",
	"source": {
		"id": "0oaambthh9z2zhF9r297",
		"name": "workday",
		"type": "appuser",
		"_links": {
			"self": {
				"href": "https://usoncology.okta.com/api/v1/apps/0oaambthh9z2zhF9r297"
			},
			"schema": {
				"href": "https://usoncology.okta.com/api/v1/meta/schemas/apps/0oaambthh9z2zhF9r297/default"
			}
		}
	},
	"target": {
		"id": "oty1r6hd29faPglIR297",
		"name": "user",
		"type": "user",
		"_links": {
			"self": {
				"href": "https://usoncology.okta.com/api/v1/meta/types/user/oty1r6hd29faPglIR297"
			},
			"schema": {
				"href": "https://usoncology.okta.com/api/v1/meta/schemas/user/osc1r6hd29faPglIR297"
			}
		}
	},
	"properties": {
		"primaryPhone": {
			"expression": "appuser.workPhone",
			"pushStatus": "PUSH"
		},
		"firstName": {
			"expression": "appuser.firstName",
			"pushStatus": "PUSH"
		},
		"lastName": {
			"expression": "appuser.lastName",
			"pushStatus": "PUSH"
		},
		"city": {
			"expression": "appuser.city",
			"pushStatus": "PUSH"
		},
		"countryCode": {
			"expression": "appuser.countryCode",
			"pushStatus": "PUSH"
		},
		"mobilePhone": {
			"expression": "appuser.mobile",
			"pushStatus": "PUSH"
		},
		"state": {
			"expression": "appuser.state",
			"pushStatus": "PUSH"
		},
		"secondEmail": {
			"expression": "appuser.secondEmail",
			"pushStatus": "PUSH"
		},
		"streetAddress": {
			"expression": "appuser.streetAddress",
			"pushStatus": "PUSH"
		},
		"email": {
			"expression": "appuser.email",
			"pushStatus": "PUSH"
		},
		"zipCode": {
			"expression": "appuser.postalCode",
			"pushStatus": "PUSH"
		},
		"p20_wd_glPayType": {
			"expression": "appuser.glPayType",
			"pushStatus": "PUSH"
		},
		"p20_wd_legalSuffix": {
			"expression": "appuser.legalSuffix",
			"pushStatus": "PUSH"
		},
		"p20_wd_middleName": {
			"expression": "appuser.foMiddleName",
			"pushStatus": "PUSH"
		},
		"p20_wd_country": {
			"expression": "appuser.country",
			"pushStatus": "PUSH"
		},
		"p20_wd_title": {
			"expression": "appuser.businessTitle",
			"pushStatus": "PUSH"
		},
		"p20_wd_legalPrefix": {
			"expression": "appuser.legalPrefix",
			"pushStatus": "PUSH"
		},
		"p20_evt_scenario": {
			"expression": "\"workday\"",
			"pushStatus": "PUSH"
		},
		"employeeNumber": {
			"expression": "appuser.employeeID",
			"pushStatus": "PUSH"
		},
		"p20_wd_preferredPrefix": {
			"expression": "appuser.preferredPrefix",
			"pushStatus": "PUSH"
		},
		"p20_wd_workerId": {
			"expression": "appuser.employeeID",
			"pushStatus": "PUSH"
		},
		"p20_wd_employee": {
			"expression": "appuser.employeeID != null && String.toLowerCase(appuser.accountType) == \"employee\"",
			"pushStatus": "PUSH"
		},
		"p20_wd_email": {
			"expression": "appuser.email",
			"pushStatus": "PUSH"
		},
		"p20_wd_preferredSuffix": {
			"expression": "appuser.preferredSuffix",
			"pushStatus": "PUSH"
		},
		"p20_wd_userId": {
			"expression": "String.replace(appuser.userName, \"($_WL_$)\", \"\")",
			"pushStatus": "PUSH"
		},
		"p20_wd_companyId": {
			"expression": "appuser.companyId",
			"pushStatus": "PUSH"
		},
		"p20_wd_mobile": {
			"expression": "appuser.mobile",
			"pushStatus": "PUSH"
		},
		"p20_wd_jobFamily": {
			"expression": "appuser.jobFamily",
			"pushStatus": "PUSH"
		},
		"p20_wd_ssn": {
			"expression": "appuser.ssn",
			"pushStatus": "PUSH"
		},
		"p20_wd_firstName": {
			"expression": "appuser.foFirstName",
			"pushStatus": "PUSH"
		},
		"p20_wd_preferredFirstName": {
			"expression": "appuser.preferredFirstName",
			"pushStatus": "PUSH"
		},
		"p20_wd_HRBU": {
			"expression": "appuser.HRBU",
			"pushStatus": "PUSH"
		},
		"p20_wd_hireDate": {
			"expression": "appuser.hireDate",
			"pushStatus": "PUSH"
		},
		"postalAddress": {
			"expression": "appuser.postalAddress",
			"pushStatus": "PUSH"
		},
		"p20_wd_workerType": {
			"expression": "appuser.workerType",
			"pushStatus": "PUSH"
		},
		"p20_wd_fax": {
			"expression": "appuser.phoneDataWorkFaxPhoneNumber",
			"pushStatus": "PUSH"
		},
		"p20_wd_HRPartner": {
			"expression": "appuser.HRPartner",
			"pushStatus": "PUSH"
		},
		"p20_evt_stage": {
			"expression": "\"import\"",
			"pushStatus": "PUSH"
		},
		"p20_wd_dateActivated": {
			"expression": "appuser.dateActivated",
			"pushStatus": "PUSH"
		},
		"p20_wd_telephoneNumber": {
			"expression": "appuser.workPhone",
			"pushStatus": "PUSH"
		},
		"p20_wd_workerTypeDescriptor": {
			"expression": "appuser.workerTypeDescriptor",
			"pushStatus": "PUSH"
		},
		"displayName": {
			"expression": "'{\"p20_evt_importCompleted\": true, \"p20_evt_target\": \"nothing\", \"p20_evt_scenario\": \"workday\", \"p20_evt_stage\": \"import\"}'",
			"pushStatus": "PUSH"
		},
		"p20_wd_positionEffectiveDate": {
			"expression": "appuser.positionEffectiveDate",
			"pushStatus": "PUSH"
		},
		"title": {
			"expression": "appuser.businessTitle",
			"pushStatus": "PUSH"
		},
		"p20_wd_postalAddress": {
			"expression": "appuser.postalAddress",
			"pushStatus": "PUSH"
		},
		"p20_wd_lastName": {
			"expression": "appuser.foLastName",
			"pushStatus": "PUSH"
		},
		"p20_wd_city": {
			"expression": "appuser.city",
			"pushStatus": "PUSH"
		},
		"p20_evt_target": {
			"expression": "\"nothing\"",
			"pushStatus": "PUSH"
		},
		"p20_wd_state": {
			"expression": "appuser.state",
			"pushStatus": "PUSH"
		},
		"p20_wd_address": {
			"expression": "appuser.address",
			"pushStatus": "PUSH"
		},
		"p20_wd_legalName": {
			"expression": "appuser.legalName",
			"pushStatus": "PUSH"
		},
		"p20_wd_managerId": {
			"expression": "appuser.managerID",
			"pushStatus": "PUSH"
		},
		"p20_wd_preferredLastName": {
			"expression": "appuser.preferredLastName",
			"pushStatus": "PUSH"
		},
		"p20_wd_uid": {
			"expression": "appuser.Workday_ID",
			"pushStatus": "PUSH"
		},
		"managerId": {
			"expression": "appuser.managerID",
			"pushStatus": "PUSH"
		},
		"p20_evt_importCompleted": {
			"expression": "true",
			"pushStatus": "PUSH"
		},
		"p20_wd_postalCode": {
			"expression": "appuser.postalCode",
			"pushStatus": "PUSH"
		},
		"p20_wd_executiveDirector": {
			"expression": "appuser.executiveDirector",
			"pushStatus": "PUSH"
		},
		"p20_wd_addressLastModified": {
			"expression": "appuser.addressLastModified",
			"pushStatus": "PUSH"
		},
		"middleName": {
			"expression": "appuser.middleNamemiddleName",
			"pushStatus": "PUSH"
		},
		"p20_wd_location": {
			"expression": "appuser.location",
			"pushStatus": "PUSH"
		},
		"p20_wd_openId": {
			"expression": "appuser.OpenID",
			"pushStatus": "PUSH"
		},
		"login": {
			"expression": "String.replace(appuser.userName, \"($_WL_$)\", \"\") + \"@\" + org.subdomain + \".com\"",
			"pushStatus": "PUSH"
		},
		"p20_wd_active": {
			"expression": "appuser.active != null && String.toLowerCase(String.substring(appuser.active,0,1)) == \"y\"",
			"pushStatus": "PUSH"
		},
		"p20_wd_terminated": {
			"expression": "appuser.terminated != null && String.toLowerCase(String.substring(appuser.terminated,0,1)) == \"y\"",
			"pushStatus": "PUSH"
		},
		"p20_wd_leaveOfAbsence": {
			"expression": "appuser.leaveOfAbsence != null && String.toLowerCase(String.substring(appuser.leaveOfAbsence,0,1)) == \"y\"",
			"pushStatus": "PUSH"
		}
	},
	"_links": {
		"self": {
			"href": "https://usoncology.okta.com/api/v1/mappings/prmambthhi3nzOFPL297"
		}
	}
}