<?xml version="1.0" encoding="UTF-8" standalone="no"?>
<databaseChangeLog xmlns="http://www.liquibase.org/xml/ns/dbchangelog" xmlns:ext="http://www.liquibase.org/xml/ns/dbchangelog-ext" xmlns:xsi="http://www.w3.org/2001/XMLSchema-instance" xsi:schemaLocation="http://www.liquibase.org/xml/ns/dbchangelog-ext http://www.liquibase.org/xml/ns/dbchangelog/dbchangelog-ext.xsd http://www.liquibase.org/xml/ns/dbchangelog http://www.liquibase.org/xml/ns/dbchangelog/dbchangelog-3.5.xsd">

    <changeSet id="o365-add-o366-column" author="els1gkr" context="o365">
        <validCheckSum>7:b1afb0d465f5826768304d929cda0c4d</validCheckSum>
        <validCheckSum>7:c9abd4f2bc86753af3bf9c260f7020cd</validCheckSum>
        <addColumn tableName="hrbu" schemaName="${primarySchema}">
            <column afterColumn="domain" name="o365" type="${booleanType}" />
        </addColumn>

        <createView fullDefinition="true" viewName="hrbu_view" schemaName="${primarySchema}">
            CREATE OR REPLACE SQL SECURITY INVOKER VIEW `${primarySchema}`.`hrbu_view` AS SELECT
              `h`.`hrbu` AS `hrbu`,
              `hcs`.`city` AS `city`,
              `hcs`.`street` AS `street`,
              (case when `h`.`city` then `hcs`.`ou` else `h`.`ou` end) AS `ou`,
              (case when `h`.`city` then `hcs`.`home_drive` else `h`.`home_drive` end) AS `home_drive`,
              (case when `h`.`city` then `hcs`.`home_dir` else `h`.`home_dir` end) AS `home_dir`,
              (case when `h`.`city` then `hcs`.`login_script` else `h`.`login_script` end) AS `login_script`,
              (case when `h`.`city` then `hcs`.`groups` else `h`.`groups` end) AS `groups`,
              (case when `h`.`city` then `hcs`.`contractor_groups` else `h`.`contractor_groups` end) AS `contractor_groups`,
              (case when `h`.`city` then `hcs`.`contingentworkertype_outside_worker_groups` else `h`.`contingentworkertype_outside_worker_groups` end) AS `contingentworkertype_outside_worker_groups`,
              (case when `h`.`city` then `hcs`.`contingentworkertype_x_groups` else `h`.`contingentworkertype_x_groups` end) AS `contingentworkertype_x_groups`,
              (case when `h`.`city` then `hcs`.`active_sync` else `h`.`active_sync` end) AS `active_sync`,
              (case when (`h`.`city` and isnull(`hcs`.`city`)) then 'true' else 'false' end) AS `notify_manager`,
              `h`.`mail_suffix` AS `mail_suffix`,
              `h`.`secondary_mail_suffix` AS `secondary_mail_suffix`,
              (case when `h`.`city` then `hcs`.`itc_mail` else `h`.`itc_mail` end) AS `itc_mail`,
              `h`.`enabled` AS `enabled`,
              `h`.`manager_lookup_strategy` AS `manager_lookup_strategy`,
              `h`.`domain` AS `domain`,
              `h`.`o365` AS `o365`
            from (`hrbu` `h` left join `hrbu_city_street` `hcs` on((`h`.`city` = 1)));
        </createView>
    </changeSet>

    <changeSet id="load-configuration-data-with-added-o365-column" author="els1gkr" context="o365" runAlways="true" runInTransaction="true">
        <validCheckSum>7:3be99e26861afe54efb3757379555976</validCheckSum>
        <validCheckSum>7:82ab66f04ab639b536cd5553d627f25f</validCheckSum>
        <validCheckSum>7:9043f254310ae7447276c39f67114d68</validCheckSum>
        <!-- TODO - add precondition to verify schema -->
        <sql><![CDATA[
            DELETE FROM `${primarySchema}`.`hrbu`;

            LOAD DATA LOCAL INFILE "./o365/data/hrbu.csv" INTO TABLE `${primarySchema}`.`hrbu`
            COLUMNS TERMINATED BY ',' OPTIONALLY ENCLOSED BY '"' ESCAPED BY '' LINES TERMINATED BY '\r\n'
            IGNORE 1 ROWS
            (@hrbu, @ou, @home_drive, @home_dir, @login_script,
            @groups, @contractor_groups, @contingentworkertype_outside_worker_groups, @contingentworkertype_x_groups,
            @active_sync, @city, @mail_suffix, @secondary_mail_suffix, @itc_mail, @enabled,
            @manager_lookup_strategy, @domain, @o365)
            SET
                `hrbu`=IF(@hrbu="NULL", NULL, @hrbu),
                `ou`=IF(@ou="NULL", NULL, @ou),
                `home_drive`=IF(@home_drive="NULL", NULL, @home_drive),
                `home_dir`=IF(@home_dir="NULL", NULL, @home_dir),
                `login_script`=IF(@login_script="NULL", NULL, @login_script),
                `groups`=IF(@groups="NULL", NULL, @groups),
                `contractor_groups`=IF(@contractor_groups="NULL", NULL, @contractor_groups),
                `contingentworkertype_outside_worker_groups`=IF(@contingentworkertype_outside_worker_groups="NULL", NULL, @contingentworkertype_outside_worker_groups),
                `contingentworkertype_x_groups`=IF(@contingentworkertype_x_groups="NULL", NULL, @contingentworkertype_x_groups),
                `active_sync`=IF(@active_sync="NULL", NULL, @active_sync),
                `city`=IF(@city="NULL", NULL, @city),
                `mail_suffix`=IF(@mail_suffix="NULL", NULL, @mail_suffix),
                `secondary_mail_suffix`=IF(@secondary_mail_suffix="NULL", NULL, @secondary_mail_suffix),
                `itc_mail`=IF(@itc_mail="NULL", NULL, @itc_mail),
                `enabled`=IF(@enabled="NULL", NULL, @enabled),
                `manager_lookup_strategy`=IF(@manager_lookup_strategy="NULL", NULL, @manager_lookup_strategy),
                `domain`=IF(@domain="NULL", NULL, @domain),
                `o365`=IF(@o365="NULL", NULL, @o365);
         ]]></sql>
    </changeSet>

    <changeSet id="create-deferred-task-tables" author="els1gkr" context="o365">
        <validCheckSum>7:2b3e71b589b74500ba893dddc68a1534</validCheckSum>
        <validCheckSum>7:928d46c5b0e33a7fc06de8e994a96315</validCheckSum>
        <dropTable tableName="deferred_email" schemaName="${primarySchema}" />
        <dropTable tableName="deferred_email_staging" schemaName="${primarySchema}" />

        <createTable tableName="deferred_task" schemaName="${primarySchema}">
            <column name="objectid" type="VARCHAR(255)">
                <constraints primaryKey="true" />
            </column>
            <column name="rev" type="VARCHAR(38)">
                <constraints nullable="false"/>
            </column>
            <column name="data" type="MEDIUMTEXT">
                <constraints nullable="false"/>
            </column>
        </createTable>
        <createTable tableName="deferred_task_staging" schemaName="${primarySchema}">
            <column name="objectid" type="VARCHAR(255)">
                <constraints primaryKey="true" />
            </column>
            <column name="rev" type="VARCHAR(38)">
                <constraints nullable="false"/>
            </column>
            <column name="data" type="MEDIUMTEXT">
                <constraints nullable="false"/>
            </column>
        </createTable>
    </changeSet>

    <changeSet id="create-audit-async-recon-indexes" author="els1gkr" context="o365">
        <validCheckSum>7:5f1006e6967d6c1dd6fecd00e3ae22e3</validCheckSum>
        <validCheckSum>7:6d62c7dff85b0866cd63fe65428535be</validCheckSum>
        <createIndex tableName="audit_async_recon" schemaName="${auditSchema}" indexName="audit_async_recon_reconid_action_sourceid">
            <column name="reconid" />
            <column name="action" />
            <column name="sourceid" />
        </createIndex>
    </changeSet>

    <changeSet id="create-o365-license-data-tables" author="els1gkr" context="o365">
        <validCheckSum>7:f76e5aecdb8648f37796ec3233be7ee3</validCheckSum>
        <validCheckSum>7:52d7bf7f69090294ca30932518fd4df0</validCheckSum>
        <createTable tableName="userlicense" schemaName="${primarySchema}">
            <column name="id" type="BIGINT" autoIncrement="true">
                <constraints primaryKey="true" />
            </column>
            <column name="user_principal_name" type="VARCHAR(255)" />
            <column name="code" type="VARCHAR(255)" />
            <column name="name" type="VARCHAR(255)" />
            <column name="sku" type="VARCHAR(255)" />
        </createTable>

        <createIndex tableName="userlicense" schemaName="${primarySchema}" indexName="userlicense_user_principal_name">
            <column name="user_principal_name" />
        </createIndex>

        <createTable tableName="userlicense_dryrun" schemaName="${primarySchema}">
            <column name="id" type="BIGINT" autoIncrement="true">
                <constraints primaryKey="true" />
            </column>
            <column name="user_principal_name" type="VARCHAR(255)" />
            <column name="code" type="VARCHAR(255)" />
            <column name="name" type="VARCHAR(255)" />
            <column name="sku" type="VARCHAR(255)" />
        </createTable>

        <createIndex tableName="userlicense_dryrun" schemaName="${primarySchema}" indexName="userlicense_dryrun_user_principal_name">
            <column name="user_principal_name" />
        </createIndex>
    </changeSet>

    <changeSet id="iammsh-815" author="els1gkr" context="intrafusion">
        <validCheckSum>7:25bf0c86c599ed27835ab7ab87daaa6d</validCheckSum>
        <validCheckSum>7:b77e255230ba98428b6bdc0d8e27fbf6</validCheckSum>
        <createView fullDefinition="true" viewName="sync_report" schemaName="${primarySchema}">
            CREATE OR REPLACE ALGORITHM=UNDEFINED SQL SECURITY INVOKER
            VIEW `${primarySchema}`.`sync_report` AS select
              `aar`.`id` AS `id`,
              `aar`.`objectid` AS `objectid`,
              `aar`.`eventdate` AS `eventdate`,
              `aar`.`reconid` AS `reconid`,
              `aar`.`mapping` AS `mapping`,
              `aar`.`sourceid` AS `sourceid`,
              `aar`.`action` AS `action`,
              `aar`.`situation` AS `situation`,
              `aar`.`status` AS `status`,
              `aar`.`message` AS `message`,
              `aar`.`target` AS `target`,
              `mu`.`rev` AS `rev`,
              `mu`.`uid` AS `uid`,
              `mu`.`country` AS `country`,
              `mu`.`middleName` AS `middleName`,
              `mu`.`postalCode` AS `postalCode`,
              `mu`.`addressLastModified` AS `addressLastModified`,
              `mu`.`employee` AS `employee`,
              `mu`.`email` AS `email`,
              `mu`.`address` AS `address`,
              `mu`.`postalAddress` AS `postalAddress`,
              `mu`.`workerType` AS `workerType`,
              `mu`.`userID` AS `userID`,
              `mu`.`city` AS `city`,
              `mu`.`state` AS `state`,
              `mu`.`workerID` AS `workerID`,
              `mu`.`managerID` AS `managerID`,
              `mu`.`hrbu` AS `hrbu`,
              `mu`.`title` AS `title`,
              `mu`.`legalPrefix` AS `legalPrefix`,
              `mu`.`firstName` AS `firstName`,
              `mu`.`lastName` AS `lastName`,
              `mu`.`legalSuffix` AS `legalSuffix`,
              `mu`.`legalName` AS `legalName`,
              `mu`.`preferredPrefix` AS `preferredPrefix`,
              `mu`.`preferredFirstName` AS `preferredFirstName`,
              `mu`.`preferredLastName` AS `preferredLastName`,
              `mu`.`preferredSuffix` AS `preferredSuffix`,
              `mu`.`active` AS `active`,
              `mu`.`fax` AS `fax`,
              `mu`.`mobile` AS `mobile`,
              `mu`.`telephoneNumber` AS `telephoneNumber`,
              `mu`.`trm` AS `trm`,
              `mu`.`hrPartner` AS `hrPartner`,
              `mu`.`leaveOfAbsence` AS `leaveOfAbsence`,
              `mu`.`executiveDirector` AS `executiveDirector`,
              `mu`.`companyId` AS `companyId`,
              `mu`.`workerTypeDescriptor` AS `workerTypeDescriptor`,
              `mu`.`glPayType` AS `glPayType`,
              `mu`.`futureUser` AS `futureUser`
            from (`${primarySchema}`.`audit_async_recon` `aar` left join
              `${primarySchema}`.`manageduser_correlated` `mu`
              on((`aar`.`sourceid` = `mu`.`objectid`)));
        </createView>
    </changeSet>

    <changeSet id="load-o365-groups" author="els1gkr" context="o365" runAlways="true" runInTransaction="true">
        <validCheckSum>7:163ccb96cf0f1ba716b3d5ad4da9abc2</validCheckSum>
        <validCheckSum>7:c9f399776a58170ddf9bb7f723a3f7f8</validCheckSum>
        <sql><![CDATA[
            DELETE FROM `${primarySchema}`.`group_mapping`;

            LOAD DATA LOCAL INFILE "./o365/data/group_mapping.csv" INTO TABLE `${primarySchema}`.`group_mapping`
            COLUMNS TERMINATED BY ',' OPTIONALLY ENCLOSED BY '"' ESCAPED BY '' LINES TERMINATED BY '\r\n'
            IGNORE 1 ROWS
            (@id, @name, @dn, @type)
            SET
                `id`=IF(@id="NULL", NULL, @id),
                `name`=IF(@name="NULL", NULL, @name),
                `dn`=IF(@dn="NULL", NULL, @dn),
                `type`=IF(@type="NULL", NULL, @type);
         ]]></sql>
    </changeSet>

    <changeSet id="load-o365-hrbu-city-street-data" author="els1gkr" context="o365" runAlways="true" runInTransaction="true">
        <validCheckSum>7:0e5e8ec4c20d8ce201ae4a12f6f64ce2</validCheckSum>
        <validCheckSum>7:9147c28c448214ac18e3de63b12c8f84</validCheckSum>
        <sql><![CDATA[
            DELETE FROM `${primarySchema}`.`hrbu_city_street`;

            LOAD DATA LOCAL INFILE "./o365/data/hrbu_city_street.csv" INTO TABLE `${primarySchema}`.`hrbu_city_street`
            COLUMNS TERMINATED BY ',' OPTIONALLY ENCLOSED BY '"' ESCAPED BY '' LINES TERMINATED BY '\r\n'
            IGNORE 1 ROWS
            (@id, @city, @street, @ou, @home_drive, @home_dir, @login_script, @active_sync, @itc_mail, @groups, @contractor_groups, @contingentworkertype_outside_worker_groups, @contingentworkertype_x_groups)
            SET
                `id`=IF(@id="NULL", NULL, @id),
                `city`=IF(@city="NULL", NULL, @city),
                `street`=IF(@street="NULL", NULL, @street),
                `ou`=IF(@ou="NULL", NULL, @ou),
                `home_drive`=IF(@home_drive="NULL", NULL, @home_drive),
                `home_dir`=IF(@home_dir="NULL", NULL, @home_dir),
                `login_script`=IF(@login_script="NULL", NULL, @login_script),
                `groups`=IF(@groups="NULL", NULL, @groups),
                `contractor_groups`=IF(@contractor_groups="NULL", NULL, @contractor_groups),
                `contingentworkertype_outside_worker_groups`=IF(@contingentworkertype_outside_worker_groups="NULL", NULL, @contingentworkertype_outside_worker_groups),
                `contingentworkertype_x_groups`=IF(@contingentworkertype_x_groups="NULL", NULL, @contingentworkertype_x_groups),
                `active_sync`=IF(@active_sync="NULL", NULL, @active_sync),
                `itc_mail`=IF(@itc_mail="NULL", NULL, @itc_mail);

         ]]></sql>
    </changeSet>

    <changeSet id="load-o365-prevent-loa-job-codes-data" author="els1gkr" context="o365" runAlways="true" runInTransaction="true">
        <validCheckSum>7:018e011d7ecc07a26fae718f3759b384</validCheckSum>
        <validCheckSum>7:8dafd84fe2ac5e32b399efbfa53f54bc</validCheckSum>
        <sql><![CDATA[
            DELETE FROM `${primarySchema}`.`prevent_loa_job_codes`;

            LOAD DATA LOCAL INFILE "./o365/data/prevent_loa_job_codes.csv" INTO TABLE `${primarySchema}`.`prevent_loa_job_codes`
            COLUMNS TERMINATED BY ',' OPTIONALLY ENCLOSED BY '"' ESCAPED BY '' LINES TERMINATED BY '\r\n'
            IGNORE 1 ROWS
            (@code, @description)
            SET
                `code`=IF(@code="NULL", NULL, @code),
                `description`=IF(@description="NULL", NULL, @description);
         ]]></sql>
    </changeSet>

    <changeSet id="create-okta-blacklist-tables" author="ekf4p1t" context="o365">
        <createTable tableName="okta_update_blacklist" schemaName="${primarySchema}">
            <column name="uid" type="VARCHAR(38)">
                <constraints primaryKey="true" />
            </column>
            <column name="rev" type="VARCHAR(38)">
                <constraints nullable="false"/>
            </column>
            <column name="userID" type="VARCHAR(255)"/>
            <column name="workerID" type="VARCHAR(255)"/>
            <column name="email" type="VARCHAR(255)"/>
            <column name="hrbu_full" type="VARCHAR(255)"/>
            <column name="hrbu_truncated" type="VARCHAR(255)"/>
        </createTable>
        <createIndex tableName="okta_update_blacklist" schemaName="${primarySchema}" indexName="okta_update_blacklist_hrbu_full">
            <column name="hrbu_full" />
        </createIndex>
        <createIndex tableName="okta_update_blacklist" schemaName="${primarySchema}" indexName="okta_update_blacklist_hrbu_truncated">
            <column name="hrbu_truncated" />
        </createIndex>

        <createTable tableName="okta_create_blacklist" schemaName="${primarySchema}">
            <column name="hrbu_full" type="VARCHAR(255)">
                <constraints primaryKey="true" />
            </column>
            <column name="rev" type="VARCHAR(38)">
                <constraints nullable="false"/>
            </column>
            <column name="hrbu_truncated" type="VARCHAR(255)"/>
        </createTable>
        <createIndex tableName="okta_create_blacklist" schemaName="${primarySchema}" indexName="okta_create_blacklist_hrbu_truncated">
            <column name="hrbu_truncated" />
        </createIndex>
    </changeSet>

    <changeSet id="create-okta-blacklist-stored-procedures" author="ekf4p1t" context="o365">
        <sql dbms="mysql" endDelimiter="$"><![CDATA[
            SET sql_mode = 'NO_ENGINE_SUBSTITUTION' $

            DROP PROCEDURE IF EXISTS `${primarySchema}`.`okta_hrbu_blacklist` $
            CREATE PROCEDURE `${primarySchema}`.`okta_hrbu_blacklist`(IN hrbu_prefix VARCHAR(255))
                DETERMINISTIC
                SQL SECURITY INVOKER
            BEGIN
            START TRANSACTION;
                REPLACE INTO okta_create_blacklist
                (hrbu_full, rev, hrbu_truncated)
                (
                    SELECT UPPER(hrbu) AS hrbu_full, '0' AS rev, UPPER(SUBSTRING(hrbu, 1, 5)) AS hrbu_truncated
                    FROM manageduser_correlated WHERE UPPER(hrbu) like concat(UPPER(hrbu_prefix), '%')
                );
                REPLACE INTO okta_update_blacklist
                (uid, rev, userID, workerID, email, hrbu_full,hrbu_truncated)
                (
                    SELECT uid,
                    '0' AS rev,
                    userID,
                    workerID,
                    email,
                    UPPER(hrbu) AS hrbu_full,
                    UPPER(SUBSTRING(hrbu, 1, 5)) AS hrbu_truncated
                    FROM manageduser_correlated WHERE UPPER(hrbu) like concat(UPPER(hrbu_prefix), '%')
                );
            COMMIT;
            SELECT true AS result;
            END $
        ]]></sql>
    </changeSet>

    <changeSet id="update-okta-update-blacklist" author="ekf4p1t" context="o365">
        <renameColumn schemaName="${primarySchema}" 
                      tableName="okta_update_blacklist"
                      oldColumnName="uid"  
                      newColumnName="objectid"  
                      columnDataType="VARCHAR(38)"/>  
    </changeSet>

    <changeSet id="update-okta-blacklist-stored-procedures" author="ekf4p1t" context="o365">
        <sql dbms="mysql" endDelimiter="$"><![CDATA[
            SET sql_mode = 'NO_ENGINE_SUBSTITUTION' $

            DROP PROCEDURE IF EXISTS `${primarySchema}`.`okta_hrbu_blacklist` $
            CREATE PROCEDURE `${primarySchema}`.`okta_hrbu_blacklist`(IN hrbu_prefix VARCHAR(255))
                DETERMINISTIC
                SQL SECURITY INVOKER
            BEGIN
            START TRANSACTION;
                REPLACE INTO okta_create_blacklist
                (hrbu_full, rev, hrbu_truncated)
                (
                    SELECT UPPER(hrbu) AS hrbu_full, '0' AS rev, UPPER(SUBSTRING(hrbu, 1, 5)) AS hrbu_truncated
                    FROM manageduser_correlated WHERE UPPER(hrbu) like concat(UPPER(hrbu_prefix), '%')
                );
                REPLACE INTO okta_update_blacklist
                (objectid, rev, userID, workerID, email, hrbu_full,hrbu_truncated)
                (
                    SELECT 
                        mc.uid,
                        '0' AS rev,
                        mc.userID,
                        mc.workerID,
                        mc.email,
                        UPPER(mc.hrbu) AS hrbu_full,
                        UPPER(SUBSTRING(mc.hrbu, 1, 5)) AS hrbu_truncated
                    FROM manageduser_correlated mc
                    JOIN uson_user_attributes uua on (uua.sourceid=mc.objectid)
                    WHERE UPPER(mc.hrbu) like concat(UPPER(hrbu_prefix), '%') AND mc.workerID IS NOT NULL
                );
            COMMIT;
            SELECT true AS result;
            END $
        ]]></sql>
    </changeSet>

    <changeSet id="GIA-8007-II-locations-support-1" author="ekf4p1t" context="o365">
        <addColumn tableName="manageduser" schemaName="${primarySchema}">
            <column afterColumn="glPayType" name="location" type="VARCHAR(255)" />
        </addColumn>
        <addColumn tableName="manageduser_correlated" schemaName="${primarySchema}">
            <column afterColumn="glPayType" name="location" type="VARCHAR(255)" />
        </addColumn>
        <addColumn tableName="manageduser_future" schemaName="${primarySchema}">
            <column afterColumn="glPayType" name="location" type="VARCHAR(255)" />
        </addColumn>
    </changeSet>

    <changeSet id="GIA-8007-II-locations-support-2" author="ekf4p1t" context="o365">
        <sql dbms="mysql" endDelimiter="$"><![CDATA[
            SET sql_mode = 'NO_ENGINE_SUBSTITUTION' $

            DROP PROCEDURE IF EXISTS `${primarySchema}`.`correlate_users` $

            CREATE PROCEDURE `${primarySchema}`.`correlate_users`()
                DETERMINISTIC
                SQL SECURITY INVOKER
            BEGIN
              DECLARE `objectid` varchar(38);
              DECLARE `rev` varchar(38);
              DECLARE `uid` varchar(38);
              DECLARE `country` varchar(255);
              DECLARE `middleName` varchar(255);
              DECLARE `postalCode` varchar(255);
              DECLARE `addressLastModified` varchar(255);
              DECLARE `employee` varchar(255);
              DECLARE `email` varchar(255);
              DECLARE `address` varchar(255);
              DECLARE `postalAddress` varchar(255);
              DECLARE `legalName` varchar(255);
              DECLARE `workerType` varchar(255);
              DECLARE `userID` varchar(255);
              DECLARE `city` varchar(255);
              DECLARE `state` varchar(255);
              DECLARE `workerID` varchar(255);
              DECLARE `managerID` varchar(255);
              DECLARE `firstName` varchar(255);
              DECLARE `hrbu` varchar(255);
              DECLARE `title` varchar(255);
              DECLARE `lastName` varchar(255);
              DECLARE `active` varchar(255);
              DECLARE `fax` varchar(255);
              DECLARE `mobile` varchar(255);
              DECLARE `telephoneNumber` varchar(255);
              DECLARE `trm` varchar(255);
              DECLARE `dateActivated` varchar(255);
              DECLARE `positionEffectiveDate` varchar(255);
              DECLARE `legalPrefix` varchar(255);
              DECLARE `legalSuffix` varchar(255);
              DECLARE `preferredFirstName` varchar(255);
              DECLARE `preferredLastName` varchar(255);
              DECLARE `preferredPrefix` varchar(255);
              DECLARE `preferredSuffix` varchar(255);
              DECLARE `hrPartner` varchar(255);
              DECLARE `hireDate` varchar(255);
              DECLARE `leaveOfAbsence` varchar(5);
              DECLARE `executiveDirector` varchar(255);
              DECLARE `jobFamily` varchar(255);
              DECLARE `ssn` varchar(255);
              DECLARE `homePostalCode` varchar(255);
              DECLARE `companyId` varchar(38);
              DECLARE `workerTypeDescriptor` varchar(255);
              DECLARE `glPayType` varchar(5);
              DECLARE `location` varchar(255);
              DECLARE `futureUser` varchar(255);

              DECLARE done INT DEFAULT FALSE;
              DECLARE currentWorkerID VARCHAR(255) DEFAULT "";

              DECLARE users CURSOR FOR

              SELECT * FROM(
              SELECT mu.*, 'false' AS futureUser FROM manageduser mu
              UNION ALL
              SELECT muf.*, 'true' AS futureUser FROM manageduser_future muf WHERE muf.trm = "false" and muf.hireDate is not null
                  AND EXISTS(SELECT 1 FROM manageduser LIMIT 1)
                  AND muf.workerID not in (SELECT distinct u.workerID FROM manageduser u WHERE u.trm = "false")
              ) AS result ORDER BY result.workerID, result.trm ASC, result.futureUser ASC, result.positionEffectiveDate DESC;

              DECLARE CONTINUE HANDLER FOR NOT FOUND SET done = TRUE;

              START TRANSACTION;
              delete from manageduser_correlated;
              OPEN users;

              process_loop: LOOP
              FETCH users into objectid,rev,uid,country,middleName,postalCode,addressLastModified,employee,email,address,postalAddress,legalName,workerType,userID,city,state,workerID,managerID,firstName,hrbu,title,lastName,active,fax,mobile,telephoneNumber,trm,dateActivated,positionEffectiveDate,legalPrefix,legalSuffix,preferredFirstName,preferredLastName,preferredPrefix,preferredSuffix,hrPartner,hireDate,leaveOfAbsence,executiveDirector,jobFamily,ssn,homePostalCode,companyId,workerTypeDescriptor,glPayType,location,futureUser;


              IF done THEN
              LEAVE process_loop;
              END IF;

              IF IFNULL(currentWorkerID, '') <> IFNULL(workerID, '') THEN
                  SET currentWorkerID := workerID;

                  IF futureUser = "true" THEN
                      SET active := "false";
                      SET leaveOfAbsence := "false";
                  END IF;

                  INSERT INTO manageduser_correlated VALUES(objectid,rev,uid,country,middleName,postalCode,addressLastModified,employee,email,address,postalAddress,legalName,workerType,userID,city,state,workerID,managerID,firstName,hrbu,title,lastName,active,fax,mobile,telephoneNumber,trm,dateActivated,positionEffectiveDate,legalPrefix,legalSuffix,preferredFirstName,preferredLastName,preferredPrefix,preferredSuffix,hrPartner,futureUser,leaveOfAbsence,executiveDirector,jobFamily,ssn,homePostalCode,companyId,workerTypeDescriptor,glPayType,location);
              END IF;

              END LOOP;
              CLOSE users;
              COMMIT;
              SELECT true AS result;

            END $
        ]]></sql>
    </changeSet>

    <changeSet id="GIA-8007-III-locations-support-1" author="ekf4p1t" context="o365">
        <addColumn tableName="okta_create_blacklist" schemaName="${primarySchema}">
            <column afterColumn="hrbu_truncated" name="location" type="VARCHAR(255)" />
        </addColumn>
        <addColumn tableName="okta_update_blacklist" schemaName="${primarySchema}">
            <column afterColumn="hrbu_truncated" name="location" type="VARCHAR(255)" />
        </addColumn>
    </changeSet>

    <changeSet id="GIA-8007-III-locations-support-2" author="ekf4p1t" context="o365">
        <dropPrimaryKey tableName="okta_create_blacklist" schemaName="${primarySchema}"/>
        <addPrimaryKey tableName="okta_create_blacklist" schemaName="${primarySchema}" columnNames="location"/>
        <rollback>
            <dropPrimaryKey tableName="okta_create_blacklist" schemaName="${primarySchema}"/>
            <addPrimaryKey tableName="okta_create_blacklist" schemaName="${primarySchema}" columnNames="hrbu_full"/>
        </rollback>
    </changeSet>

    <changeSet id="GIA-8007-III-locations-support-3" author="ekf4p1t" context="o365">
        <sql dbms="mysql" endDelimiter="$"><![CDATA[
            SET sql_mode = 'NO_ENGINE_SUBSTITUTION' $

            DROP PROCEDURE IF EXISTS `${primarySchema}`.`okta_hrbu_blacklist` $
            CREATE PROCEDURE `${primarySchema}`.`okta_hrbu_blacklist`(IN location_prefix VARCHAR(255))
                DETERMINISTIC
                SQL SECURITY INVOKER
            BEGIN
            START TRANSACTION;
                REPLACE INTO okta_create_blacklist
                (hrbu_full, rev, hrbu_truncated, location)
                (
                    SELECT UPPER(hrbu) AS hrbu_full, '0' AS rev, UPPER(SUBSTRING(hrbu, 1, 5)) AS hrbu_truncated, UPPER(location)
                    FROM manageduser_correlated WHERE UPPER(location) like concat(UPPER(location_prefix), '%')
                );
                REPLACE INTO okta_update_blacklist
                (objectid, rev, userID, workerID, email, hrbu_full,hrbu_truncated, location)
                (
                    SELECT 
                        mc.uid,
                        '0' AS rev,
                        mc.userID,
                        mc.workerID,
                        mc.email,
                        UPPER(mc.hrbu) AS hrbu_full,
                        UPPER(SUBSTRING(mc.hrbu, 1, 5)) AS hrbu_truncated,
                        UPPER(mc.location)
                    FROM manageduser_correlated mc
                    JOIN uson_user_attributes uua on (uua.sourceid=mc.objectid)
                    LEFT JOIN okta_create_blacklist ocb on (UPPER(mc.location) = ocb.location)
                    WHERE (
                        UPPER(mc.location) like concat(UPPER(location_prefix), '%')
                            OR
                        ocb.location is not null
                    )
                        AND
                    mc.workerID IS NOT NULL
                        AND
                    mc.trm <> 'true'
                );
            COMMIT;
            SELECT true AS result;
            END $
        ]]></sql>
    </changeSet>

    <changeSet id="GIA-8007-IV-openid-support-1" author="ekf4p1t" context="o365">
        <addColumn tableName="okta_create_blacklist" schemaName="${primarySchema}">
            <column afterColumn="location" name="openID" type="VARCHAR(255)" />
        </addColumn>
        <addColumn tableName="okta_update_blacklist" schemaName="${primarySchema}">
            <column afterColumn="location" name="openID" type="VARCHAR(255)" />
        </addColumn>
    </changeSet>

    <changeSet id="GIA-8007-IV-openid-support-2" author="ekf4p1t" context="o365">
        <sql dbms="mysql" endDelimiter="$"><![CDATA[
            SET sql_mode = 'NO_ENGINE_SUBSTITUTION' $

            DROP PROCEDURE IF EXISTS `${primarySchema}`.`okta_hrbu_blacklist` $
            CREATE PROCEDURE `${primarySchema}`.`okta_hrbu_blacklist`(IN location_prefix VARCHAR(255), IN new_openid VARCHAR(255))
                DETERMINISTIC
                SQL SECURITY INVOKER
            BEGIN
            START TRANSACTION;
                INSERT INTO okta_create_blacklist
                (hrbu_full, rev, hrbu_truncated, location, openID)
                (
                    SELECT
                        UPPER(muc.hrbu) AS hrbu_full,
                        '0' AS rev,
                        UPPER(SUBSTRING(muc.hrbu, 1, 5)) AS hrbu_truncated,
                        UPPER(muc.location) AS location,
                        new_openid AS openID
                    FROM manageduser_correlated muc
                        WHERE UPPER(muc.location) like concat(UPPER(location_prefix), '%')
                )
                ON DUPLICATE KEY UPDATE
                    hrbu_full = UPPER(muc.hrbu),
                    rev = '0',
                    hrbu_truncated = UPPER(SUBSTRING(muc.hrbu, 1, 5))
                ;

                INSERT INTO okta_update_blacklist
                (objectid, rev, userID, workerID, email, hrbu_full, hrbu_truncated, location, openID)
                (
                    SELECT 
                        mc.uid,
                        '0' AS rev,
                        mc.userID,
                        mc.workerID,
                        mc.email,
                        UPPER(mc.hrbu) AS hrbu_full,
                        UPPER(SUBSTRING(mc.hrbu, 1, 5)) AS hrbu_truncated,
                        UPPER(mc.location),
                        new_openid AS openID
                    FROM manageduser_correlated mc
                    /*JOIN uson_user_attributes uua on (uua.sourceid=mc.objectid)*/
                    LEFT JOIN okta_create_blacklist ocb on (UPPER(mc.location) = ocb.location)
                    WHERE (
                        UPPER(mc.location) like concat(UPPER(location_prefix), '%')
                            OR
                        ocb.location is not null
                    )
                        AND
                    mc.workerID IS NOT NULL
                        AND
                    mc.trm <> 'true'
                )
                ON DUPLICATE KEY UPDATE
                    rev = '0',
                    userID = mc.userID,
                    workerID = mc.workerID,
                    email = mc.email,
                    hrbu_full = UPPER(mc.hrbu),
                    hrbu_truncated = UPPER(SUBSTRING(mc.hrbu, 1, 5)),
                    location = UPPER(mc.location)
                ;

            COMMIT;
            SELECT true AS result;
            END $
        ]]></sql>
    </changeSet>

    <changeSet id="GIA-8007-IV-openid-support-3" author="ekf4p1t" context="o365">
        <createIndex tableName="okta_create_blacklist" schemaName="${primarySchema}" indexName="okta_create_blacklist_openID">
            <column name="openID" />
        </createIndex>
        <createIndex tableName="okta_update_blacklist" schemaName="${primarySchema}" indexName="okta_update_blacklist_openID">
            <column name="openID" />
        </createIndex>
    </changeSet>

</databaseChangeLog>
