<?xml version="1.0" encoding="UTF-8" standalone="no"?>
<databaseChangeLog
    xmlns="http://www.liquibase.org/xml/ns/dbchangelog"
    xmlns:xsi="http://www.w3.org/2001/XMLSchema-instance"
    xsi:schemaLocation="http://www.liquibase.org/xml/ns/dbchangelog http://www.liquibase.org/xml/ns/dbchangelog/dbchangelog-3.5.xsd"
>

<!--

    Initial charsets:

    CREATE SCHEMA `wd_b2e_config`;
    CREATE SCHEMA `wd_b2e_notification`;
    CREATE SCHEMA `wd_b2e_internal`;
    CREATE SCHEMA `wd_b2e_execution`;

 -->

    <property name="configurationSchema" value="wd_b2e_config" />
    <property name="notificationSchema" value="wd_b2e_notification" />
    <property name="internalSchema" value="wd_b2e_internal" />
    <property name="executionSchema" value="wd_b2e_execution" />

    <property name="booleanType" value="TINYINT(1)" />

    <property name="caseSensitiveField" value=""/>
    <property name="caseInsensitiveField" value=""/>
    <property name="joinAll" value="ON 1"/>
    <property name="sqlSecurityInvoker" value=""/>

    <property name="_IF_" value="(CASE"/>
    <property name="_EQUAL_" value="WHEN"/>
    <property name="_THEN_" value="THEN"/>
    <property name="_ELSE_" value="ELSE"/>
    <property name="_ENDIF_" value="END)"/>

    <include file="wd_b2e_v001/version.xml" relativeToChangelogFile="true" />

</databaseChangeLog>
