<?xml version="1.0" encoding="UTF-8" standalone="no"?>
<databaseChangeLog
    xmlns="http://www.liquibase.org/xml/ns/dbchangelog"
    xmlns:xsi="http://www.w3.org/2001/XMLSchema-instance"
    xsi:schemaLocation="http://www.liquibase.org/xml/ns/dbchangelog http://www.liquibase.org/xml/ns/dbchangelog/dbchangelog-3.5.xsd"
>

<!--

    Initial charsets:

    CREATE DATABASE `wd_b2e_config` DEFAULT CHARACTER SET utf8 COLLATE utf8_bin;
    CREATE DATABASE `wd_b2e_notification` DEFAULT CHARACTER SET utf8 COLLATE utf8_bin;
    CREATE DATABASE `wd_b2e_internal` DEFAULT CHARACTER SET utf8 COLLATE utf8_bin;
    CREATE DATABASE `wd_b2e_execution` DEFAULT CHARACTER SET utf8 COLLATE utf8_bin;

 -->

    <property name="configurationSchema" value="wd_b2e_config" />
    <property name="notificationSchema" value="wd_b2e_notification" />
    <property name="internalSchema" value="wd_b2e_internal" />
    <property name="executionSchema" value="wd_b2e_execution" />

    <property name="booleanType" value="TINYINT(1)" />

    <property name="caseSensitiveField" value=" COLLATE utf8_bin"/>
    <property name="caseInsensitiveField" value=" COLLATE utf8_unicode_ci"/>
    <property name="joinAll" value=""/>
    <property name="sqlSecurityInvoker" value="SQL SECURITY INVOKER"/>

    <property name="_IF_" value="if("/>
    <property name="_EQUAL_" value="="/>
    <property name="_THEN_" value=","/>
    <property name="_ELSE_" value=","/>
    <property name="_ENDIF_" value=")"/>

    <include file="wd_b2e_v001/version.xml" relativeToChangelogFile="true" />

</databaseChangeLog>
