<?xml version="1.0" encoding="UTF-8" standalone="no"?>
<databaseChangeLog xmlns="http://www.liquibase.org/xml/ns/dbchangelog" xmlns:ext="http://www.liquibase.org/xml/ns/dbchangelog-ext" xmlns:xsi="http://www.w3.org/2001/XMLSchema-instance" xsi:schemaLocation="http://www.liquibase.org/xml/ns/dbchangelog-ext http://www.liquibase.org/xml/ns/dbchangelog/dbchangelog-ext.xsd http://www.liquibase.org/xml/ns/dbchangelog http://www.liquibase.org/xml/ns/dbchangelog/dbchangelog-3.5.xsd">

    <changeSet author="eyudin (generated)" id="1584350182186-1">
        <createTable tableName="audit_errors_report">
            <column autoIncrement="true" name="surrogatePK" type="INT">
                <constraints primaryKey="true"/>
            </column>
            <column name="reconid" type="VARCHAR(38)"/>
            <column name="action" type="VARCHAR(255)"/>
            <column name="count" type="INT"/>
            <column name="workerID" type="VARCHAR(255)"/>
            <column name="firstName" type="VARCHAR(255)"/>
            <column name="lastName" type="VARCHAR(255)"/>
        </createTable>
    </changeSet>

    <changeSet author="eyudin (generated)" id="1584350182186-4">
        <createTable tableName="deferred_task">
            <column name="objectid" type="VARCHAR(255)">
                <constraints nullable="false"/>
            </column>
            <column name="rev" type="VARCHAR(38)">
                <constraints nullable="false"/>
            </column>
            <column name="data" type="MEDIUMTEXT">
                <constraints nullable="false"/>
            </column>
        </createTable>
    </changeSet>
    <changeSet author="eyudin (generated)" id="1584350182186-27">
        <addPrimaryKey columnNames="objectid" constraintName="PRIMARY" tableName="deferred_task"/>
    </changeSet>

    <changeSet author="eyudin (generated)" id="1584350182186-8">
        <createTable tableName="group_mapping">
            <column autoIncrement="true" name="id" type="MEDIUMINT">
                <constraints primaryKey="true"/>
            </column>
            <column name="name" type="VARCHAR(255)">
                <constraints nullable="false"/>
            </column>
            <column name="dn" type="VARCHAR(255)">
                <constraints nullable="false"/>
            </column>
            <column name="type" type="VARCHAR(255)">
                <constraints nullable="false"/>
            </column>
        </createTable>
    </changeSet>

    <changeSet author="eyudin (generated)" id="1584350182186-9">
        <createTable tableName="hrbu">
            <column name="hrbu" type="VARCHAR(38)">
                <constraints nullable="false"/>
            </column>
            <column name="ou" type="VARCHAR(255)"/>
            <column name="home_drive" type="VARCHAR(255)"/>
            <column name="home_dir" type="VARCHAR(255)"/>
            <column name="login_script" type="VARCHAR(255)"/>
            <column name="groups" type="TEXT"/>
            <column name="contractor_groups" type="TEXT"/>
            <column name="contingentworkertype_outside_worker_groups" type="TEXT"/>
            <column name="contingentworkertype_x_groups" type="TEXT"/>
            <column name="active_sync" type="BIT"/>
            <column name="city" type="BIT"/>
            <column name="mail_suffix" type="VARCHAR(255)"/>
            <column name="secondary_mail_suffix" type="VARCHAR(255)"/>
            <column name="itc_mail" type="VARCHAR(255)"/>
            <column defaultValueBoolean="true" name="enabled" type="BIT"/>
            <column defaultValue="vantage" name="manager_lookup_strategy" type="VARCHAR(255)"/>
            <column name="domain" remarks="Deprecated, not used anymore" type="VARCHAR(255)"/>
            <column name="o365" type="BIT"/>
        </createTable>
    </changeSet>
    <changeSet author="eyudin (generated)" id="1584350182186-29">
        <addPrimaryKey columnNames="hrbu" constraintName="PRIMARY" tableName="hrbu"/>
    </changeSet>

    <changeSet author="eyudin (generated)" id="1584350182186-10">
        <createTable tableName="hrbu_city_street">
            <column autoIncrement="true" name="id" type="MEDIUMINT">
                <constraints primaryKey="true"/>
            </column>
            <column name="city" type="VARCHAR(38)"/>
            <column name="street" type="VARCHAR(38)"/>
            <column name="ou" type="VARCHAR(255)"/>
            <column name="home_drive" type="VARCHAR(255)"/>
            <column name="home_dir" type="VARCHAR(255)"/>
            <column name="login_script" type="VARCHAR(255)"/>
            <column name="groups" type="TEXT"/>
            <column name="contractor_groups" type="TEXT"/>
            <column name="contingentworkertype_outside_worker_groups" type="TEXT"/>
            <column name="contingentworkertype_x_groups" type="TEXT"/>
            <column name="active_sync" type="BIT"/>
            <column name="itc_mail" type="VARCHAR(255)"/>
        </createTable>
    </changeSet>

    <changeSet author="eyudin (generated)" id="1584350182186-15">
        <createTable tableName="manageduser">
            <column name="objectid" type="VARCHAR(38)">
                <constraints nullable="false"/>
            </column>
            <column name="rev" type="VARCHAR(38)">
                <constraints nullable="false"/>
            </column>
            <column name="uid" type="VARCHAR(38)">
                <constraints nullable="false"/>
            </column>
            <column name="country" type="VARCHAR(255)"/>
            <column name="middleName" type="VARCHAR(255)"/>
            <column name="postalCode" type="VARCHAR(255)"/>
            <column name="addressLastModified" type="VARCHAR(255)"/>
            <column name="employee" type="VARCHAR(255)"/>
            <column name="email" type="VARCHAR(255)"/>
            <column name="address" type="VARCHAR(255)"/>
            <column name="postalAddress" type="VARCHAR(255)"/>
            <column name="legalName" type="VARCHAR(255)"/>
            <column name="workerType" type="VARCHAR(255)"/>
            <column name="userID" type="VARCHAR(255)"/>
            <column name="city" type="VARCHAR(255)"/>
            <column name="state" type="VARCHAR(255)"/>
            <column name="workerID" type="VARCHAR(255)"/>
            <column name="managerID" type="VARCHAR(255)"/>
            <column name="firstName" type="VARCHAR(255)"/>
            <column name="hrbu" type="VARCHAR(255)"/>
            <column name="title" type="VARCHAR(255)"/>
            <column name="lastName" type="VARCHAR(255)"/>
            <column name="active" type="VARCHAR(255)"/>
            <column name="fax" type="VARCHAR(255)"/>
            <column name="mobile" type="VARCHAR(255)"/>
            <column name="telephoneNumber" type="VARCHAR(255)"/>
            <column name="trm" type="VARCHAR(255)"/>
            <column name="dateActivated" type="VARCHAR(255)"/>
            <column name="positionEffectiveDate" type="VARCHAR(255)"/>
            <column name="legalPrefix" type="VARCHAR(255)"/>
            <column name="legalSuffix" type="VARCHAR(255)"/>
            <column name="preferredFirstName" type="VARCHAR(255)"/>
            <column name="preferredLastName" type="VARCHAR(255)"/>
            <column name="preferredPrefix" type="VARCHAR(255)"/>
            <column name="preferredSuffix" type="VARCHAR(255)"/>
            <column name="hrPartner" type="VARCHAR(255)"/>
            <column name="hireDate" type="VARCHAR(255)"/>
            <column defaultValue="false" name="leaveOfAbsence" type="VARCHAR(5)"/>
            <column name="executiveDirector" type="VARCHAR(255)"/>
            <column name="jobFamily" type="VARCHAR(255)"/>
            <column name="ssn" type="VARCHAR(255)"/>
            <column name="homePostalCode" type="VARCHAR(255)"/>
            <column name="companyId" type="VARCHAR(38)"/>
            <column name="workerTypeDescriptor" type="VARCHAR(255)"/>
            <column name="glPayType" type="VARCHAR(5)"/>
        </createTable>
    </changeSet>
    <changeSet author="eyudin (generated)" id="1584350182186-32">
        <addPrimaryKey columnNames="objectid" constraintName="PRIMARY" tableName="manageduser"/>
    </changeSet>
    <changeSet author="eyudin (generated)" id="1584350182186-59">
        <createIndex indexName="worker_id_idx" tableName="manageduser">
            <column name="workerID"/>
        </createIndex>
    </changeSet>

    <changeSet author="eyudin (generated)" id="1584350182186-16">
        <createTable tableName="manageduser_correlated">
            <column name="objectid" type="VARCHAR(38)">
                <constraints nullable="false"/>
            </column>
            <column name="rev" type="VARCHAR(38)">
                <constraints nullable="false"/>
            </column>
            <column name="uid" type="VARCHAR(38)">
                <constraints nullable="false"/>
            </column>
            <column name="country" type="VARCHAR(255)"/>
            <column name="middleName" type="VARCHAR(255)"/>
            <column name="postalCode" type="VARCHAR(255)"/>
            <column name="addressLastModified" type="VARCHAR(255)"/>
            <column name="employee" type="VARCHAR(255)"/>
            <column name="email" type="VARCHAR(255)"/>
            <column name="address" type="VARCHAR(255)"/>
            <column name="postalAddress" type="VARCHAR(255)"/>
            <column name="legalName" type="VARCHAR(255)"/>
            <column name="workerType" type="VARCHAR(255)"/>
            <column name="userID" type="VARCHAR(255)"/>
            <column name="city" type="VARCHAR(255)"/>
            <column name="state" type="VARCHAR(255)"/>
            <column name="workerID" type="VARCHAR(255)"/>
            <column name="managerID" type="VARCHAR(255)"/>
            <column name="firstName" type="VARCHAR(255)"/>
            <column name="hrbu" type="VARCHAR(255)"/>
            <column name="title" type="VARCHAR(255)"/>
            <column name="lastName" type="VARCHAR(255)"/>
            <column name="active" type="VARCHAR(255)"/>
            <column name="fax" type="VARCHAR(255)"/>
            <column name="mobile" type="VARCHAR(255)"/>
            <column name="telephoneNumber" type="VARCHAR(255)"/>
            <column name="trm" type="VARCHAR(255)"/>
            <column name="dateActivated" type="VARCHAR(255)"/>
            <column name="positionEffectiveDate" type="VARCHAR(255)"/>
            <column name="legalPrefix" type="VARCHAR(255)"/>
            <column name="legalSuffix" type="VARCHAR(255)"/>
            <column name="preferredFirstName" type="VARCHAR(255)"/>
            <column name="preferredLastName" type="VARCHAR(255)"/>
            <column name="preferredPrefix" type="VARCHAR(255)"/>
            <column name="preferredSuffix" type="VARCHAR(255)"/>
            <column name="hrPartner" type="VARCHAR(255)"/>
            <column name="futureUser" type="VARCHAR(5)"/>
            <column defaultValue="false" name="leaveOfAbsence" type="VARCHAR(5)"/>
            <column name="executiveDirector" type="VARCHAR(255)"/>
            <column name="jobFamily" type="VARCHAR(255)"/>
            <column name="ssn" type="VARCHAR(255)"/>
            <column name="homePostalCode" type="VARCHAR(255)"/>
            <column name="companyId" type="VARCHAR(38)"/>
            <column name="workerTypeDescriptor" type="VARCHAR(255)"/>
            <column name="glPayType" type="VARCHAR(5)"/>
        </createTable>
    </changeSet>
    <changeSet author="eyudin (generated)" id="1584350182186-33">
        <addPrimaryKey columnNames="objectid" constraintName="PRIMARY" tableName="manageduser_correlated"/>
    </changeSet>

    <changeSet author="eyudin (generated)" id="1584350182186-17">
        <createTable tableName="manageduser_future">
            <column name="objectid" type="VARCHAR(38)">
                <constraints nullable="false"/>
            </column>
            <column name="rev" type="VARCHAR(38)">
                <constraints nullable="false"/>
            </column>
            <column name="uid" type="VARCHAR(38)">
                <constraints nullable="false"/>
            </column>
            <column name="country" type="VARCHAR(255)"/>
            <column name="middleName" type="VARCHAR(255)"/>
            <column name="postalCode" type="VARCHAR(255)"/>
            <column name="addressLastModified" type="VARCHAR(255)"/>
            <column name="employee" type="VARCHAR(255)"/>
            <column name="email" type="VARCHAR(255)"/>
            <column name="address" type="VARCHAR(255)"/>
            <column name="postalAddress" type="VARCHAR(255)"/>
            <column name="legalName" type="VARCHAR(255)"/>
            <column name="workerType" type="VARCHAR(255)"/>
            <column name="userID" type="VARCHAR(255)"/>
            <column name="city" type="VARCHAR(255)"/>
            <column name="state" type="VARCHAR(255)"/>
            <column name="workerID" type="VARCHAR(255)"/>
            <column name="managerID" type="VARCHAR(255)"/>
            <column name="firstName" type="VARCHAR(255)"/>
            <column name="hrbu" type="VARCHAR(255)"/>
            <column name="title" type="VARCHAR(255)"/>
            <column name="lastName" type="VARCHAR(255)"/>
            <column name="active" type="VARCHAR(255)"/>
            <column name="fax" type="VARCHAR(255)"/>
            <column name="mobile" type="VARCHAR(255)"/>
            <column name="telephoneNumber" type="VARCHAR(255)"/>
            <column name="trm" type="VARCHAR(255)"/>
            <column name="dateActivated" type="VARCHAR(255)"/>
            <column name="positionEffectiveDate" type="VARCHAR(255)"/>
            <column name="legalPrefix" type="VARCHAR(255)"/>
            <column name="legalSuffix" type="VARCHAR(255)"/>
            <column name="preferredFirstName" type="VARCHAR(255)"/>
            <column name="preferredLastName" type="VARCHAR(255)"/>
            <column name="preferredPrefix" type="VARCHAR(255)"/>
            <column name="preferredSuffix" type="VARCHAR(255)"/>
            <column name="hrPartner" type="VARCHAR(255)"/>
            <column name="hireDate" type="VARCHAR(255)"/>
            <column defaultValue="false" name="leaveOfAbsence" type="VARCHAR(5)"/>
            <column name="executiveDirector" type="VARCHAR(255)"/>
            <column name="jobFamily" type="VARCHAR(255)"/>
            <column name="ssn" type="VARCHAR(255)"/>
            <column name="homePostalCode" type="VARCHAR(255)"/>
            <column name="companyId" type="VARCHAR(38)"/>
            <column name="workerTypeDescriptor" type="VARCHAR(255)"/>
            <column name="glPayType" type="VARCHAR(5)"/>
        </createTable>
    </changeSet>
    <changeSet author="eyudin (generated)" id="1584350182186-34">
        <addPrimaryKey columnNames="objectid" constraintName="PRIMARY" tableName="manageduser_future"/>
    </changeSet>
    <changeSet author="eyudin (generated)" id="1584350182186-60">
        <createIndex indexName="worker_id_idx" tableName="manageduser_future">
            <column name="workerID"/>
        </createIndex>
    </changeSet>

    <changeSet author="eyudin (generated)" id="1584350182186-19">
        <createTable tableName="prevent_loa_job_codes">
            <column autoIncrement="true" name="objectid" type="INT">
                <constraints primaryKey="true"/>
            </column>
            <column name="code" type="VARCHAR(255)">
                <constraints nullable="false"/>
            </column>
            <column name="description" type="VARCHAR(255)">
                <constraints nullable="false"/>
            </column>
        </createTable>
    </changeSet>

    <changeSet author="eyudin (generated)" id="1584350182186-25">
        <createTable tableName="uson_user_attributes">
            <column name="objectid" type="VARCHAR(255)">
                <constraints nullable="false"/>
            </column>
            <column name="rev" type="VARCHAR(38)">
                <constraints nullable="false"/>
            </column>
            <column name="ismanagerlinked" type="VARCHAR(5)">
                <constraints nullable="false"/>
            </column>
            <column name="ispasswordset" type="VARCHAR(5)">
                <constraints nullable="false"/>
            </column>
            <column name="active" type="VARCHAR(5)">
                <constraints nullable="false"/>
            </column>
            <column name="hrbu" type="VARCHAR(255)">
                <constraints nullable="false"/>
            </column>
            <column name="employee" type="VARCHAR(5)">
                <constraints nullable="false"/>
            </column>
            <column name="sourceid" type="VARCHAR(38)">
                <constraints nullable="false"/>
            </column>
            <column name="namedata" type="MEDIUMTEXT">
                <constraints nullable="false"/>
            </column>
            <column defaultValue="false" name="leaveOfAbsence" type="VARCHAR(5)"/>
            <column name="currentCity" type="VARCHAR(255)"/>
            <column name="currentAddress" type="VARCHAR(255)"/>
            <column name="companyId" type="VARCHAR(38)"/>
            <column name="accountExpiredNotificationTimestamp" type="VARCHAR(19)"/>
            <column name="workerTypeDescriptor" type="VARCHAR(255)"/>
        </createTable>
    </changeSet>
    <changeSet author="eyudin (generated)" id="1584350182186-36">
        <addPrimaryKey columnNames="objectid" constraintName="PRIMARY" tableName="uson_user_attributes"/>
    </changeSet>

    <changeSet author="eyudin (generated)" id="1584350182186-69">
        <createView fullDefinition="false" viewName="audit_async_recon">select `workday_preview_tenant_audit`.`audit_async_recon`.`id` AS `id`,`workday_preview_tenant_audit`.`audit_async_recon`.`objectid` AS `objectid`,`workday_preview_tenant_audit`.`audit_async_recon`.`eventdate` AS `eventdate`,`workday_preview_tenant_audit`.`audit_async_recon`.`reconid` AS `reconid`,`workday_preview_tenant_audit`.`audit_async_recon`.`mapping` AS `mapping`,`workday_preview_tenant_audit`.`audit_async_recon`.`sourceid` AS `sourceid`,`workday_preview_tenant_audit`.`audit_async_recon`.`action` AS `action`,`workday_preview_tenant_audit`.`audit_async_recon`.`situation` AS `situation`,`workday_preview_tenant_audit`.`audit_async_recon`.`status` AS `status`,`workday_preview_tenant_audit`.`audit_async_recon`.`message` AS `message`,`workday_preview_tenant_audit`.`audit_async_recon`.`target` AS `target` from `workday_preview_tenant_audit`.`audit_async_recon`</createView>
    </changeSet>

    <changeSet author="eyudin (generated)" id="1584350182186-73">
        <createView fullDefinition="false" viewName="hrbu_view">select `h`.`hrbu` AS `hrbu`,`hcs`.`city` AS `city`,`hcs`.`street` AS `street`,(case when `h`.`city` then `hcs`.`ou` else `h`.`ou` end) AS `ou`,(case when `h`.`city` then `hcs`.`home_drive` else `h`.`home_drive` end) AS `home_drive`,(case when `h`.`city` then `hcs`.`home_dir` else `h`.`home_dir` end) AS `home_dir`,(case when `h`.`city` then `hcs`.`login_script` else `h`.`login_script` end) AS `login_script`,(case when `h`.`city` then `hcs`.`groups` else `h`.`groups` end) AS `groups`,(case when `h`.`city` then `hcs`.`contractor_groups` else `h`.`contractor_groups` end) AS `contractor_groups`,(case when `h`.`city` then `hcs`.`contingentworkertype_outside_worker_groups` else `h`.`contingentworkertype_outside_worker_groups` end) AS `contingentworkertype_outside_worker_groups`,(case when `h`.`city` then `hcs`.`contingentworkertype_x_groups` else `h`.`contingentworkertype_x_groups` end) AS `contingentworkertype_x_groups`,(case when `h`.`city` then `hcs`.`active_sync` else `h`.`active_sync` end) AS `active_sync`,(case when (`h`.`city` and isnull(`hcs`.`city`)) then 'true' else 'false' end) AS `notify_manager`,`h`.`mail_suffix` AS `mail_suffix`,`h`.`secondary_mail_suffix` AS `secondary_mail_suffix`,(case when `h`.`city` then `hcs`.`itc_mail` else `h`.`itc_mail` end) AS `itc_mail`,`h`.`enabled` AS `enabled`,`h`.`manager_lookup_strategy` AS `manager_lookup_strategy`,`h`.`domain` AS `domain`,`h`.`o365` AS `o365` from (`workday_preview_tenant_repo`.`hrbu` `h` left join `workday_preview_tenant_repo`.`hrbu_city_street` `hcs` on((`h`.`city` = 1)))</createView>
    </changeSet>

    <changeSet author="eyudin (generated)" id="1584350182186-74">
        <createView fullDefinition="false" viewName="sync_report">select `aar`.`id` AS `id`,`aar`.`objectid` AS `objectid`,`aar`.`eventdate` AS `eventdate`,`aar`.`reconid` AS `reconid`,`aar`.`mapping` AS `mapping`,`aar`.`sourceid` AS `sourceid`,`aar`.`action` AS `action`,`aar`.`situation` AS `situation`,`aar`.`status` AS `status`,`aar`.`message` AS `message`,`aar`.`target` AS `target`,`mu`.`rev` AS `rev`,`mu`.`uid` AS `uid`,`mu`.`country` AS `country`,`mu`.`middleName` AS `middleName`,`mu`.`postalCode` AS `postalCode`,`mu`.`addressLastModified` AS `addressLastModified`,`mu`.`employee` AS `employee`,`mu`.`email` AS `email`,`mu`.`address` AS `address`,`mu`.`postalAddress` AS `postalAddress`,`mu`.`workerType` AS `workerType`,`mu`.`userID` AS `userID`,`mu`.`city` AS `city`,`mu`.`state` AS `state`,`mu`.`workerID` AS `workerID`,`mu`.`managerID` AS `managerID`,`mu`.`hrbu` AS `hrbu`,`mu`.`title` AS `title`,`mu`.`legalPrefix` AS `legalPrefix`,`mu`.`firstName` AS `firstName`,`mu`.`lastName` AS `lastName`,`mu`.`legalSuffix` AS `legalSuffix`,`mu`.`legalName` AS `legalName`,`mu`.`preferredPrefix` AS `preferredPrefix`,`mu`.`preferredFirstName` AS `preferredFirstName`,`mu`.`preferredLastName` AS `preferredLastName`,`mu`.`preferredSuffix` AS `preferredSuffix`,`mu`.`active` AS `active`,`mu`.`fax` AS `fax`,`mu`.`mobile` AS `mobile`,`mu`.`telephoneNumber` AS `telephoneNumber`,`mu`.`trm` AS `trm`,`mu`.`hrPartner` AS `hrPartner`,`mu`.`leaveOfAbsence` AS `leaveOfAbsence`,`mu`.`executiveDirector` AS `executiveDirector`,`mu`.`companyId` AS `companyId`,`mu`.`workerTypeDescriptor` AS `workerTypeDescriptor`,`mu`.`glPayType` AS `glPayType`,`mu`.`futureUser` AS `futureUser` from (`workday_preview_tenant_repo`.`audit_async_recon` `aar` left join `workday_preview_tenant_repo`.`manageduser_correlated` `mu` on((`aar`.`sourceid` = `mu`.`objectid`)))</createView>
    </changeSet>

</databaseChangeLog>
