<?xml version="1.0" encoding="UTF-8" standalone="no"?>
<databaseChangeLog xmlns="http://www.liquibase.org/xml/ns/dbchangelog" xmlns:ext="http://www.liquibase.org/xml/ns/dbchangelog-ext" xmlns:xsi="http://www.w3.org/2001/XMLSchema-instance" xsi:schemaLocation="http://www.liquibase.org/xml/ns/dbchangelog-ext http://www.liquibase.org/xml/ns/dbchangelog/dbchangelog-ext.xsd http://www.liquibase.org/xml/ns/dbchangelog http://www.liquibase.org/xml/ns/dbchangelog/dbchangelog-3.5.xsd">
    <changeSet author="eyudin (generated)" id="1584350323528-1">
        <createTable tableName="audit_async_recon">
            <column autoIncrement="true" name="id" type="BIGINT">
                <constraints primaryKey="true"/>
            </column>
            <column name="objectid" type="VARCHAR(38)">
                <constraints nullable="false"/>
            </column>
            <column defaultValueComputed="CURRENT_TIMESTAMP" name="eventdate" type="TIMESTAMP(19)">
                <constraints nullable="false"/>
            </column>
            <column name="reconid" type="VARCHAR(38)"/>
            <column name="mapping" type="VARCHAR(255)"/>
            <column name="sourceid" type="VARCHAR(38)"/>
            <column name="action" type="VARCHAR(255)"/>
            <column name="situation" type="VARCHAR(255)"/>
            <column name="status" type="VARCHAR(7)"/>
            <column name="message" type="TEXT"/>
            <column name="target" type="TEXT"/>
        </createTable>
    </changeSet>
    <changeSet author="eyudin (generated)" id="1584350323528-8">
        <createIndex indexName="audit_async_recon_idx" tableName="audit_async_recon">
            <column name="eventdate"/>
            <column name="reconid"/>
            <column name="sourceid"/>
        </createIndex>
    </changeSet>
    <changeSet author="eyudin (generated)" id="1584350323528-9">
        <createIndex indexName="audit_async_recon_reconid_action_sourceid" tableName="audit_async_recon">
            <column name="reconid"/>
            <column name="action"/>
            <column name="sourceid"/>
        </createIndex>
    </changeSet>
</databaseChangeLog>
