hrbu,ou,home_drive,home_dir,login_script,active_sync,city,mail_suffix,secondary_mail_suffix,itc_mail,enabled,manager_lookup_strategy,groups,contractor_groups,contingentworkertype_outside_worker_groups,contingentworkertype_x_groups
HR008,"ou=Users,ou=AZ_Arizona Oncology Associates,ou=csa,dc=uson,dc=usoncology,dc=int",l:,\\uson.usoncology.int\home\Arizona Oncology Associates\,AZ_ArizonaOncologyAssociates(CHA-TUC-TUC2).vbs,1,0,NULL,NULL,USON_ITC_AOA@usoncology.com,1,vantage,"CTX_Office10,CTX_Acrobat_Reader,CTX_FILEMGR,AZ Employees,Svr-TUC,PublicFolders_AZ_Arizona_Oncology_Associates","CTX_Office10,CTX_Acrobat_Reader,CTX_FILEMGR,AZ Employees,Svr-TUC,PublicFolders_AZ_Arizona_Oncology_Associates","CTX_Office10,CTX_Acrobat_Reader,CTX_FILEMGR,AZ Employees,Svr-TUC","CTX_Office10,CTX_Acrobat_Reader,CTX_FILEMGR,AZ Employees,Svr-TUC"
HR013,"ou=Users,ou=FL_Florida Cancer Affiliates,ou=csa,dc=uson,dc=usoncology,dc=int",l:,\\uson.usoncology.int\home\FloridaCancerAffiliates\,FL_FloridaCancerAffiliates.vbs,0,0,NULL,NULL,USON_ITC_FCA@usoncology.com,1,vantage,"CTX_Office10,CTX_Acrobat_Reader,CTX_FILEMGR,FCA Everyone,Svr-FCI,PublicFolders_FL_Florida_Cancer_Affiliates","CTX_Office10,CTX_Acrobat_Reader,CTX_FILEMGR,FCA Everyone,Svr-FCI,PublicFolders_FL_Florida_Cancer_Affiliates","CTX_Office10,CTX_Acrobat_Reader,CTX_FILEMGR,FCA Everyone,Svr-FCI","CTX_Office10,CTX_Acrobat_Reader,CTX_FILEMGR,Svr-FCI,FCA Everyone"
HR017,"ou=Users,ou=San Antonio,ou=TX_TXO,ou=csa,dc=uson,dc=usoncology,dc=int",l:,\\uson.usoncology.int\home\TexasOncology\SanAntonio\,TXO-SanAntonio.vbs,0,0,NULL,NULL,USON_ITC_CCCST@usoncology.com,1,vantage,"CTX_Office10,TXO All Employees,CTX_IKM_TOPACTR_EMR,CTX_IKM_TOPAGCR_EMR,CTX_IKM_TOPANTR_EMR,CTX_IKM_TOPAWTR_EMR,CTX_IKM_TXOWTRM_EMR,CTX_IKM_CCCSTH_EMR,CTX_IKM_CCCSTS_EMR,Svr-SAO,PublicFolders_TX_TXO","CTX_Office10,TXO All Contractors,CTX_IKM_TOPACTR_EMR,CTX_IKM_TOPAGCR_EMR,CTX_IKM_TOPANTR_EMR,CTX_IKM_TOPAWTR_EMR,CTX_IKM_TXOWTRM_EMR,CTX_IKM_CCCSTH_EMR,CTX_IKM_CCCSTS_EMR,Svr-SAO,PublicFolders_TX_TXO","CTX_Office10,TXO All Contractors,CTX_IKM_TOPACTR_EMR,CTX_IKM_TOPAGCR_EMR,CTX_IKM_TOPANTR_EMR,CTX_IKM_TOPAWTR_EMR,CTX_IKM_TXOWTRM_EMR,CTX_IKM_CCCSTH_EMR,CTX_IKM_CCCSTS_EMR,Svr-SAO","CTX_Office10,Svr-SAO,TXO All Employees,CTX_IKM_TOPACTR_EMR,CTX_IKM_TOPAGCR_EMR,CTX_IKM_TOPANTR_EMR,CTX_IKM_TOPAWTR_EMR,CTX_IKM_TXOWTRM_EMR,CTX_IKM_CCCSTH_EMR,CTX_IKM_CCCSTS_EMR"
HR022,"ou=Users,ou=FL_Florida Cancer Affiliates,ou=csa,dc=uson,dc=usoncology,dc=int",l:,\\uson.usoncology.int\home\FloridaCancerAffiliates\,FL_FloridaCancerAffiliates.vbs,0,0,NULL,NULL,USON_ITC_FCA@usoncology.com,1,vantage,"CTX_Office10,CTX_Acrobat_Reader,CTX_FILEMGR,FCA Everyone,Svr-FCI,PublicFolders_FL_Florida_Cancer_Affiliates","CTX_Office10,CTX_Acrobat_Reader,CTX_FILEMGR,FCA Everyone,Svr-FCI,PublicFolders_FL_Florida_Cancer_Affiliates","CTX_Office10,CTX_Acrobat_Reader,CTX_FILEMGR,FCA Everyone,Svr-FCI","CTX_Office10,CTX_Acrobat_Reader,CTX_FILEMGR,Svr-FCI,FCA Everyone"
HR027,"ou=Users,ou=FL_Florida Cancer Affiliates,ou=csa,dc=uson,dc=usoncology,dc=int",l:,\\uson.usoncology.int\home\OcalaOncologyCenter\,FL_FloridaCancerAffiliates.vbs,0,0,NULL,NULL,USON_ITC_FCA@usoncology.com,1,vantage,"CTX_Office10,CTX_Acrobat_Reader,CTX_FILEMGR,FCA Everyone,Svr-FCI,PublicFolders_FL_Florida_Cancer_Affiliates","CTX_Office10,CTX_Acrobat_Reader,CTX_FILEMGR,FCA Everyone,Svr-FCI,PublicFolders_FL_Florida_Cancer_Affiliates","CTX_Office10,CTX_Acrobat_Reader,CTX_FILEMGR,FCA Everyone,Svr-FCI","CTX_Office10,CTX_Acrobat_Reader,CTX_FILEMGR,Svr-FCI,FCA Everyone"
HR028,"ou=Users,ou=VA_Virginia Cancer Specialists,ou=csa,dc=uson,dc=usoncology,dc=int",l:,\\uson.usoncology.int\home\VirginiaCancerSpecialists\,svr-VirginiaCancerFairfax.vbs,0,0,NULL,NULL,USON_ITC_VCS@usoncology.com,1,vantage,"CTX_Office10,CTX_Acrobat_Reader,CTX_FILEMGR,Svr-FAI,PublicFolders_VA_Virginia_Cancer_Specialists","CTX_Office10,CTX_Acrobat_Reader,CTX_FILEMGR,Svr-FAI,PublicFolders_VA_Virginia_Cancer_Specialists","CTX_Office10,CTX_Acrobat_Reader,CTX_FILEMGR,Svr-FAI","CTX_Office10,CTX_Acrobat_Reader,CTX_FILEMGR,Svr-FAI"
HR029,"ou=Users,ou=IL_IllinoisCancerSpecialists,ou=csa,dc=uson,dc=usoncology,dc=int",l:,\\uson.usoncology.int\home\Illinois Cancer Specialists\,IL_IllinoisCancerSpecialists.vbs,0,0,NULL,NULL,USON_ITC_ICS@usoncology.com,1,vantage,"CTX_Office10,CTX_Acrobat_Reader,CTX_FILEMGR,Svr-ILL,Svr-IL-CCHSC,PublicFolders_IL_IllinoisCancerSpecialists","CTX_Office10,CTX_Acrobat_Reader,CTX_FILEMGR,Svr-ILL,Svr-IL-CCHSC,PublicFolders_IL_IllinoisCancerSpecialists","CTX_Office10,CTX_Acrobat_Reader,CTX_FILEMGR,Svr-ILL,Svr-IL-CCHSC","CTX_Office10,CTX_Acrobat_Reader,CTX_FILEMGR,Svr-ILL,Svr-IL-CCHSC"
HR033,"ou=Users,ou=IL_IllinoisCancerSpecialists,ou=csa,dc=uson,dc=usoncology,dc=int",l:,\\uson.usoncology.int\home\Illinois Cancer Specialists\,IL_IllinoisCancerSpecialists.vbs,0,0,NULL,NULL,USON_ITC_ICS@usoncology.com,1,vantage,"CTX_Office10,CTX_Acrobat_Reader,CTX_FILEMGR,Svr-ILL,Svr-IL-CCHSC,PublicFolders_IL_IllinoisCancerSpecialists","CTX_Office10,CTX_Acrobat_Reader,CTX_FILEMGR,Svr-ILL,Svr-IL-CCHSC,PublicFolders_IL_IllinoisCancerSpecialists","CTX_Office10,CTX_Acrobat_Reader,CTX_FILEMGR,Svr-ILL,Svr-IL-CCHSC","CTX_Office10,CTX_Acrobat_Reader,CTX_FILEMGR,Svr-ILL,Svr-IL-CCHSC"
HR035,"ou=Users,ou=MO_Missouri Cancer Associates,ou=csa,dc=uson,dc=usoncology,dc=int",l:,\\uson.usoncology.int\home\Missouri Cancer Associates\,MO_MissouiCancerAssociates-col.vbs,0,0,NULL,NULL,USON_ITC_MCA@usoncology.com,1,vantage,"CTX_Office10,CTX_Acrobat_Reader,CTX_FILEMGR,Missouri Cancer Associate employees and physicians,Svr-COL,PublicFolders_MO_Missouri_Cancer_Associates","CTX_Office10,CTX_Acrobat_Reader,CTX_FILEMGR,Missouri Cancer Associate employees and physicians,Svr-COL,PublicFolders_MO_Missouri_Cancer_Associates","CTX_Office10,CTX_Acrobat_Reader,CTX_FILEMGR,Missouri Cancer Associate employees and physicians,Svr-COL","CTX_Office10,CTX_Acrobat_Reader,CTX_FILEMGR,Missouri Cancer Associate employees and physicians,Svr-COL"
HR037,"ou=Users,ou=MD_Maryland Oncology Hematology,ou=csa,dc=uson,dc=usoncology,dc=int",l:,\\uson.usoncology.int\home\Maryland Oncology Hematology\,svr-Maryland(MOH).vbs,0,0,NULL,NULL,USON_ITC_MDOH@usoncology.com,1,vantage,"CTX_Office10,CTX_Acrobat_Reader,CTX_FILEMGR,Svr-MAR,PublicFolders_MD_Maryland_Oncology_Hematology","CTX_Office10,CTX_Acrobat_Reader,CTX_FILEMGR,Svr-MAR,PublicFolders_MD_Maryland_Oncology_Hematology","CTX_Office10,CTX_Acrobat_Reader,CTX_FILEMGR,Svr-MAR","CTX_Office10,CTX_Acrobat_Reader,CTX_FILEMGR,Svr-MAR"
HR038,"ou=Users,ou=MN_Minnesota Oncology Hematology,ou=csa,dc=uson,dc=usoncology,dc=int",l:,\\uson.usoncology.int\home\Minnesota Oncology Hematology\,MN_MinnesotaOncology(Min).vbs,0,0,NULL,NULL,USON_ITC_MNOH@usoncology.com,1,vantage,"CTX_Acrobat_Reader,CTX_FILEMGR,Svr-MIN,PublicFolders_MN_Minnesota_Oncology_Hematology,PST_Restrict,Office365-E3,Office 365 - Users who Home Drive has been migrated to one drive,CTX_Office365","CTX_Acrobat_Reader,CTX_FILEMGR,Svr-MIN,PublicFolders_MN_Minnesota_Oncology_Hematology,PST_Restrict,Office365-E3,Office 365 - Users who Home Drive has been migrated to one drive,CTX_Office365","CTX_Acrobat_Reader,CTX_FILEMGR,Svr-MIN,PST_Restrict,Office365-E3,Office 365 - Users who Home Drive has been migrated to one drive,CTX_Office365","CTX_Acrobat_Reader,CTX_FILEMGR,Svr-MIN,PST_Restrict,Office365-E3,Office 365 - Users who Home Drive has been migrated to one drive,CTX_Office365"
HR041,"ou=Users,ou=NC_Cancer Centers of North Carolina,ou=csa,dc=uson,dc=usoncology,dc=int",l:,\\uson.usoncology.int\home\Cancer Centers of North Carolina\,NC_CancerCentersofNorthCarolina-ral.vbs,0,0,NULL,NULL,USON_ITC_CCNC@usoncology.com,1,vantage,"CTX_Office10,CTX_Acrobat_Reader,CTX_FILEMGR,Svr-RAL,PublicFolders_NC_Cancer_Centers_of_North_Carolina","CTX_Office10,CTX_Acrobat_Reader,CTX_FILEMGR,Svr-RAL,PublicFolders_NC_Cancer_Centers_of_North_Carolina","CTX_Office10,CTX_Acrobat_Reader,CTX_FILEMGR,Svr-RAL","CTX_Office10,CTX_Acrobat_Reader,CTX_FILEMGR,Svr-RAL"
HR042,"ou=Users,ou=OR_Northwest Cancer Specialists (Portland),ou=csa,dc=uson,dc=usoncology,dc=int",l:,\\uson.usoncology.int\home\Northwest Cancer Specialists\,OR_NorthwestCancerSpecialists(por).vbs,0,0,compassoncology.com,NULL,USON_ITC_CO@usoncology.com,1,vantage,"CTX_Office10,CTX_Acrobat_Reader,CTX_FILEMGR,OR All Portland & Vancouver,CTX_OCM_EDUCATION,CTX_ALLOW,Svr-POR,PublicFolders_OR_Northwest_Cancer_Specialists_Portland","CTX_Office10,CTX_Acrobat_Reader,CTX_FILEMGR,OR All Portland & Vancouver,CTX_OCM_EDUCATION,CTX_ALLOW,Svr-POR,PublicFolders_OR_Northwest_Cancer_Specialists_Portland","CTX_Office10,CTX_Acrobat_Reader,CTX_FILEMGR,OR All Portland & Vancouver,CTX_OCM_EDUCATION,CTX_ALLOW,Svr-POR","CTX_Office10,CTX_Acrobat_Reader,CTX_FILEMGR,Svr-POR,OR All Portland & Vancouver,CTX_OCM_EDUCATION,CTX_ALLOW"
HR045,"ou=Users,ou=IL_IllinoisCancerSpecialists,ou=csa,dc=uson,dc=usoncology,dc=int",l:,\\uson.usoncology.int\home\Illinois Cancer Specialists\,IL_IllinoisCancerSpecialists.vbs,0,0,NULL,NULL,USON_ITC_ICS@usoncology.com,1,vantage,"CTX_Office10,CTX_Acrobat_Reader,CTX_FILEMGR,Svr-ILL,Svr-IL-CCHSC,PublicFolders_IL_IllinoisCancerSpecialists","CTX_Office10,CTX_Acrobat_Reader,CTX_FILEMGR,Svr-ILL,Svr-IL-CCHSC,PublicFolders_IL_IllinoisCancerSpecialists","CTX_Office10,CTX_Acrobat_Reader,CTX_FILEMGR,Svr-ILL,Svr-IL-CCHSC","CTX_Office10,CTX_Acrobat_Reader,CTX_FILEMGR,Svr-ILL,Svr-IL-CCHSC"
HR047,"ou=Users,ou=NY_New York Oncology Hematology,ou=csa,dc=uson,dc=usoncology,dc=int",l:,\\uson.usoncology.int\home\New York Oncology Hematology\,NY_NewYorkOncologyHematology(cpk).vbs,0,0,NULL,NULL,USON_ITC_NYOH@usoncology.com,1,vantage,"CTX_Acrobat_Reader,CTX_FILEMGR,Svr-CPK,PublicFolders_NY_New_York_Oncology_Hematology,PST_Restrict,Office365-E3,Office 365 - Users who Home Drive has been migrated to one drive,CTX_Office365","CTX_Acrobat_Reader,CTX_FILEMGR,Svr-CPK,PublicFolders_NY_New_York_Oncology_Hematology,PST_Restrict,Office365-E3,Office 365 - Users who Home Drive has been migrated to one drive,CTX_Office365","CTX_Acrobat_Reader,CTX_FILEMGR,Svr-CPK,PST_Restrict,Office365-E3,Office 365 - Users who Home Drive has been migrated to one drive,CTX_Office365","CTX_Acrobat_Reader,CTX_FILEMGR,Svr-CPK,PST_Restrict,Office365-E3,Office 365 - Users who Home Drive has been migrated to one drive,CTX_Office365"
HR049,"ou=Users,ou=OR_Oncology Associates of Oregon (Eugene),ou=csa,dc=uson,dc=usoncology,dc=int",l:,\\uson.usoncology.int\home\Oncology Associates of Oregon\,OR_OncologyAssociatesofOregon(eug).vbs,0,0,NULL,NULL,USON_ITC_WVCI@usoncology.com,1,vantage,"Willamette Valley Cancer Institute,Svr-EUG,PublicFolders_OR_Oncology_Associates_of_Oregon_Eugene","Willamette Valley Cancer Institute,Svr-EUG,PublicFolders_OR_Oncology_Associates_of_Oregon_Eugene","Willamette Valley Cancer Institute,Svr-EUG","Svr-EUG,Willamette Valley Cancer Institute"
HR053,"ou=Users,ou=VA_Blue Ridge Cancer Centers,ou=csa,dc=uson,dc=usoncology,dc=int",l:,\\uson.usoncology.int\home\BlueRidgeCancerCenters\,Va_blueridgeCancerCenters-roa.vbs,0,0,NULL,NULL,USON_ITC_BRCC@usoncology.com,1,vantage,"CTX_Office10,CTX_Acrobat_Reader,CTX_FILEMGR,Svr-ROA,PublicFolders_VA_Blue_Ridge_Cancer_Centers","CTX_Office10,CTX_Acrobat_Reader,CTX_FILEMGR,Svr-ROA,PublicFolders_VA_Blue_Ridge_Cancer_Centers","CTX_Office10,CTX_Acrobat_Reader,CTX_FILEMGR,Svr-ROA","CTX_Office10,CTX_Acrobat_Reader,CTX_FILEMGR,Svr-ROA"
HR057,"ou=Users,ou=NC_Cancer Centers of North Carolina,ou=csa,dc=uson,dc=usoncology,dc=int",l:,\\uson.usoncology.int\home\Cancer Centers of North Carolina\,NC_CancerCentersofNorthCarolina-ral.vbs,0,0,NULL,NULL,USON_ITC_CCNC@usoncology.com,1,vantage,"CTX_Office10,CTX_Acrobat_Reader,CTX_FILEMGR,Svr-RAL,PublicFolders_NC_Cancer_Centers_of_North_Carolina","CTX_Office10,CTX_Acrobat_Reader,CTX_FILEMGR,Svr-RAL,PublicFolders_NC_Cancer_Centers_of_North_Carolina","CTX_Office10,CTX_Acrobat_Reader,CTX_FILEMGR,Svr-RAL","CTX_Office10,CTX_Acrobat_Reader,CTX_FILEMGR,Svr-RAL"
HR058,"ou=Users,ou=CO_Rocky Mountain Cancer Centers,ou=csa,dc=uson,dc=usoncology,dc=int",l:,\\uson.usoncology.int\home\RockyMountainCancerCenters\,svr-RockyMountians.vbs,0,0,NULL,NULL,USON_ITC_RMCC@usoncology.com,1,vantage,"CTX_Office10,CTX_Acrobat_Reader,CTX_FILEMGR,RMCC Employees,Svr-DEN,PublicFolders_CO_Rocky_Mountain_Cancer_Centers","CTX_Office10,CTX_Acrobat_Reader,CTX_FILEMGR,RMCC Employees,Svr-DEN,PublicFolders_CO_Rocky_Mountain_Cancer_Centers","CTX_Office10,CTX_Acrobat_Reader,CTX_FILEMGR,RMCC Employees,Svr-DEN","CTX_Office10,CTX_Acrobat_Reader,CTX_FILEMGR,Svr-DEN,RMCC Employees"
HR061,"ou=Users,ou=NV_Comprehensive Cancer Centers of Nevada,ou=csa,dc=uson,dc=usoncology,dc=int",l:,\\uson.usoncology.int\home\Comprehensive Cancer Centers of Nevada\,NV-ComprehensiveCancerCentersofNevada-LVS.vbs,0,0,NULL,NULL,USON_ITC_CCCN@usoncology.com,1,vantage,"CTX_Office10,CTX_Acrobat_Reader,CTX_FILEMGR,Svr-LVS,PublicFolders_NV_Comprehensive_Cancer_Centers_of_Nevada","CTX_Office10,CTX_Acrobat_Reader,CTX_FILEMGR,Svr-LVS,PublicFolders_NV_Comprehensive_Cancer_Centers_of_Nevada","CTX_Office10,CTX_Acrobat_Reader,CTX_FILEMGR,Svr-LVS","CTX_Office10,CTX_Acrobat_Reader,CTX_FILEMGR,Svr-LVS"
HR063,"ou=Users,ou=FL_South Florida Oncology and Hematology Consultants,ou=csa,dc=uson,dc=usoncology,dc=int",l:,\\uson.usoncology.int\home\SouthFloridaOncology\,FL_SouthFloridaOncologyandHematologyConsultants(sfl).vbs,0,0,NULL,NULL,USON_ITC_SFOHC@usoncology.com,1,vantage,"CTX_Office10,CTX_Acrobat_Reader,CTX_FILEMGR,Svr-SFL,PublicFolders_FL_South_Florida_Oncology_and_Hematology_Consultan","CTX_Office10,CTX_Acrobat_Reader,CTX_FILEMGR,Svr-SFL,PublicFolders_FL_South_Florida_Oncology_and_Hematology_Consultan","CTX_Office10,CTX_Acrobat_Reader,CTX_FILEMGR,Svr-SFL","CTX_Office10,CTX_Acrobat_Reader,CTX_FILEMGR,Svr-SFL"
HR064,NULL,NULL,NULL,NULL,NULL,1,NULL,NULL,NULL,1,vantage,NULL,NULL,NULL,NULL
HR066,"ou=Users,ou=VA_Virginia Oncology Associates,ou=csa,dc=uson,dc=usoncology,dc=int",l:,\\uson.usoncology.int\home\VirginiaOncologyAssociates\,Svr-virginiaOncologyAssociates(nor).vbs,0,0,NULL,NULL,USON_ITC_VOA@usoncology.com,1,vantage,"CTX_Office10,CTX_Acrobat_Reader,CTX_FILEMGR,Svr-NOR,PublicFolders_VA_Virginia_Oncology_Associates","CTX_Office10,CTX_Acrobat_Reader,CTX_FILEMGR,Svr-NOR,PublicFolders_VA_Virginia_Oncology_Associates","CTX_Office10,CTX_Acrobat_Reader,CTX_FILEMGR,Svr-NOR","CTX_Office10,CTX_Acrobat_Reader,CTX_FILEMGR,Svr-NOR"
HR070,"ou=Users,ou=MO_Arch Cancer Care,ou=csa,dc=uson,dc=usoncology,dc=int",l:,\\uson.usoncology.int\home\ArchCancerCare\,MO_ArchCancerCare(acc).vbs,0,0,NULL,NULL,USON_ITC_ACC@usoncology.com,1,vantage,"CTX_Acrobat_Reader,CTX_FILEMGR,Svr-ACC,PublicFolders_MO_Arch_Cancer_Care,CTX_Office365,PST_Restrict,Office365-E3,Office 365 - Users who Home Drive has been migrated to one drive","CTX_Acrobat_Reader,CTX_FILEMGR,Svr-ACC,PublicFolders_MO_Arch_Cancer_Care,CTX_Office365,PST_Restrict,Office365-E3,Office 365 - Users who Home Drive has been migrated to one drive","CTX_Acrobat_Reader,CTX_FILEMGR,Svr-ACC,CTX_Office365,PST_Restrict,Office365-E3,Office 365 - Users who Home Drive has been migrated to one drive","CTX_Acrobat_Reader,CTX_FILEMGR,Svr-ACC,CTX_Office365,PST_Restrict,Office365-E3,Office 365 - Users who Home Drive has been migrated to one drive"
HR075,"ou=Users,ou=AR_Arkansas Oncology Associates,ou=csa,dc=uson,dc=usoncology,dc=int",l:,\\uson.usoncology.int\home\Arkansas Oncology Associates\,svr-arkansas.vbs,1,0,NULL,NULL,NULL,0,vantage,CTX_Office10,CTX_Office10,CTX_Office10,CTX_Office10
HR076,"ou=Users,ou=PA_Venango Oncology Hematology Association,ou=csa,dc=uson,dc=usoncology,dc=int",l:,\\uson.usoncology.int\home\New York Oncology Hematology\,PA_VenangoOncologyHematologyAssociation(cpk).vbs,0,0,NULL,NULL,USON_ITC_SO@usoncology.com,1,vantage,"CTX_Office10,CTX_Acrobat_Reader,CTX_FILEMGR,Svr-PAVOHA,Svr-CPK,PublicFolders_PA_Venango_Oncology_Hematology_Association","CTX_Office10,CTX_Acrobat_Reader,CTX_FILEMGR,Svr-PAVOHA,Svr-CPK,PublicFolders_PA_Venango_Oncology_Hematology_Association","CTX_Office10,CTX_Acrobat_Reader,CTX_FILEMGR,Svr-PAVOHA,Svr-CPK","CTX_Office10,CTX_Acrobat_Reader,CTX_FILEMGR,Svr-PAVOHA,Svr-CPK"
HR079,"ou=Users,ou=NC_Cancer Centers of North Carolina,ou=csa,dc=uson,dc=usoncology,dc=int",l:,\\uson.usoncology.int\home\Cancer Centers of North Carolina\,NC_CancerCentersofNorthCarolina-ral.vbs,0,0,NULL,NULL,USON_ITC_CCNC@usoncology.com,1,vantage,"CTX_Office10,CTX_Acrobat_Reader,CTX_FILEMGR,Svr-RAL,PublicFolders_NC_Cancer_Centers_of_North_Carolina","CTX_Office10,CTX_Acrobat_Reader,CTX_FILEMGR,Svr-RAL,PublicFolders_NC_Cancer_Centers_of_North_Carolina","CTX_Office10,CTX_Acrobat_Reader,CTX_FILEMGR,Svr-RAL","CTX_Office10,CTX_Acrobat_Reader,CTX_FILEMGR,Svr-RAL"
HR080,NULL,NULL,NULL,NULL,NULL,1,NULL,NULL,NULL,1,vantage,NULL,NULL,NULL,NULL
HR081,NULL,NULL,NULL,NULL,NULL,1,NULL,NULL,NULL,1,vantage,NULL,NULL,NULL,NULL
HR082,NULL,NULL,NULL,NULL,NULL,1,NULL,NULL,NULL,1,vantage,NULL,NULL,NULL,NULL
HR083,NULL,NULL,NULL,NULL,NULL,1,NULL,NULL,NULL,1,vantage,NULL,NULL,NULL,NULL
HR084,NULL,NULL,NULL,NULL,NULL,1,NULL,NULL,NULL,1,vantage,NULL,NULL,NULL,NULL
HR085,NULL,NULL,NULL,NULL,NULL,1,NULL,NULL,NULL,1,vantage,NULL,NULL,NULL,NULL
HR088,"ou=Users,ou=OH_Hope Center for Cancer Care,ou=csa,dc=uson,dc=usoncology,dc=int",l:,\\uson.usoncology.int\home\Hope Center for Cancer Care\,OH_HopeCenterforCancerCare(ohh).vbs,0,0,NULL,NULL,USON_ITC_HCCC@usoncology.com,1,vantage,"CTX_Office10,CTX_Acrobat_Reader,CTX_FILEMGR,Svr-OHH,PublicFolders_OH_Hope_Center_for_Cancer_Care","CTX_Office10,CTX_Acrobat_Reader,CTX_FILEMGR,Svr-OHH,PublicFolders_OH_Hope_Center_for_Cancer_Care","CTX_Office10,CTX_Acrobat_Reader,CTX_FILEMGR,Svr-OHH","CTX_Office10,CTX_Acrobat_Reader,CTX_FILEMGR,Svr-OHH"
HR090,"ou=Users,ou=FL_Advanced Medical Specialties,ou=csa,dc=uson,dc=usoncology,dc=int",l:,\\uson.usoncology.int\home\Advanced Medical Specialties\,FL_AdvancedMedicalSpecialties(Mia).vbs,0,0,NULL,NULL,USON_ITC_AMS@usoncology.com,1,vantage,"CTX_Office10,CTX_Acrobat_Reader,CTX_FILEMGR,Svr-WIL,PublicFolders_FL_Advanced_Medical_Specialties","CTX_Office10,CTX_Acrobat_Reader,CTX_FILEMGR,Svr-WIL,PublicFolders_FL_Advanced_Medical_Specialties","CTX_Office10,CTX_Acrobat_Reader,CTX_FILEMGR,Svr-WIL","CTX_Office10,CTX_Acrobat_Reader,CTX_FILEMGR,Svr-WIL"
HR091,"ou=Users,ou=MO_Comprehensive Cancer Care,ou=csa,dc=uson,dc=usoncology,dc=int",l:,\\uson.usoncology.int\home\ComprehensiveCancerCare\,MO_ComprehensiveCancerCare-ccc.vbs,0,0,NULL,NULL,USON_ITC_CCC@usoncology.com,1,vantage,"CTX_Office10,CTX_Acrobat_Reader,CTX_FILEMGR,Comprehensive Cancer Care,Svr-CCC,PublicFolders_MO_Comprehensive_Cancer_Care","CTX_Office10,CTX_Acrobat_Reader,CTX_FILEMGR,Comprehensive Cancer Care,Svr-CCC,PublicFolders_MO_Comprehensive_Cancer_Care","CTX_Office10,CTX_Acrobat_Reader,CTX_FILEMGR,Comprehensive Cancer Care,Svr-CCC","CTX_Office10,CTX_Acrobat_Reader,CTX_FILEMGR,Comprehensive Cancer Care,Svr-CCC"
HR092,"ou=Users,ou=CA_Wilshire Oncology Medical Group,ou=csa,dc=uson,dc=usoncology,dc=int",l:,\\uson.usoncology.int\home\Wilshire Oncology Medical Group\,CA_WilshireOncologyMedicalGroup(Wil).vbs,0,0,NULL,NULL,USON_ITC_WOMGI@usoncology.com,1,vantage,"CTX_Office10,CTX_Acrobat_Reader,CTX_FILEMGR,Wilshire All Employees,Svr-WIL","CTX_Office10,CTX_Acrobat_Reader,CTX_FILEMGR,Wilshire All Employees,Svr-WIL","CTX_Office10,CTX_Acrobat_Reader,CTX_FILEMGR,Wilshire All Employees,Svr-WIL","CTX_Office10,CTX_Acrobat_Reader,CTX_FILEMGR,Svr-WIL,Wilshire All Employees"
HR093,"ou=Users,ou=FL_Florida Cancer Affiliates,ou=csa,dc=uson,dc=usoncology,dc=int",l:,\\uson.usoncology.int\home\FloridaCancerAffiliates\,FL_FloridaCancerAffiliates.vbs,0,0,NULL,NULL,USON_ITC_FCA@usoncology.com,1,vantage,"CTX_Office10,CTX_Acrobat_Reader,CTX_FILEMGR,Svr-FCI,PublicFolders_FL_Florida_Cancer_Affiliates","CTX_Office10,CTX_Acrobat_Reader,CTX_FILEMGR,Svr-FCI,PublicFolders_FL_Florida_Cancer_Affiliates","CTX_Office10,CTX_Acrobat_Reader,CTX_FILEMGR,Svr-FCI","CTX_Office10,CTX_Acrobat_Reader,CTX_FILEMGR,Svr-FCI"
HR094,"ou=Users,ou=FL_Advanced Medical Specialties,ou=csa,dc=uson,dc=usoncology,dc=int",l:,\\uson.usoncology.int\home\Advanced Medical Specialties\,FL_AdvancedMedicalSpecialties(Mia).vbs,0,0,NULL,NULL,USON_ITC_AMS@usoncology.com,1,vantage,"CTX_Office10,CTX_Acrobat_Reader,CTX_FILEMGR,Svr-WIL,PublicFolders_FL_Advanced_Medical_Specialties","CTX_Office10,CTX_Acrobat_Reader,CTX_FILEMGR,Svr-WIL,PublicFolders_FL_Advanced_Medical_Specialties","CTX_Office10,CTX_Acrobat_Reader,CTX_FILEMGR,Svr-WIL","CTX_Office10,CTX_Acrobat_Reader,CTX_FILEMGR,Svr-WIL"
HR095,"ou=Users,ou=VA_Shenandoah Oncology,ou=csa,dc=uson,dc=usoncology,dc=int",l:,\\uson.usoncology.int\home\ShenandoahOncology\,Va_shenandoahoncology.vbs,0,0,NULL,NULL,USON_ITC_VS@usoncology.com,1,vantage,"CTX_Acrobat_Reader,CTX_FILEMGR,Svr-VA_Shenandoah,PublicFolders_VA_Shenandoah_Oncology,PST_Restrict,Office365-E3,Office 365 - Users who Home Drive has been migrated to one drive,CTX_Office365","CTX_Acrobat_Reader,CTX_FILEMGR,Svr-VA_Shenandoah,PublicFolders_VA_Shenandoah_Oncology,PST_Restrict,Office365-E3,Office 365 - Users who Home Drive has been migrated to one drive,CTX_Office365","CTX_Acrobat_Reader,CTX_FILEMGR,Svr-VA_Shenandoah,PST_Restrict,Office365-E3,Office 365 - Users who Home Drive has been migrated to one drive,CTX_Office365","CTX_Acrobat_Reader,CTX_FILEMGR,Svr-VA_Shenandoah,PST_Restrict,Office365-E3,Office 365 - Users who Home Drive has been migrated to one drive,CTX_Office365"
HR097,"ou=Users,ou=OR_Hematology Oncology Associates,ou=csa,dc=uson,dc=usoncology,dc=int",l:,\\uson.usoncology.int\home\HematologyOncologyAssociates\,OR_HematologyOncologyAssociates.vbs,0,0,hoapc.com,NULL,USON_ITC_HOA@usoncology.com,1,vantage,"CTX_Office10,CTX_Acrobat_Reader,CTX_FILEMGR,Svr-HOA,PublicFolders_OR_Hematology_Oncology_Associates","CTX_Office10,CTX_Acrobat_Reader,CTX_FILEMGR,Svr-HOA,PublicFolders_OR_Hematology_Oncology_Associates","CTX_Office10,CTX_Acrobat_Reader,CTX_FILEMGR,Svr-HOA","CTX_Office10,CTX_Acrobat_Reader,CTX_FILEMGR,Svr-HOA"
HR098,NULL,NULL,NULL,NULL,NULL,1,NULL,NULL,NULL,1,vantage,NULL,NULL,NULL,NULL
HR099,NULL,NULL,NULL,NULL,NULL,1,NULL,NULL,NULL,1,vantage,NULL,NULL,NULL,NULL
HR100,"OU=Users,OU=OK_Optim Oncology,OU=CSA,DC=uson,DC=usoncology,DC=int",l:,\\uson.usoncology.int\home\OptimOncology\,OK_OptimOncology.vbs,0,0,NULL,NULL,USON_ITC_OO@usoncology.com,1,vantage,"CTX_Acrobat_Reader,CTX_FILEMGR,CTX_ALLOW,OptimOncologyUsers,DL Optim Oncology,PublicFolders_OK_Optim_Oncology,PST_Restrict,Office365-E3,Office 365 - Users who Home Drive has been migrated to one drive,CTX_Office365","CTX_Acrobat_Reader,CTX_FILEMGR,CTX_ALLOW,OptimOncologyUsers,DL Optim Oncology,PublicFolders_OK_Optim_Oncology,PST_Restrict,Office365-E3,Office 365 - Users who Home Drive has been migrated to one drive,CTX_Office365","CTX_Acrobat_Reader,CTX_FILEMGR,CTX_ALLOW,OptimOncologyUsers,DL Optim Oncology,PST_Restrict,Office365-E3,Office 365 - Users who Home Drive has been migrated to one drive,CTX_Office365","CTX_Acrobat_Reader,CTX_FILEMGR,CTX_ALLOW,OptimOncologyUsers,DL Optim Oncology,PST_Restrict,Office365-E3,Office 365 - Users who Home Drive has been migrated to one drive,CTX_Office365"
HR101,"OU=Users,OU=OH_Oncology Hematology Care,OU=CSA,DC=uson,DC=usoncology,DC=int",l:,\\uson.usoncology.int\home\OHIOOncologyHematologyCare\,OH_OncologyHematologyCare.vbs,0,0,NULL,ohcare.com,USON_ITC_OH_OHC@USONCOLOGY.COM,1,vantage,"SVR_Ohio_OHC,CTX_Office10,CTX_Acrobat_Reader,CTX_FILEMGR,CTX_ALLOW,CTX_LearnCent,OHC All Employees,PublicFolders_OH_Oncology_Hematology_Care","SVR_Ohio_OHC,CTX_Office10,CTX_Acrobat_Reader,CTX_FILEMGR,CTX_ALLOW,CTX_LearnCent,OHC All Employees,PublicFolders_OH_Oncology_Hematology_Care","SVR_Ohio_OHC,CTX_Office10,CTX_Acrobat_Reader,CTX_FILEMGR,CTX_ALLOW,CTX_LearnCent,OHC All Employees","SVR_Ohio_OHC,CTX_Office10,CTX_Acrobat_Reader,CTX_FILEMGR,CTX_ALLOW,CTX_LearnCent,OHC All Employees"
HR102,"OU=Users,OU=VO_CBO,OU=CSA,DC=uson,DC=usoncology,DC=int",l:,\\uson.usoncology.int\home\VantageOncology\,VantageOncology.vbs,1,0,NULL,NULL,USON_ITC_VO_CBO@USONCOLOGY.COM,1,vantage,"CTX_Office10,CTX_Acrobat_Reader,CTX_FILEMGR,CTX_ALLOW,CTX_LearnCent,SVR_VOCBO,PublicFolders_VO_CBO","CTX_Office10,CTX_Acrobat_Reader,CTX_FILEMGR,CTX_ALLOW,CTX_LearnCent,SVR_VOCBO,PublicFolders_VO_CBO","CTX_Office10,CTX_Acrobat_Reader,CTX_FILEMGR,CTX_ALLOW,CTX_LearnCent,SVR_VOCBO","CTX_Office10,CTX_Acrobat_Reader,CTX_FILEMGR,CTX_ALLOW,CTX_LearnCent,SVR_VOCBO"
HR103,"OU=Users,OU=VO_Georgia,OU=CSA,DC=uson,DC=usoncology,DC=int",l:,\\uson.usoncology.int\home\VantageOncology\,VantageOncology.vbs,1,0,NULL,NULL,USON_ITC_VO_Georgia@USONCOLOGY.COM,1,vantage,"CTX_Office10,CTX_Acrobat_Reader,CTX_FILEMGR,CTX_ALLOW,CTX_LearnCent,SVR_VOGeorgia,PublicFolders_VO_Georgia","CTX_Office10,CTX_Acrobat_Reader,CTX_FILEMGR,CTX_ALLOW,CTX_LearnCent,SVR_VOGeorgia,PublicFolders_VO_Georgia","CTX_Office10,CTX_Acrobat_Reader,CTX_FILEMGR,CTX_ALLOW,CTX_LearnCent,SVR_VOGeorgia","CTX_Office10,CTX_Acrobat_Reader,CTX_FILEMGR,CTX_ALLOW,CTX_LearnCent,SVR_VOGeorgia"
HR104,"OU=Users,OU=VO_Kentuckiana,OU=CSA,DC=uson,DC=usoncology,DC=int",l:,\\uson.usoncology.int\home\VantageOncology\,VantageOncology.vbs,1,0,NULL,NULL,USON_ITC_VO_Kentuckiana@USONCOLOGY.COM,1,vantage,"CTX_Office10,CTX_Acrobat_Reader,CTX_FILEMGR,CTX_ALLOW,CTX_LearnCent,SVR_VOKentuckiana,PublicFolders_VO_Kentuckiana","CTX_Office10,CTX_Acrobat_Reader,CTX_FILEMGR,CTX_ALLOW,CTX_LearnCent,SVR_VOKentuckiana,PublicFolders_VO_Kentuckiana","CTX_Office10,CTX_Acrobat_Reader,CTX_FILEMGR,CTX_ALLOW,CTX_LearnCent,SVR_VOKentuckiana","CTX_Office10,CTX_Acrobat_Reader,CTX_FILEMGR,CTX_ALLOW,CTX_LearnCent,SVR_VOKentuckiana"
HR105,"OU=Users,OU=VO_Rhode Island,OU=CSA,DC=uson,DC=usoncology,DC=int",l:,\\uson.usoncology.int\home\VantageOncology\,VantageOncology.vbs,1,0,NULL,NULL,USON_ITC_VO_Rhodeisland@USONCOLOGY.COM,1,vantage,"CTX_Office10,CTX_Acrobat_Reader,CTX_FILEMGR,CTX_ALLOW,CTX_LearnCent,SVR_VORhodeIsland,PublicFolders_VO_Rhode_Island","CTX_Office10,CTX_Acrobat_Reader,CTX_FILEMGR,CTX_ALLOW,CTX_LearnCent,SVR_VORhodeIsland,PublicFolders_VO_Rhode_Island","CTX_Office10,CTX_Acrobat_Reader,CTX_FILEMGR,CTX_ALLOW,CTX_LearnCent,SVR_VORhodeIsland","CTX_Office10,CTX_Acrobat_Reader,CTX_FILEMGR,CTX_ALLOW,CTX_LearnCent,SVR_VORhodeIsland"
HR106,"OU=Users,OU=VO_Northeast,OU=CSA,DC=uson,DC=usoncology,DC=int",l:,\\uson.usoncology.int\home\VantageOncology\,VantageOncology.vbs,1,0,NULL,NULL,USON_ITC_VO_Northeast@USONCOLOGY.COM,1,vantage,"CTX_Office10,CTX_Acrobat_Reader,CTX_FILEMGR,CTX_ALLOW,CTX_LearnCent,SVR_VONortheast,PublicFolders_VO_Northeast","CTX_Office10,CTX_Acrobat_Reader,CTX_FILEMGR,CTX_ALLOW,CTX_LearnCent,SVR_VONortheast,PublicFolders_VO_Northeast","CTX_Office10,CTX_Acrobat_Reader,CTX_FILEMGR,CTX_ALLOW,CTX_LearnCent,SVR_VONortheast","CTX_Office10,CTX_Acrobat_Reader,CTX_FILEMGR,CTX_ALLOW,CTX_LearnCent,SVR_VONortheast"
HR107,"OU=Users,OU=VO_Southeast,OU=CSA,DC=uson,DC=usoncology,DC=int",l:,\\uson.usoncology.int\home\VantageOncology\,VantageOncology.vbs,1,0,NULL,NULL,USON_ITC_VO_Southeast@USONCOLOGY.COM,1,vantage,"CTX_Office10,CTX_Acrobat_Reader,CTX_FILEMGR,CTX_ALLOW,CTX_LearnCent,SVR_VOSoutheast,PublicFolders_VO_Southeast","CTX_Office10,CTX_Acrobat_Reader,CTX_FILEMGR,CTX_ALLOW,CTX_LearnCent,SVR_VOSoutheast,PublicFolders_VO_Southeast","CTX_Office10,CTX_Acrobat_Reader,CTX_FILEMGR,CTX_ALLOW,CTX_LearnCent,SVR_VOSoutheast","CTX_Office10,CTX_Acrobat_Reader,CTX_FILEMGR,CTX_ALLOW,CTX_LearnCent,SVR_VOSoutheast"
HR108,"OU=Users,OU=VO_Midwest,OU=CSA,DC=uson,DC=usoncology,DC=int",l:,\\uson.usoncology.int\home\VantageOncology\,VantageOncology.vbs,1,0,NULL,NULL,USON_ITC_VO_Midwest@USONCOLOGY.COM,1,vantage,"CTX_Office10,CTX_Acrobat_Reader,CTX_FILEMGR,CTX_ALLOW,CTX_LearnCent,SVR_VOMidwest,PublicFolders_VO_Midwest","CTX_Office10,CTX_Acrobat_Reader,CTX_FILEMGR,CTX_ALLOW,CTX_LearnCent,SVR_VOMidwest,PublicFolders_VO_Midwest","CTX_Office10,CTX_Acrobat_Reader,CTX_FILEMGR,CTX_ALLOW,CTX_LearnCent,SVR_VOMidwest","CTX_Office10,CTX_Acrobat_Reader,CTX_FILEMGR,CTX_ALLOW,CTX_LearnCent,SVR_VOMidwest"
HR109,"OU=Users,OU=VO_West,OU=CSA,DC=uson,DC=usoncology,DC=int",l:,\\uson.usoncology.int\home\VantageOncology\,VantageOncology.vbs,1,0,NULL,NULL,USON_ITC_VO_West@USONCOLOGY.COM,1,vantage,"CTX_Office10,CTX_Acrobat_Reader,CTX_FILEMGR,CTX_ALLOW,CTX_LearnCent,SVR_VOwest,PublicFolders_VO_West","CTX_Office10,CTX_Acrobat_Reader,CTX_FILEMGR,CTX_ALLOW,CTX_LearnCent,SVR_VOwest,PublicFolders_VO_West","CTX_Office10,CTX_Acrobat_Reader,CTX_FILEMGR,CTX_ALLOW,CTX_LearnCent,SVR_VOwest","CTX_Office10,CTX_Acrobat_Reader,CTX_FILEMGR,CTX_ALLOW,CTX_LearnCent,SVR_VOwest"
HR111,"OU=Users,OU=VO_RCOG,OU=CSA,DC=uson,DC=usoncology,DC=int",l:,\\uson.usoncology.int\home\VantageOncology\,VantageOncology.vbs,1,0,NULL,NULL,USON_ITC_VO_RCOG@USONCOLOGY.COM,1,vantage,"CTX_Office10,CTX_Acrobat_Reader,CTX_FILEMGR,CTX_ALLOW,CTX_LearnCent,SVR_VO_RCOG,PublicFolders_VO_RCOG","CTX_Office10,CTX_Acrobat_Reader,CTX_FILEMGR,CTX_ALLOW,CTX_LearnCent,SVR_VO_RCOG,PublicFolders_VO_RCOG","CTX_Office10,CTX_Acrobat_Reader,CTX_FILEMGR,CTX_ALLOW,CTX_LearnCent,SVR_VO_RCOG","CTX_Office10,CTX_Acrobat_Reader,CTX_FILEMGR,CTX_ALLOW,CTX_LearnCent,SVR_VO_RCOG"
HR112,"OU=Users,OU=AL_SouthernCancerCenter,OU=CSA,DC=uson,DC=usoncology,DC=int",l:,\\uson.usoncology.int\home\SouthernCancerCenter\,AL_SCC.vbs,1,0,southerncancercenter.com,NULL,USON_ITC_SCC@USONCOLOGY.COM,1,vantage,"CTX_Acrobat_Reader,CTX_FILEMGR,CTX_ALLOW,CTX_LearnCent,svr_ALSCC,SCC All Personnel,PublicFolders_AL_SouthernCancerCenter","CTX_Acrobat_Reader,CTX_FILEMGR,CTX_ALLOW,CTX_LearnCent,svr_ALSCC,SCC All Personnel,PublicFolders_AL_SouthernCancerCenter","CTX_Acrobat_Reader,CTX_FILEMGR,CTX_ALLOW,CTX_LearnCent,svr_ALSCC,SCC All Personnel","CTX_Acrobat_Reader,CTX_FILEMGR,CTX_ALLOW,CTX_LearnCent,svr_ALSCC,SCC All Personnel"
HR113,"OU=Users,OU=DE_Medical Oncology Hematology Consultants,OU=CSA,DC=uson,DC=usoncology,DC=int",l:,\\uson.usoncology.int\home\MedicalOncologyHematologyConsultants\,DE_MOHC.vbs,1,0,NULL,NULL,USON_ITC_FL_CCCB@USONCOLOGY.COM,1,vantage,"CTX_Acrobat_Reader,CTX_ALLOW,CTX_FILEMGR,CTX_LearnCent,CTX_Office10,SVR_MOHC,MOHC_Everyone,PublicFolders_DE_Medical_Oncology_Hematology_Consultants","CTX_Acrobat_Reader,CTX_ALLOW,CTX_FILEMGR,CTX_LearnCent,CTX_Office10,SVR_MOHC,MOHC_Everyone,PublicFolders_DE_Medical_Oncology_Hematology_Consultants","CTX_Acrobat_Reader,CTX_ALLOW,CTX_FILEMGR,CTX_LearnCent,CTX_Office10,SVR_MOHC,MOHC_Everyone","CTX_Acrobat_Reader,CTX_ALLOW,CTX_FILEMGR,CTX_LearnCent,CTX_Office10,SVR_MOHC,MOHC_Everyone"
LE001,"OU=Users,OU=FL_WoodlandsMedicalSpecialists,OU=CSA,DC=uson,DC=usoncology,DC=int",l:,\\uson.usoncology.int\home\WoodlandsMedicalSpecialists\,FL_WoodlandsMedicalSpecialists.vbs,1,0,woodlandsmed.com,woodlandscorp.net,USON_ITC_FL_WMS@USONCOLOGY.COM,1,vantage,"CTX_Office10,CTX_Acrobat_Reader,CTX_FILEMGR,CTX_ALLOW,SVR_Florida_WMS,WMS Employees,PublicFolders_FL_WoodlandsMedicalSpecialists","CTX_Office10,CTX_Acrobat_Reader,CTX_FILEMGR,CTX_ALLOW,SVR_Florida_WMS,WMS Employees,PublicFolders_FL_WoodlandsMedicalSpecialists","CTX_Office10,CTX_Acrobat_Reader,CTX_FILEMGR,CTX_ALLOW,SVR_Florida_WMS","CTX_Office10,CTX_Acrobat_Reader,CTX_FILEMGR,CTX_ALLOW,SVR_Florida_WMS"
RM001,"ou=Users,ou=VA_Arthritis Consultants of Tidewater,ou=Rheumatology,dc=uson,dc=usoncology,dc=int",l:,\\uson.usoncology.int\rheumatology\arthritis consultants of tidewater\home\,Svr-arthritisconsultantsoftidewater.vbs,0,0,arthritisconsultants.com,NULL,USON_ITC_ACCT@usoncology.com,1,vantage,"CTX_Office10,CTX_Acrobat_Reader,CTX_FILEMGR,Svr-ArthritisConsultantsofTidewater","CTX_Office10,CTX_Acrobat_Reader,CTX_FILEMGR,Svr-ArthritisConsultantsofTidewater","CTX_Office10,CTX_Acrobat_Reader,CTX_FILEMGR,Svr-ArthritisConsultantsofTidewater","CTX_Office10,CTX_Acrobat_Reader,CTX_FILEMGR,Svr-ArthritisConsultantsofTidewater"
RM002,"OU=Users,OU=CA_Arthritis Associates of Southern California,OU=Rheumatology,DC=uson,DC=usoncology,DC=int",l:,\\uson.usoncology.int\rheumatology\ArthritisAssociatesofSouthernCalifornia\Home\,AASC.vbs,0,0,arthritis-socal.com,NULL,USON_ITC_AASC@usoncology.com,1,vantage,"CTX_Office10,CTX_Acrobat_Reader,CTX_FILEMGR,CTX_ALLOW,ArthritisAssociatesofSouthernCaliforniaUsers,DL Arthritis Associates of Southern California","CTX_Office10,CTX_Acrobat_Reader,CTX_FILEMGR,CTX_ALLOW,ArthritisAssociatesofSouthernCaliforniaUsers,DL Arthritis Associates of Southern California","CTX_Office10,CTX_Acrobat_Reader,CTX_FILEMGR,CTX_ALLOW,ArthritisAssociatesofSouthernCaliforniaUsers,DL Arthritis Associates of Southern California","CTX_Office10,CTX_Acrobat_Reader,CTX_FILEMGR,CTX_ALLOW,ArthritisAssociatesofSouthernCaliforniaUsers,DL Arthritis Associates of Southern California"
RB200,"OU=Users,OU=US_Mountain West RBO,OU=CSA,DC=uson,DC=usoncology,DC=int",l:,\\uson.usoncology.int\home\MountainWestRBO\,MTNRBO.vbs,1,0,NULL,NULL,USON_ITC_MTNRBO@USONCOLOGY.COM,1,vantage,"CTX_Office10,CTX_Acrobat_Reader,CTX_FILEMGR,USON Mountain West RBO,SVR_mtnrbo,PublicFolders_US_Mountain_West_RBO","CTX_Office10,CTX_Acrobat_Reader,CTX_FILEMGR,USON Mountain West RBO,SVR_mtnrbo,PublicFolders_US_Mountain_West_RBO","CTX_Office10,CTX_Acrobat_Reader,CTX_FILEMGR,USON Mountain West RBO,SVR_mtnrbo","CTX_Office10,CTX_Acrobat_Reader,CTX_FILEMGR,USON Mountain West RBO,SVR_mtnrbo"
HR114,"OU=Users,OU=PA_Consultants of Medical Oncology and Hematology,OU=CSA,DC=uson,DC=usoncology,DC=int",NULL,NULL,PA_CMOH.vbs,1,0,NULL,NULL,USON_ITC_PA_CMOH@USONCOLOGY.COM,1,vantage,"CTX_Acrobat_Reader,CTX_ALLOW,CTX_FILEMGR,CTX_LearnCent,SVR_CMOH,Office365-E3,CTX_Office365,Office365-Users,Office 365 - Users who Home Drive has been migrated to one drive,PST_Restrict","CTX_Acrobat_Reader,CTX_ALLOW,CTX_FILEMGR,CTX_LearnCent,SVR_CMOH,Office365-E3,CTX_Office365,Office365-Users,Office 365 - Users who Home Drive has been migrated to one drive,PST_Restrict","CTX_Acrobat_Reader,CTX_ALLOW,CTX_FILEMGR,CTX_LearnCent,SVR_CMOH,Office365-E3,CTX_Office365,Office365-Users,Office 365 - Users who Home Drive has been migrated to one drive,PST_Restrict","CTX_Acrobat_Reader,CTX_ALLOW,CTX_FILEMGR,CTX_LearnCent,SVR_CMOH,Office365-E3,CTX_Office365,Office365-Users,Office 365 - Users who Home Drive has been migrated to one drive,PST_Restrict"
HR115,"OU=Users,OU=FL_Cancer Care Centers of Brevard,OU=CSA,DC=uson,DC=usoncology,DC=int",l:,\\uson.usoncology.int\Home\Cancer Care Centers of Brevard\,FL_CCCB.vbs,1,0,NULL,NULL,USON_ITC_FL_CCCB@USONCOLOGY.COM,1,vantage,"CTX_Acrobat_Reader,CTX_ALLOW,CTX_FILEMGR,CTX_LearnCent,CTX_Office10,SVR_CCCB","CTX_Acrobat_Reader,CTX_ALLOW,CTX_FILEMGR,CTX_LearnCent,CTX_Office10,SVR_CCCB","CTX_Acrobat_Reader,CTX_ALLOW,CTX_FILEMGR,CTX_LearnCent,CTX_Office10,SVR_CCCB","CTX_Acrobat_Reader,CTX_ALLOW,CTX_FILEMGR,CTX_LearnCent,CTX_Office10,SVR_CCCB"
RB300,"OU=Users,OU=US_Mid-Atlantic RBO,OU=CSA,DC=uson,DC=usoncology,DC=int",l:,\\uson.usoncology.int\home\MidAtlanticRBO\,MARBO.vbs,1,0,NULL,NULL,USON_ITC_US_MARBO@USONCOLOGY.COM,1,vantage,"CTX_Acrobat_Reader,CTX_ALLOW,CTX_FILEMGR,CTX_LearnCent,CTX_Office10,SVR_MARBO","CTX_Acrobat_Reader,CTX_ALLOW,CTX_FILEMGR,CTX_LearnCent,CTX_Office10,SVR_MARBO","CTX_Acrobat_Reader,CTX_ALLOW,CTX_FILEMGR,CTX_LearnCent,CTX_Office10,SVR_MARBO","CTX_Acrobat_Reader,CTX_ALLOW,CTX_FILEMGR,CTX_LearnCent,CTX_Office10,SVR_MARBO"
HR116,"OU=Users,OU=IL_Affiliated Oncologists,OU=CSA,DC=uson,DC=usoncology,DC=int",l:,\\uson.usoncology.int\home\AffiliatedOncologists\,IL_AO.vbs,1,0,NULL,NULL,USON_ITC_IL_AO@USONCOLOGY.COM,1,vantage,"CTX_Acrobat_Reader,CTX_ALLOW,CTX_FILEMGR,CTX_LearnCent,CTX_Office10,SVR_AO","CTX_Acrobat_Reader,CTX_ALLOW,CTX_FILEMGR,CTX_LearnCent,CTX_Office10,SVR_AO","CTX_Acrobat_Reader,CTX_ALLOW,CTX_FILEMGR,CTX_LearnCent,CTX_Office10,SVR_AO","CTX_Acrobat_Reader,CTX_ALLOW,CTX_FILEMGR,CTX_LearnCent,CTX_Office10,SVR_AO"
HR117,"OU=Users,OU=FL_Urology Specialists of West Florida,OU=CSA,DC=uson,DC=usoncology,DC=int",NULL,NULL,FL_USWF.vbs,1,0,NULL,NULL,USON_ITC_FL_USWF@USONCOLOGY.COM,1,vantage,"CTX_Acrobat_Reader,CTX_ALLOW,CTX_FILEMGR,CTX_LearnCent,FL_USWF_Everyone,SVR_USWF,PST_Restrict,Office365-E3,Office 365 - Users who Home Drive has been migrated to one drive,CTX_Office365","CTX_Acrobat_Reader,CTX_ALLOW,CTX_FILEMGR,CTX_LearnCent,FL_USWF_Everyone,SVR_USWF,PST_Restrict,Office365-E3,Office 365 - Users who Home Drive has been migrated to one drive,CTX_Office365","CTX_Acrobat_Reader,CTX_ALLOW,CTX_FILEMGR,CTX_LearnCent,FL_USWF_Everyone,SVR_USWF,PST_Restrict,Office365-E3,Office 365 - Users who Home Drive has been migrated to one drive,CTX_Office365","CTX_Acrobat_Reader,CTX_ALLOW,CTX_FILEMGR,CTX_LearnCent,FL_USWF_Everyone,SVR_USWF,PST_Restrict,Office365-E3,Office 365 - Users who Home Drive has been migrated to one drive,CTX_Office365"
