<assembly xmlns="http://maven.apache.org/ASSEMBLY/2.0.0" xmlns:xsi="http://www.w3.org/2001/XMLSchema-instance"
          xsi:schemaLocation="http://maven.apache.org/ASSEMBLY/2.0.0 http://maven.apache.org/xsd/assembly-2.0.0.xsd">
    <id>db</id>
    <formats>
        <format>zip</format>
    </formats>
    <includeBaseDirectory>false</includeBaseDirectory>
    <files>
        <file>
            <source>${project.build.directory}/h2DB.mv.db</source>
            <outputDirectory>h2-db</outputDirectory>
        </file>
        <file>
            <source>${project.basedir}/liquibase/liquibase.properties</source>
            <outputDirectory>liquibase</outputDirectory>
            <filtered>true</filtered>
        </file>
    </files>
    <fileSets>
        <fileSet>
            <directory>${project.basedir}/bin</directory>
            <outputDirectory>bin</outputDirectory>
        </fileSet>
        <fileSet>
            <directory>${project.basedir}/liquibase</directory>
            <outputDirectory>liquibase</outputDirectory>
            <excludes>
                <exclude>liquibase.properties</exclude>
            </excludes>
        </fileSet>
        <fileSet>
            <directory>${project.build.directory}/lib</directory>
            <outputDirectory>lib</outputDirectory>
        </fileSet>
    </fileSets>
</assembly>
