<?xml version="1.0" encoding="UTF-8"?>
<configuration debug="true">

	<appender name="RollingFile" class="ch.qos.logback.core.rolling.RollingFileAppender">
		<file>./logs/workday_configuration.log</file>
		<rollingPolicy class="ch.qos.logback.core.rolling.SizeAndTimeBasedRollingPolicy">
			<fileNamePattern>./logs/workday_configuration-%d{yyyy-MM-dd}.%i.log.zip</fileNamePattern>
			<maxFileSize>100MB</maxFileSize>
			<maxHistory>60</maxHistory>
			<totalSizeCap>20GB</totalSizeCap>
		</rollingPolicy>
		<encoder class="ch.qos.logback.classic.encoder.PatternLayoutEncoder">
			<Pattern>%d{yyyy-MM-dd'T'HH:mm:ss.SSSZ} | %X{x-correlation-id} | %X{x-client-ip} | %level{length=1} | %logger{1.} | [%t] | %C{1.} | %msg%n%xThrowable</Pattern>
		</encoder>
	</appender>

	<appender name="Console" class="ch.qos.logback.core.ConsoleAppender">
		<encoder class="ch.qos.logback.classic.encoder.PatternLayoutEncoder">
			<Pattern>%gray(%d{yyyy-MM-dd'T'HH:mm:ss.SSSZ}) | %X{x-correlation-id} | %X{x-client-ip} | %highlight(%.-1level) | %blue(%15.15t) | %yellow(%-40.40logger{40}): %msg%n%xThrowable</Pattern>
		</encoder>
	</appender>

	<logger name="com.mckesson.workday.configuration" level="trace"/>

	<root level="info">
		<appender-ref ref="RollingFile" />
		<appender-ref ref="Console" />
	</root>

</configuration>
