{
    "name" : "###{provisioner.ad.name}",
    "connectorRef" : {
        "connectorHostRef" : "###{provisioner.ad.connectorserver.name}",
        "connectorName" : "Org.IdentityConnectors.ActiveDirectory.ActiveDirectoryConnector",
        "bundleName" : "ActiveDirectory.Connector",
        "bundleVersion" : "1.1.0.0"
    },
    "poolConfigOption" : {
        "maxObjects" : 100,
        "maxIdle" : 10,
        "maxWait" : 150000,
        "minEvictableIdleTimeMillis" : 120000,
        "minIdle" : 1
    },
    "resultsHandlerConfig" : {
        "enableNormalizingResultsHandler" : true,
        "enableFilteredResultsHandler" : false,
        "enableAttributesToGetSearchResultsHandler" : true
    },
    "operationTimeout" : {
        "SYNC" : -1,
        "TEST" : -1,
        "SEARCH" : -1,
        "RESOLVEUSERNAME" : -1,
        "SCRIPT_ON_CONNECTOR" : 300000,
        "VALIDATE" : -1,
        "DELETE" : -1,
        "UPDATE" : -1,
        "AUTHENTICATE" : -1,
        "CREATE" : -1,
        "SCRIPT_ON_RESOURCE" : 300000,
        "GET" : -1,
        "SCHEMA" : -1
    },
    "configurationProperties" : {
        "DirectoryAdminName" : "###{provisioner.ad.username}",
        "DirectoryAdminPassword" : "###{provisioner.ad.password}",
        "LDAPHostName" : "###{provisioner.ad.host}",
        "ObjectClass" : "User",
        "Container" : "###{provisioner.ad.container}",
        "CreateHomeDirectory" : false,
        "SearchChildDomains" : false,
        "DomainName" : "###{provisioner.ad.domain}",
        "SyncGlobalCatalogServer" : null,
        "SyncDomainController" : null,
        "SearchContext" : ""
    },
    "systemActions" : [
        {
            "_scriptId" : "DeleteDFSDirectories",
            "actions" : [
                {
                    "systemType" : ".*ActiveDirectoryConnector",
                    "actionType" : "PowerShell",
                    "actionFile" : "script/delete_dfs_directories.ps1"
                }
            ]
        },
        {
            "_scriptId" : "ManageMailbox",
            "actions" : [
                {
                    "systemType" : ".*ActiveDirectoryConnector",
                    "actionType" : "PowerShell",
                    "actionFile" : "script/manage_mailbox.ps1"
                }
            ]
        },
        {
            "_scriptId" : "ManageO365Mailbox",
            "actions" : [
                {
                    "systemType" : ".*ActiveDirectoryConnector",
                    "actionType" : "PowerShell",
                    "actionFile" : "script/manage_o365_mailbox.ps1"
                }
            ]
        },
        {
            "_scriptId" : "SetLogonHours",
            "actions" : [
                {
                    "systemType" : ".*ActiveDirectoryConnector",
                    "actionType" : "PowerShell",
                    "actionFile" : "script/setLogonHours.ps1"
                }
            ]
        },
        {
            "_scriptId" : "NameChange",
            "actions" : [
                {
                    "systemType" : ".*ActiveDirectoryConnector",
                    "actionType" : "PowerShell",
                    "actionFile" : "script/nameChange.ps1"
                }
            ]
        },
        {
            "_scriptId" : "MoveItem",
            "actions" : [
                {
                    "systemType" : ".*ActiveDirectoryConnector",
                    "actionType" : "PowerShell",
                    "actionFile" : "script/move_item.ps1"
                }
            ]
        },
        {
            "_scriptId" : "SetHomeDirectory",
            "actions" : [
                {
                    "systemType" : ".*ActiveDirectoryConnector",
                    "actionType" : "PowerShell",
                    "actionFile" : "script/setup_home_directory.ps1"
                }
            ]
        },
        {
            "_scriptId" : "ModifyGroupMembership",
            "actions" : [
                {
                    "systemType" : ".*ActiveDirectoryConnector",
                    "actionType" : "PowerShell",
                    "actionFile" : "script/modify_group_membership.ps1"
                }
            ]
        }
    ],
    "objectTypes" : {
        "group" : {
            "$schema" : "http://json-schema.org/draft-03/schema",
            "id" : "group",
            "type" : "object",
            "nativeType" : "Group",
            "properties" : {
                "member" : {
                    "type" : "array",
                    "items" : {
                        "type" : "string",
                        "nativeType" : "string"
                    },
                    "nativeName" : "member",
                    "nativeType" : "string"
                },
                "description" : {
                    "type" : "string",
                    "nativeName" : "description",
                    "nativeType" : "string"
                },
                "groupType" : {
                    "type" : "integer",
                    "nativeName" : "groupType",
                    "nativeType" : "JAVA_TYPE_INT"
                },
                "mail" : {
                    "type" : "string",
                    "nativeName" : "mail",
                    "nativeType" : "string"
                },
                "samAccountName" : {
                    "type" : "string",
                    "nativeName" : "samAccountName",
                    "nativeType" : "string"
                },
                "managedby" : {
                    "type" : "string",
                    "nativeName" : "managedby",
                    "nativeType" : "string"
                },
                "displayName" : {
                    "type" : "string",
                    "nativeName" : "displayName",
                    "nativeType" : "string"
                },
                "__NAME__" : {
                    "type" : "string",
                    "required" : true,
                    "nativeName" : "__NAME__",
                    "nativeType" : "string"
                },
                "cn" : {
                    "type" : "string",
                    "nativeName" : "cn",
                    "nativeType" : "string",
                    "flags" : [
                        "NOT_UPDATEABLE"
                    ]
                },
                "dn" : {
                    "type" : "string",
                    "nativeName" : "distinguishedName",
                    "nativeType" : "string"
                },
                "objectSid" : {
                    "type" : "string",
                    "nativeName" : "objectSid",
                    "nativeType" : "string"
                }
            }
        },
        "organizationalUnit" : {
            "$schema" : "http://json-schema.org/draft-03/schema",
            "id" : "organizationalUnit",
            "type" : "object",
            "nativeType" : "organizationalUnit",
            "properties" : {
                "description" : {
                    "type" : "string",
                    "nativeName" : "description",
                    "nativeType" : "string"
                },
                "displayName" : {
                    "type" : "string",
                    "nativeName" : "displayName",
                    "nativeType" : "string"
                },
                "__NAME__" : {
                    "type" : "string",
                    "required" : true,
                    "nativeName" : "__NAME__",
                    "nativeType" : "string"
                },
                "managedby" : {
                    "type" : "string",
                    "nativeName" : "managedby",
                    "nativeType" : "string"
                },
                "ou" : {
                    "type" : "string",
                    "nativeName" : "ou",
                    "nativeType" : "string",
                    "flags" : [
                        "NOT_UPDATEABLE"
                    ]
                }
            }
        },
        "account" : {
            "$schema" : "http://json-schema.org/draft-03/schema",
            "id" : "__ACCOUNT__",
            "type" : "object",
            "nativeType" : "__ACCOUNT__",
            "properties" : {
                "distinguishedName" : {
                    "type" : "string",
                    "nativeName" : "distinguishedName",
                    "nativeType" : "string",
                    "flags" : [
                        "NOT_CREATABLE",
                        "NOT_UPDATEABLE"
                    ]
                },
                "commonName" : {
                    "type" : "string",
                    "nativeName" : "cn",
                    "nativeType" : "string"
                },
                "mail" : {
                    "type" : "string",
                    "nativeName" : "mail",
                    "nativeType" : "string"
                },
                "enable" : {
                    "type" : "boolean",
                    "nativeName" : "__ENABLE__",
                    "nativeType" : "boolean"
                },
                "sAMAccountName" : {
                    "type" : "string",
                    "nativeName" : "sAMAccountName",
                    "nativeType" : "string",
                    "flags" : [
                        "NOT_UPDATEABLE"
                    ]
                },
                "middleName" : {
                    "type" : "string",
                    "nativeName" : "middleName",
                    "nativeType" : "string"
                },
                "__SHORT_NAME__" : {
                    "type" : "string",
                    "nativeName" : "__SHORT_NAME__",
                    "nativeType" : "string",
                    "flags" : [
                        "NOT_CREATABLE",
                        "NOT_UPDATEABLE"
                    ]
                },
                "company" : {
                    "type" : "string",
                    "nativeName" : "company",
                    "nativeType" : "string"
                },
                "description" : {
                    "type" : "string",
                    "nativeName" : "description",
                    "nativeType" : "string"
                },
                "uSNChanged" : {
                    "type" : "string",
                    "nativeName" : "uSNChanged",
                    "nativeType" : "string",
                    "flags" : [
                        "NOT_CREATABLE",
                        "NOT_UPDATEABLE"
                    ]
                },
                "division" : {
                    "type" : "string",
                    "nativeName" : "division",
                    "nativeType" : "string"
                },
                "displayName" : {
                    "type" : "string",
                    "nativeName" : "displayName",
                    "nativeType" : "string"
                },
                "dn" : {
                    "type" : "string",
                    "required" : true,
                    "nativeName" : "__NAME__",
                    "nativeType" : "string"
                },
                "facsimileTelephoneNumber" : {
                    "type" : "string",
                    "nativeName" : "facsimileTelephoneNumber",
                    "nativeType" : "string"
                },
                "__CURRENT_PASSWORD__" : {
                    "type" : "string",
                    "nativeName" : "__CURRENT_PASSWORD__",
                    "nativeType" : "JAVA_TYPE_GUARDEDSTRING"
                },
                "city" : {
                    "type" : "string",
                    "nativeName" : "l",
                    "nativeType" : "string"
                },
                "homeDirectory" : {
                    "type" : "string",
                    "nativeName" : "homeDirectory",
                    "nativeType" : "string"
                },
                "postalCode" : {
                    "type" : "string",
                    "nativeName" : "postalCode",
                    "nativeType" : "string"
                },
                "st" : {
                    "type" : "string",
                    "nativeName" : "st",
                    "nativeType" : "string"
                },
                "manager" : {
                    "type" : "string",
                    "nativeName" : "manager",
                    "nativeType" : "string"
                },
                "proxyAddresses" : {
                    "type" : "array",
                    "items" : {
                        "type" : "string",
                        "nativeType" : "string"
                    },
                    "nativeName" : "proxyAddresses",
                    "nativeType" : "string"
                },
                "password" : {
                    "type" : "string",
                    "nativeName" : "__PASSWORD__",
                    "nativeType" : "JAVA_TYPE_GUARDEDSTRING",
                    "flags" : [
                        "NOT_READABLE",
                        "NOT_RETURNED_BY_DEFAULT"
                    ]
                },
                "department" : {
                    "type" : "string",
                    "nativeName" : "department",
                    "nativeType" : "string"
                },
                "initials" : {
                    "type" : "string",
                    "nativeName" : "initials",
                    "nativeType" : "string"
                },
                "lastName" : {
                    "type" : "string",
                    "nativeName" : "sn",
                    "nativeType" : "string"
                },
                "pwdExpired" : {
                    "type" : "boolean",
                    "nativeName" : "__PASSWORD_EXPIRED__",
                    "nativeType" : "boolean"
                },
                "__LOCK_OUT__" : {
                    "type" : "boolean",
                    "nativeName" : "__LOCK_OUT__",
                    "nativeType" : "boolean"
                },
                "streetAddress" : {
                    "type" : "string",
                    "nativeName" : "streetAddress",
                    "nativeType" : "string"
                },
                "firstName" : {
                    "type" : "string",
                    "nativeName" : "givenName",
                    "nativeType" : "string"
                },
                "workerID" : {
                    "type" : "string",
                    "nativeName" : "extensionAttribute8",
                    "nativeType" : "string"
                },
                "country" : {
                    "type" : "string",
                    "nativeName" : "co",
                    "nativeType" : "string"
                },
                "telephoneNumber" : {
                    "type" : "string",
                    "nativeName" : "telephoneNumber",
                    "nativeType" : "string"
                },
                "title" : {
                    "type" : "string",
                    "nativeName" : "title",
                    "nativeType" : "string"
                },
                "state" : {
                    "type" : "string",
                    "nativeName" : "extensionAttribute2",
                    "nativeType" : "string"
                },
                "workerType" : {
                    "type" : "string",
                    "nativeName" : "extensionAttribute3",
                    "nativeType" : "string"
                },
                "homeDrive" : {
                    "type" : "string",
                    "nativeName" : "homeDrive",
                    "nativeType" : "string"
                },
                "mobilePhone" : {
                    "type" : "string",
                    "nativeName" : "mobile",
                    "nativeType" : "string"
                },
                "postalAddress" : {
                    "type" : "string",
                    "nativeName" : "postalAddress",
                    "nativeType" : "string"
                },
                "showInAddressBook" : {
                    "type" : "array",
                    "items" : {
                        "type" : "string",
                        "nativeType" : "string"
                    },
                    "nativeName" : "showInAddressBook",
                    "nativeType" : "string"
                },
                "userPrincipalName" : {
                    "type" : "string",
                    "nativeName" : "userPrincipalName",
                    "nativeType" : "string"
                },
                "primaryGroupID" : {
                    "type" : "integer",
                    "nativeName" : "primaryGroupID",
                    "nativeType" : "JAVA_TYPE_INT"
                },
                "street" : {
                    "type" : "string",
                    "nativeName" : "street",
                    "nativeType" : "string"
                },
                "scriptPath" : {
                    "type" : "string",
                    "nativeName" : "scriptPath",
                    "nativeType" : "string"
                },
                "physicalDeliveryOfficeName" : {
                    "type" : "string",
                    "nativeName" : "physicalDeliveryOfficeName",
                    "nativeType" : "string"
                },
                "userAccountControl" : {
                    "type" : "string",
                    "nativeName" : "userAccountControl",
                    "nativeType" : "string"
                },
                "accountExpires" : {
                    "type" : "string",
                    "nativeName" : "accountExpires",
                    "nativeType" : "string"
                },
                "mailNickname" : {
                    "type" : "string",
                    "nativeName" : "mailNickname",
                    "nativeType" : "string"
                },
                "terminalServicesProfilePath" : {
                    "type" : "string",
                    "nativeName" : "TerminalServicesProfilePath",
                    "nativeType" : "string"
                },
                "info" : {
                    "type" : "string",
                    "nativeName" : "info",
                    "nativeType" : "string"
                },
                "msExchRecipientTypeDetails" : {
                    "type" : "string",
                    "nativeName" : "msExchRecipientTypeDetails",
                    "nativeType" : "string"
                }
            }
        },
        "top" : {
            "$schema" : "http://json-schema.org/draft-03/schema",
            "id" : "top",
            "type" : "object",
            "nativeType" : "top",
            "properties" : {
                "proxyAddresses" : {
                    "type" : "array",
                    "items" : {
                        "type" : "string",
                        "nativeType" : "string"
                    },
                    "nativeName" : "proxyAddresses",
                    "nativeType" : "string"
                },
                "userPrincipalName" : {
                    "type" : "string",
                    "nativeName" : "userPrincipalName",
                    "nativeType" : "string"
                },
                "mail" : {
                    "type" : "string",
                    "nativeName" : "mail",
                    "nativeType" : "string"
                }
            }
        },
        "computer" : {
            "$schema" : "http://json-schema.org/draft-03/schema",
            "id" : "computer",
            "type" : "object",
            "nativeType" : "computer",
            "properties" : {
                "dn" : {
                    "type" : "string",
                    "required" : true,
                    "nativeName" : "__NAME__",
                    "nativeType" : "string"
                },
                "commonName" : {
                    "type" : "string",
                    "nativeName" : "cn",
                    "nativeType" : "string"
                },
                 "managedBy" : {
                    "type" : "string",
                    "nativeName" : "managedby",
                    "nativeType" : "string"
                },
                 "operatingSystem" : {
                    "type" : "string",
                    "nativeName" : "operatingSystem",
                    "nativeType" : "string"
                }
            }
        }
    },
    "operationOptions" : {
        "SYNC" : {
            "objectFeatures" : {
                "account" : {
                    "denied" : false,
                    "onDeny" : "DO_NOTHING",
                    "operationOptionInfo" : {
                        "$schema" : "http://json-schema.org/draft-03/schema",
                        "id" : "FIX_ME",
                        "type" : "object",
                        "properties" : { }
                    }
                }
            }
        },
        "SCRIPT_ON_RESOURCE" : {
            "objectFeatures" : {
                "account" : {
                    "denied" : false,
                    "onDeny" : "DO_NOTHING",
                    "operationOptionInfo" : {
                        "$schema" : "http://json-schema.org/draft-03/schema",
                        "id" : "FIX_ME",
                        "type" : "object",
                        "properties" : { }
                    }
                }
            }
        },
        "SEARCH" : {
            "objectFeatures" : {
                "group" : {
                    "denied" : false,
                    "onDeny" : "DO_NOTHING",
                    "operationOptionInfo" : {
                        "$schema" : "http://json-schema.org/draft-03/schema",
                        "id" : "FIX_ME",
                        "type" : "object",
                        "properties" : { }
                    }
                },
                "organizationalUnit" : {
                    "denied" : false,
                    "onDeny" : "DO_NOTHING",
                    "operationOptionInfo" : {
                        "$schema" : "http://json-schema.org/draft-03/schema",
                        "id" : "FIX_ME",
                        "type" : "object",
                        "properties" : { }
                    }
                },
                "account" : {
                    "denied" : false,
                    "onDeny" : "DO_NOTHING",
                    "operationOptionInfo" : {
                        "$schema" : "http://json-schema.org/draft-03/schema",
                        "id" : "FIX_ME",
                        "type" : "object",
                        "properties" : { }
                    }
                },
                "top" : {
                    "denied" : false,
                    "onDeny" : "DO_NOTHING",
                    "operationOptionInfo" : {
                        "$schema" : "http://json-schema.org/draft-03/schema",
                        "id" : "FIX_ME",
                        "type" : "object",
                        "properties" : { }
                    }
                },
                "computer" : {
                    "denied" : false,
                    "onDeny" : "DO_NOTHING",
                    "operationOptionInfo" : {
                        "$schema" : "http://json-schema.org/draft-03/schema",
                        "id" : "FIX_ME",
                        "type" : "object",
                        "properties" : { }
                    }
                }
            }
        },
        "DELETE" : {
            "objectFeatures" : {
                "group" : {
                    "denied" : true,
                    "onDeny" : "DO_NOTHING",
                    "operationOptionInfo" : {
                        "$schema" : "http://json-schema.org/draft-03/schema",
                        "id" : "FIX_ME",
                        "type" : "object",
                        "properties" : { }
                    }
                },
                "organizationalUnit" : {
                    "denied" : true,
                    "onDeny" : "DO_NOTHING",
                    "operationOptionInfo" : {
                        "$schema" : "http://json-schema.org/draft-03/schema",
                        "id" : "FIX_ME",
                        "type" : "object",
                        "properties" : { }
                    }
                },
                "account" : {
                    "denied" : true,
                    "onDeny" : "DO_NOTHING",
                    "operationOptionInfo" : {
                        "$schema" : "http://json-schema.org/draft-03/schema",
                        "id" : "FIX_ME",
                        "type" : "object",
                        "properties" : { }
                    }
                }
            }
        },
        "UPDATE" : {
            "objectFeatures" : {
                "group" : {
                    "denied" : ###{provisioner.ad.denywrites},
                    "onDeny" : "DO_NOTHING",
                    "operationOptionInfo" : {
                        "$schema" : "http://json-schema.org/draft-03/schema",
                        "id" : "FIX_ME",
                        "type" : "object",
                        "properties" : { }
                    }
                },
                "organizationalUnit" : {
                    "denied" : true,
                    "onDeny" : "DO_NOTHING",
                    "operationOptionInfo" : {
                        "$schema" : "http://json-schema.org/draft-03/schema",
                        "id" : "FIX_ME",
                        "type" : "object",
                        "properties" : { }
                    }
                },
                "account" : {
                    "denied" : ###{provisioner.ad.denywrites},
                    "onDeny" : "DO_NOTHING",
                    "operationOptionInfo" : {
                        "$schema" : "http://json-schema.org/draft-03/schema",
                        "id" : "FIX_ME",
                        "type" : "object",
                        "properties" : { }
                    }
                },
                "computer" : {
                    "denied" : ###{provisioner.ad.denywrites},
                    "onDeny" : "DO_NOTHING",
                    "operationOptionInfo" : {
                        "$schema" : "http://json-schema.org/draft-03/schema",
                        "id" : "FIX_ME",
                        "type" : "object",
                        "properties" : { }
                    }
                }
            }
        },
        "AUTHENTICATE" : {
            "objectFeatures" : {
                "account" : {
                    "denied" : false,
                    "onDeny" : "DO_NOTHING",
                    "operationOptionInfo" : {
                        "$schema" : "http://json-schema.org/draft-03/schema",
                        "id" : "FIX_ME",
                        "type" : "object",
                        "properties" : { }
                    }
                }
            }
        },
        "CREATE" : {
            "objectFeatures" : {
                "group" : {
                    "denied" : true,
                    "onDeny" : "DO_NOTHING",
                    "operationOptionInfo" : {
                        "$schema" : "http://json-schema.org/draft-03/schema",
                        "id" : "FIX_ME",
                        "type" : "object",
                        "properties" : { }
                    }
                },
                "organizationalUnit" : {
                    "denied" : true,
                    "onDeny" : "DO_NOTHING",
                    "operationOptionInfo" : {
                        "$schema" : "http://json-schema.org/draft-03/schema",
                        "id" : "FIX_ME",
                        "type" : "object",
                        "properties" : { }
                    }
                },
                "account" : {
                    "denied" : ###{provisioner.ad.denywrites},
                    "onDeny" : "DO_NOTHING",
                    "operationOptionInfo" : {
                        "$schema" : "http://json-schema.org/draft-03/schema",
                        "id" : "FIX_ME",
                        "type" : "object",
                        "properties" : { }
                    }
                }
            }
        },
        "GET" : {
            "objectFeatures" : {
                "group" : {
                    "denied" : false,
                    "onDeny" : "DO_NOTHING",
                    "operationOptionInfo" : {
                        "$schema" : "http://json-schema.org/draft-03/schema",
                        "id" : "FIX_ME",
                        "type" : "object",
                        "properties" : { }
                    }
                },
                "organizationalUnit" : {
                    "denied" : false,
                    "onDeny" : "DO_NOTHING",
                    "operationOptionInfo" : {
                        "$schema" : "http://json-schema.org/draft-03/schema",
                        "id" : "FIX_ME",
                        "type" : "object",
                        "properties" : { }
                    }
                },
                "account" : {
                    "denied" : false,
                    "onDeny" : "DO_NOTHING",
                    "operationOptionInfo" : {
                        "$schema" : "http://json-schema.org/draft-03/schema",
                        "id" : "FIX_ME",
                        "type" : "object",
                        "properties" : { }
                    }
                },
                "top" : {
                    "denied" : false,
                    "onDeny" : "DO_NOTHING",
                    "operationOptionInfo" : {
                        "$schema" : "http://json-schema.org/draft-03/schema",
                        "id" : "FIX_ME",
                        "type" : "object",
                        "properties" : { }
                    }
                },
                "computer" : {
                    "denied" : false,
                    "onDeny" : "DO_NOTHING",
                    "operationOptionInfo" : {
                        "$schema" : "http://json-schema.org/draft-03/schema",
                        "id" : "FIX_ME",
                        "type" : "object",
                        "properties" : { }
                    }
                }
            }
        }
    }
}