<?xml version="1.0" encoding="UTF-8"?>
<configuration debug="true">

	<appender name="RollingFile" class="ch.qos.logback.core.rolling.RollingFileAppender">
		<file>./logs/global-mfa-exchange.log</file>
		<rollingPolicy class="ch.qos.logback.core.rolling.SizeAndTimeBasedRollingPolicy">
			<fileNamePattern>./logs/global-mfa-exchange-%d{yyyy-MM-dd}.%i.log.zip</fileNamePattern>
			<maxFileSize>10MB</maxFileSize>
			<maxHistory>30</maxHistory>
			<totalSizeCap>10GB</totalSizeCap>
		</rollingPolicy>
		<encoder class="ch.qos.logback.classic.encoder.PatternLayoutEncoder">
			<Pattern>%d{yyyy-MM-dd'T'HH:mm:ss.SSSZ} | [%t] | %5level | %X{x-correlation-id} | %X{x-client-ip} | %logger{15} | %msg%n%xThrowable</Pattern>
		</encoder>
	</appender>

	<appender name="Console" class="ch.qos.logback.core.ConsoleAppender">
		<encoder class="ch.qos.logback.classic.encoder.PatternLayoutEncoder">
			<Pattern>%gray(%d{yyyy-MM-dd'T'HH:mm:ss.SSSZ}) | %X{x-correlation-id} | %X{x-client-ip} | %highlight(%.-1level) | %blue(%15.15t) | %yellow(%-40.40logger{40}): %msg%n%xThrowable</Pattern>
		</encoder>
	</appender>

	<root level="info">
		<appender-ref ref="RollingFile" />
		<appender-ref ref="Console" />
	</root>

</configuration>
