<?xml version="1.1" encoding="UTF-8" standalone="no"?>
<databaseChangeLog xmlns="http://www.liquibase.org/xml/ns/dbchangelog" xmlns:ext="http://www.liquibase.org/xml/ns/dbchangelog-ext" xmlns:xsi="http://www.w3.org/2001/XMLSchema-instance" xsi:schemaLocation="http://www.liquibase.org/xml/ns/dbchangelog-ext http://www.liquibase.org/xml/ns/dbchangelog/dbchangelog-ext.xsd http://www.liquibase.org/xml/ns/dbchangelog http://www.liquibase.org/xml/ns/dbchangelog/dbchangelog-3.5.xsd">

    <changeSet id="intrafusion-add-domain-column" author="els1gkr" context="intrafusion">
        <addColumn tableName="hrbu" schemaName="${primarySchema}">
            <column afterColumn="manager_lookup_strategy" name="domain" type="VARCHAR(255)" />
        </addColumn>

        <createView fullDefinition="true" viewName="hrbu_view" schemaName="${primarySchema}">
            CREATE OR REPLACE SQL SECURITY INVOKER VIEW `${primarySchema}`.`hrbu_view` AS SELECT
              `h`.`hrbu` AS `hrbu`,
              `hcs`.`city` AS `city`,
              `hcs`.`street` AS `street`,
              (case when `h`.`city` then `hcs`.`ou` else `h`.`ou` end) AS `ou`,
              (case when `h`.`city` then `hcs`.`home_drive` else `h`.`home_drive` end) AS `home_drive`,
              (case when `h`.`city` then `hcs`.`home_dir` else `h`.`home_dir` end) AS `home_dir`,
              (case when `h`.`city` then `hcs`.`login_script` else `h`.`login_script` end) AS `login_script`,
              (case when `h`.`city` then `hcs`.`groups` else `h`.`groups` end) AS `groups`,
              (case when `h`.`city` then `hcs`.`contractor_groups` else `h`.`contractor_groups` end) AS `contractor_groups`,
              (case when `h`.`city` then `hcs`.`contingentworkertype_outside_worker_groups` else `h`.`contingentworkertype_outside_worker_groups` end) AS `contingentworkertype_outside_worker_groups`,
              (case when `h`.`city` then `hcs`.`contingentworkertype_x_groups` else `h`.`contingentworkertype_x_groups` end) AS `contingentworkertype_x_groups`,
              (case when `h`.`city` then `hcs`.`active_sync` else `h`.`active_sync` end) AS `active_sync`,
              (case when (`h`.`city` and isnull(`hcs`.`city`)) then 'true' else 'false' end) AS `notify_manager`,
              `h`.`mail_suffix` AS `mail_suffix`,
              `h`.`secondary_mail_suffix` AS `secondary_mail_suffix`,
              (case when `h`.`city` then `hcs`.`itc_mail` else `h`.`itc_mail` end) AS `itc_mail`,
              `h`.`enabled` AS `enabled`,
              `h`.`manager_lookup_strategy` AS `manager_lookup_strategy`,
              `h`.`domain` AS `domain`
            from (`hrbu` `h` left join `hrbu_city_street` `hcs` on((`h`.`city` = 1)));
        </createView>
    </changeSet>

    <changeSet id="load-configuration-data-with-added-domain-column" author="els1gkr" context="intrafusion" runAlways="true" runInTransaction="true">
        <!-- TODO - add precondition to verify schema -->
        <sql><![CDATA[
            DELETE FROM `${primarySchema}`.`hrbu`;

            LOAD DATA LOCAL INFILE "./intrafusion/data/hrbu.csv" INTO TABLE `${primarySchema}`.`hrbu`
            COLUMNS TERMINATED BY ',' OPTIONALLY ENCLOSED BY '"' ESCAPED BY '' LINES TERMINATED BY '\r\n'
            IGNORE 1 ROWS
            (@hrbu, @ou, @home_drive, @home_dir, @login_script, @active_sync, @city, @mail_suffix,
            @secondary_mail_suffix, @itc_mail, @enabled, @manager_lookup_strategy, @domain, @groups, @contractor_groups, @contingentworkertype_outside_worker_groups, @contingentworkertype_x_groups)
            SET
                `hrbu`=IF(@hrbu="NULL", NULL, @hrbu),
                `ou`=IF(@ou="NULL", NULL, @ou),
                `home_drive`=IF(@home_drive="NULL", NULL, @home_drive),
                `home_dir`=IF(@home_dir="NULL", NULL, @home_dir),
                `login_script`=IF(@login_script="NULL", NULL, @login_script),
                `groups`=IF(@groups="NULL", NULL, @groups),
                `contractor_groups`=IF(@contractor_groups="NULL", NULL, @contractor_groups),
                `contingentworkertype_outside_worker_groups`=IF(@contingentworkertype_outside_worker_groups="NULL", NULL, @contingentworkertype_outside_worker_groups),
                `contingentworkertype_x_groups`=IF(@contingentworkertype_x_groups="NULL", NULL, @contingentworkertype_x_groups),
                `active_sync`=IF(@active_sync="NULL", NULL, @active_sync),
                `city`=IF(@city="NULL", NULL, @city),
                `mail_suffix`=IF(@mail_suffix="NULL", NULL, @mail_suffix),
                `secondary_mail_suffix`=IF(@secondary_mail_suffix="NULL", NULL, @secondary_mail_suffix),
                `itc_mail`=IF(@itc_mail="NULL", NULL, @itc_mail),
                `enabled`=IF(@enabled="NULL", NULL, @enabled),
                `manager_lookup_strategy`=IF(@manager_lookup_strategy="NULL", NULL, @manager_lookup_strategy),
                `domain`=IF(@domain="NULL", NULL, @domain);
         ]]></sql>
    </changeSet>

    <changeSet id="load-intrafusion-groups" author="els1gkr" context="intrafusion" runAlways="true" runInTransaction="true">
        <!-- TODO - add precondition to verify schema -->
        <sql><![CDATA[
            DELETE FROM `${primarySchema}`.`group_mapping`;

            LOAD DATA LOCAL INFILE "./intrafusion/data/group_mapping.csv" INTO TABLE `${primarySchema}`.`group_mapping`
            COLUMNS TERMINATED BY ',' OPTIONALLY ENCLOSED BY '"' ESCAPED BY '' LINES TERMINATED BY '\r\n'
            IGNORE 1 ROWS
            (@id, @name, @dn, @type)
            SET
                `id`=IF(@id="NULL", NULL, @id),
                `name`=IF(@name="NULL", NULL, @name),
                `dn`=IF(@dn="NULL", NULL, @dn),
                `type`=IF(@type="NULL", NULL, @type);
         ]]></sql>
    </changeSet>

    <changeSet id="load-intrafusion-hrbu-city-street-data" author="els1gkr" context="intrafusion" runAlways="true" runInTransaction="true">
        <sql><![CDATA[
            DELETE FROM `${primarySchema}`.`hrbu_city_street`;

            LOAD DATA LOCAL INFILE "./intrafusion/data/hrbu_city_street.csv" INTO TABLE `${primarySchema}`.`hrbu_city_street`
            COLUMNS TERMINATED BY ',' OPTIONALLY ENCLOSED BY '"' ESCAPED BY '' LINES TERMINATED BY '\r\n'
            IGNORE 1 ROWS
            (@id, @city, @street, @ou, @home_drive, @home_dir, @login_script, @active_sync, @itc_mail, @groups, @contractor_groups, @contingentworkertype_outside_worker_groups, @contingentworkertype_x_groups)
            SET
                `id`=IF(@id="NULL", NULL, @id),
                `city`=IF(@city="NULL", NULL, @city),
                `street`=IF(@street="NULL", NULL, @street),
                `ou`=IF(@ou="NULL", NULL, @ou),
                `home_drive`=IF(@home_drive="NULL", NULL, @home_drive),
                `home_dir`=IF(@home_dir="NULL", NULL, @home_dir),
                `login_script`=IF(@login_script="NULL", NULL, @login_script),
                `groups`=IF(@groups="NULL", NULL, @groups),
                `contractor_groups`=IF(@contractor_groups="NULL", NULL, @contractor_groups),
                `contingentworkertype_outside_worker_groups`=IF(@contingentworkertype_outside_worker_groups="NULL", NULL, @contingentworkertype_outside_worker_groups),
                `contingentworkertype_x_groups`=IF(@contingentworkertype_x_groups="NULL", NULL, @contingentworkertype_x_groups),
                `active_sync`=IF(@active_sync="NULL", NULL, @active_sync),
                `itc_mail`=IF(@itc_mail="NULL", NULL, @itc_mail);

         ]]></sql>
    </changeSet>

    <changeSet id="load-intrafusion-prevent-loa-job-codes-data" author="els1gkr" context="intrafusion" runAlways="true" runInTransaction="true">
        <sql><![CDATA[
            DELETE FROM `${primarySchema}`.`prevent_loa_job_codes`;

            LOAD DATA LOCAL INFILE "./intrafusion/data/prevent_loa_job_codes.csv" INTO TABLE `${primarySchema}`.`prevent_loa_job_codes`
            COLUMNS TERMINATED BY ',' OPTIONALLY ENCLOSED BY '"' ESCAPED BY '' LINES TERMINATED BY '\r\n'
            IGNORE 1 ROWS
            (@code, @description)
            SET
                `code`=IF(@code="NULL", NULL, @code),
                `description`=IF(@description="NULL", NULL, @description);
         ]]></sql>
    </changeSet>

    <changeSet id="IAMMSH-1243" author="els1gkr" context="intrafusion">
        <renameColumn tableName="hrbu" schemaName="${primarySchema}" oldColumnName="domain" newColumnName="domain" columnDataType="VARCHAR(255)" remarks="Deprecated, not used anymore" />

        <!-- Set column data to NULL -->
        <update tableName="hrbu" schemaName="${primarySchema}">
            <column name="domain" />
        </update>
    </changeSet>

</databaseChangeLog>
