{
    "eventTypes" : {
        "activity" : {
            "filter" : {
                "actions" : [ ],
                "triggers" : {
                    "recon" : [ ]
                }
            },
            "watchedFields" : [ ],
            "passwordFields" : [
                "password"
            ]
        },
        "recon" : {
            "filter" : {
                "actions" : [
                    "query"
                ]
            }
        }
    },
    "logTo" : [
        {
            "logType" : "repository",
            "useForQueries" : true
        }
    ]
}