{
    "templates" : {
        "newUser" : {
            "shortDescription" : "New User Creation - Action required automatic provisioning",
            "template" : "Employee_On-board_New_User.inc"
        },
        "newUserExecutive" : {
            "shortDescription" : "New User Creation - Action required automatic provisioning - Executive user",
            "template" : "Employee_On-board_New_User-Executive.inc"
        },
        "termination" : {
            "shortDescription" : "Termination ticket - Action required automatic provisioning",
            "template" : "Employee_Termination.inc"
        },
        "hrbuTransfer" : {
            "shortDescription" : "HRBU Transfer ticket - Action required automatic provisioning",
            "template" : "Employee_HRBU_Transfer.inc"
        },
        "clinicalTransfer" : {
            "shortDescription" : "Clinical Transfer ticket - Action required automatic provisioning",
            "template" : "Employee_Clinical_Transfer.inc"
        },
        "userAccountExpired" : {
            "shortDescription" : "USER account Expired",
            "template" : "Domain_Account_Expired.inc"
        },
        "provisioningActionFailed" : {
            "shortDescription" : "Provisioning action failed",
            "template" : "Provisioning_Action_Failed.inc"
        },
        "terminationERPSecurity" : {
            "template" : "Security-Application.task"
        },
        "terminationSalesforce" : {
            "template" : "Salesforce.task"
        },
        "terminationIknowmed" : {
            "template" : "Tech_Product_Support_L1.task"
        },
        "terminationWorkday" : {
            "template" : "HR_Applications.task"
        },
        "terminationTiger" : {
            "template" : "USON_Service_Desk.task"
        },
        "terminationDatabase" : {
            "template" : "Infrastructure_USON-MSH.task"
        },
        "terminationCentricity" : {
            "template" : "Centricity_Business.task"
        },
        "terminationTXO" : {
            "template" : "IT_TXO_PMS.task"
        },
        "terminationTelecom" : {
            "template" : "Telecom.task"
        }
    }
}