{
    "helpdeskEmail" : "noreply@usoncology.com",
    "itSecurityEmail" : "DLDirectoryServices@USONCOLOGY.COM",
    "cityManagerEmail" : "Tracy.Bradley@USONCOLOGY.COM",
    "cityManagerName" : "Tracy",
    "partnerEmail" : "HRIS@usoncology.com",
    "provisioningEmail" : "provisioning@usoncology.com",
    "templates" : {
        "NewUserAccountActivation" : {
            "comment" : "Email the manager or Executive Directory and set the FROM address as {helpdeskEmail}",
            "from" : "{helpdeskEmail}",
            "to" : "{mgrEmail}",
            "subject" : "Important Account Information for New User {usrFirstname} {usrLastname}"
        },
        "NewUserWithManager" : {
            "comment" : "Email the manager and set the FROM address as {helpdeskEmail}",
            "from" : "{helpdeskEmail}",
            "to" : "{mgrEmail}",
            "subject" : "Important Account Information for New User {usrFirstname} {usrLastname}"
        },
        "NewUserWithoutManager" : {
            "comment" : "Email the Executive director for the practices and set the FROM address as {helpdeskEmail}",
            "from" : "{helpdeskEmail}",
            "to" : "{mgrEmail}",
            "subject" : "Important Account Information for New Executive User {usrFirstname} {usrLastname}"
        },
        "NewUserForBusinessPartner" : {
            "comment" : "Email the business partner and set the FROM address as {helpdeskEmail}",
            "from" : "{helpdeskEmail}",
            "to" : "{mgrEmail}",
            "subject" : "New User Creation for a User in your Market - Informational - Automatic Provisioning"
        },
        "UserTermination" : {
            "comment" : "Email the former manager and set the FROM address as {helpdeskEmail}",
            "from" : "{helpdeskEmail}",
            "to" : "{mgrEmail}",
            "subject" : "Important Account Documentation for Terminated Employee {usrFirstname} {usrLastname}"
        },
        "UserTransferBU_OldManager" : {
            "comment" : "Email the former manager and set the FROM address as {helpdeskEmail}",
            "from" : "{helpdeskEmail}",
            "to" : "{mgrEmail}",
            "subject" : "Important Account Documentation for Transferring to a Different Business Unit for User {usrFirstname} {usrLastname}"
        },
        "UserTransferBU_NewManager" : {
            "comment" : "Email the new manager and set the FROM address as {helpdeskEmail}",
            "from" : "{helpdeskEmail}",
            "to" : "{mgrEmail}",
            "subject" : "Action Required for Transferring User {usrFirstname} {usrLastname} to Your Business Unit"
        },
        "UserTransferSupervisorChange_OldManager" : {
            "comment" : "Email the former manager and set the FROM address as {helpdeskEmail}",
            "from" : "{helpdeskEmail}",
            "to" : "{mgrEmail}",
            "subject" : "Action Required for Transferring User {usrFirstname} {usrLastname} to a New Manager"
        },
        "UserTransferSupervisorChange_NewManager" : {
            "comment" : "Email the new manager and set the FROM address as {helpdeskEmail}",
            "from" : "{helpdeskEmail}",
            "to" : "{mgrEmail}",
            "subject" : "Action Required to Transfer User {usrFirstname} {usrLastname} to a New Manager"
        },
        "UserTransferTitleChange" : {
            "comment" : "Email the manager and set the FROM address as {helpdeskEmail}",
            "from" : "{helpdeskEmail}",
            "to" : "{mgrEmail}",
            "subject" : "Action Required for a Title Change for User {usrFirstname} {usrLastname}"
        },
        "UserTransferLocationchange" : {
            "comment" : "Email the manager and set the FROM address as {helpdeskEmail}",
            "from" : "{helpdeskEmail}",
            "to" : "{mgrEmail}",
            "subject" : "Action Required for Work Location Change for User {usrFirstname} {usrLastname}"
        },
        "UserConversionToEmployee" : {
            "comment" : "Email the manager and set the FROM address as {helpdeskEmail}",
            "from" : "{helpdeskEmail}",
            "to" : "{mgrEmail}",
            "subject" : "Action Required Converting User {usrFirstname} {usrLastname} from a {usrOldWorkerType} to a {usrNewWorkerType}"
        },
        "UserConversionToContractor" : {
            "comment" : "Email the manager and set the FROM address as {helpdeskEmail}",
            "from" : "{helpdeskEmail}",
            "to" : "{mgrEmail}",
            "subject" : "Action Required Converting User {usrFirstname} {usrLastname} from a {usrOldWorkerType} to a {usrNewWorkerType}"
        },
        "UserAccountExpiringTodayNoticeToManager" : {
            "comment" : "Email the manager and set the FROM address as {helpdeskEmail}",
            "from" : "{helpdeskEmail}",
            "to" : "{mgrEmail}",
            "subject" : "Action Required User Account Expires Today for Contractor {usrFirstname} {usrLastname}"
        },
        "UserAccountExpiringDailyNoticeToManager" : {
            "comment" : "Email the manager and set the FROM address as {helpdeskEmail} Sent daily until the useris removed from HR, or the AD account is not expired.",
            "from" : "{helpdeskEmail}",
            "to" : "{mgrEmail}",
            "subject" : "Action Required User Account will Expire in {noticeDays} Days for Contractor {usrFirstname} {usrLastname}"
        },
        "UserAccountDisabledDailyNoticeToManager" : {
            "comment" : "Email the manager and set the FROM address as {helpdeskEmail} Sent daily until the useris removed from HR, or the AD account is not expired.",
            "from" : "{helpdeskEmail}",
            "to" : "{mgrEmail}",
            "subject" : "Action Required User Account for Contractor {usrFirstname} {usrLastname} has Expired"
        },
        "UserAccountExpiredHRNotice" : {
            "comment" : "Email the HR Business Partner from this BU (read for workday) and set the FROM address as {itSecurityEmail}",
            "from" : "{helpdeskEmail}",
            "to" : "{partnerEmail}",
            "subject" : "Action Required User Account for Contractor {usrFirstname} {usrLastname} has Expired {noticeDays} Days"
        },
        "UserAccountExpiredITSecurityDaily" : {
            "comment" : "Email the {itSecurityEmail} and set the FROM address as {itSecurityEmail}",
            "from" : "{helpdeskEmail}",
            "to" : "{itSecurityEmail}",
            "subject" : "Action Required User Account for Contractor {usrFirstname} {usrLastname} has been Expired for 30 Days"
        },
        "LeaveOfAbsence" : {
            "comment" : "Email the manager and set the FROM address as {helpdeskEmail}",
            "from" : "{helpdeskEmail}",
            "to" : "{mgrEmail}",
            "subject" : "Leave of Absence Important Account Information for {usrFirstname} {usrLastname}"
        },
        "LeaveOfAbsenceEnd" : {
            "comment" : "Email the manager and set the FROM address as {helpdeskEmail}",
            "from" : "{helpdeskEmail}",
            "to" : "{mgrEmail}",
            "subject" : "Leave of Absence Important Account information for {usrFirstname} {usrLastname}"
        },
        "AccountExpiration190" : {
            "comment" : "It would go to ITsecurity if the account is set to expire in more than 190 days",
            "from" : "{provisioningEmail}",
            "to" : "{itSecurityEmail}",
            "subject" : "IT Security: Account Found that Expires in more than 190 Days. {usrUID}"
        },
        "NewCityForTXOFoundWithoutMapping" : {
            "comment" : "Email the {itSecurityEmail} and TO {cityManagerEmail} and set the FROM address as {itSecurityEmail}",
            "from" : "{helpdeskEmail}",
            "to" : "{itSecurityEmail},{cityManagerEmail}",
            "subject" : "A New City {newCityForTXO} has been found in TXO with a Worker Assigned to it."
        },
        "YouAreNowTheOwnerOfServer" : {
            "comment" : "Email the manager about transferring/terminating user. Set the FROM address as {helpdeskEmail}",
            "from" : "{helpdeskEmail}",
            "to" : "{mgrEmail}",
            "subject" : "You are now the Owner of Server(s). Please Review"
        },
        "ClinicalTransfer" : {
            "comment" : "Email the new manager and set the FROM address as {helpdeskEmail}",
            "from" : "{helpdeskEmail}",
            "to" : "{mgrEmail}",
            "subject" : "Action Required for Transferring User {usrFirstname} {usrLastname} from/to a Clinical Role from/to a Non-Clinical Role"
        }
    }
}