<?xml version="1.0"?>
<!DOCTYPE Configure PUBLIC "-//Mort Bay Consulting//
DTD Configure//EN" "http://jetty.mortbay.org/configure.dtd">

<Configure class="org.eclipse.jetty.server.Server">

    <!-- =========================================================== -->
    <!-- Set connectors                                              -->
    <!-- =========================================================== -->
    <!-- One of each type!                                           -->
    <!-- =========================================================== -->

    <Set name="connectors">
        <Array type="org.eclipse.jetty.server.Connector">
            <Item>
                <!-- Use this connector for many frequently idle connections
                     and for threadless continuations.
                -->
                <New class="org.eclipse.jetty.server.nio.SelectChannelConnector">
                    <Set name="host">localhost</Set>
                    <Set name="port">###{openidm.port}</Set>
                    <Set name="maxIdleTime">300000</Set>
                    <Set name="Acceptors">2</Set>
                    <Set name="statsOn">false</Set>
                    <Set name="confidentialPort">8443</Set>
                    <Set name="lowResourcesConnections">20000</Set>
                    <Set name="lowResourcesMaxIdleTime">5000</Set>
                </New>
            </Item>
        </Array>
    </Set>

</Configure>

