{
    "objects" : [
        {
            "name" : "user"
        },
        {
            "name" : "user_correlated"
        },
        {
            "name" : "user_future"
        },
        {
            "name" : "group"
        },
        {
            "name" : "hrbu"
        },
        {
            "name" : "hrbugroup"
        },
        {
            "name" : "prevent_loa_job_codes"
        },
        {
            "name" : "audit",
            "properties" : [
                {
                    "name" : "target",
                    "onStore" : {
                        "type" : "text/javascript",
                        "source" : "property = com.mckesson.ScriptUtil.toJSON(property);"
                    }
                }
            ]
        },
        {
            "name" : "usonuserattributes",
            "properties" : [
                {
                    "name" : "nameData",
                    "onStore" : {
                        "type" : "text/javascript",
                        "source" : "property = com.mckesson.ScriptUtil.toJSON(property);"
                    }
                }
            ]
        },
        {
            "name" : "usonuserattributes_staging",
            "properties" : [
                {
                    "name" : "nameData",
                    "onStore" : {
                        "type" : "text/javascript",
                        "source" : "property = com.mckesson.ScriptUtil.toJSON(property);"
                    }
                }
            ]
        },
        {
            "name" : "deferredtask"
        },
        {
            "name" : "deferredtask_staging"
        },
        {
            "name" : "audit_report"
        },
        {
            "name" : "audit_errors_report"
        },
        {
            "name" : "sync_report"
        },
        {
            "name" : "auditrecon"
        },
        {
            "name" : "o365license"
        },
        {
            "name" : "o365license_dryrun"
        },
        {
            "name" : "okta_update_blacklist"
        },
        {
            "name" : "okta_create_blacklist"
        }
    ]
}