{
    "name" : "###{provisioner.workday.name}-future",
    "connectorRef" : {
        "connectorHostRef" : "osgi:service/org.identityconnectors.framework.api.ConnectorInfoManager",
        "connectorName" : "org.forgerock.openicf.connectors.workday.WorkdayConnector",
        "bundleName" : "org.forgerock.openicf.connectors.workday-connector",
        "bundleVersion" : "1.1.0.0-CP4"
    },
    "poolConfigOption" : {
        "maxObjects" : 10,
        "maxIdle" : 10,
        "maxWait" : 500000,
        "minEvictableIdleTimeMillis" : 120000,
        "minIdle" : 1
    },
    "resultsHandlerConfig" : {
        "enableNormalizingResultsHandler" : false,
        "enableFilteredResultsHandler" : false,
        "enableAttributesToGetSearchResultsHandler" : false
    },
    "operationTimeout" : {
        "CREATE" : -1,
        "UPDATE" : -1,
        "DELETE" : -1,
        "TEST" : -1,
        "SCRIPT_ON_CONNECTOR" : -1,
        "SCRIPT_ON_RESOURCE" : -1,
        "GET" : -1,
        "RESOLVEUSERNAME" : -1,
        "AUTHENTICATE" : -1,
        "SEARCH" : -1,
        "VALIDATE" : -1,
        "SYNC" : -1,
        "SCHEMA" : -1
    },
    "configurationProperties" : {
        "includeEmployeeReview" : null,
        "includeBackgroundCheckData" : null,
        "includePhoto" : null,
        "includeQualifications" : null,
        "excludeProgramHierarchies" : null,
        "includeSuccessionProfile" : null,
        "includeBenefitEligibility" : null,
        "includeAccountProvisioning" : null,
        "excludeFundHierarchies" : null,
        "excludeCompanies" : null,
        "excludeBusinessUnitHierarchies" : null,
        "excludeFunds" : null,
        "excludeSupervisoryOrganizations" : null,
        "excludeMatrixOrganizations" : null,
        "excludeGrants" : null,
        "excludePrograms" : null,
        "excludeBusinessUnits" : null,
        "includeSkills" : null,
        "includeCareer" : null,
        "includeFeedbackReceived" : null,
        "includeOrganizations" : true,
        "excludeGifts" : null,
        "includeBenefitEnrollments" : null,
        "includeUserAccount" : null,
        "includeEmployeeContractData" : null,
        "includeGoals" : null,
        "excludeCostCenterHierarchies" : null,
        "includeRoles" : null,
        "excludeLocationHierarchies" : null,
        "includeTalentAssessment" : null,
        "includeCompensation" : null,
        "includeContingentWorkerTaxAuthorityFormInformation" : null,
        "excludePayGroups" : null,
        "excludeOrganizationSupportRoleData" : null,
        "includeTransactionLogData" : null,
        "includeDevelopmentItems" : null,
        "excludeCompanyHierarchies" : null,
        "excludeGiftHierarchies" : null,
        "includeRelatedPersons" : null,
        "excludeCostCenters" : null,
        "excludeGrantHierarchies" : null,
        "excludeRegions" : null,
        "excludeTeams" : null,
        "excludeRegionHierarchies" : null,
        "excludeCustomOrganizations" : null,
        "includeWorkerDocuments" : null,
        "includeManagementChainData" : true,
        "endpoint" : "###{provisioner.workday.endpoint}",
        "tenant" : "###{provisioner.workday.tenant}",
        "xslTransformer" : "conf/workday-connector-transformer.xslt",
        "receiveTimeout" : "600000",
        "connectionTimeout" : "120000",
        "username" : "###{provisioner.workday.username}",
        "password" : "###{provisioner.workday.password}",
        "effectiveFrom" : "1970-01-01",
        "effectiveThrough" : "P62D",
        "asOfEffectiveDate" : "P62D"
    },
    "objectTypes" : {
        "__ACCOUNT__" : {
            "$schema" : "http://json-schema.org/draft-03/schema",
            "id" : "__ACCOUNT__",
            "type" : "object",
            "nativeType" : "__ACCOUNT__",
            "properties" : {
                "state" : {
                    "type" : "string",
                    "nativeName" : "state",
                    "nativeType" : "string",
                    "flags" : [
                        "NOT_CREATABLE",
                        "NOT_UPDATEABLE"
                    ]
                },
                "workerType" : {
                    "type" : "string",
                    "nativeName" : "workerType",
                    "nativeType" : "string",
                    "flags" : [
                        "NOT_CREATABLE",
                        "NOT_UPDATEABLE"
                    ]
                },
                "HRBU" : {
                    "type" : "string",
                    "nativeName" : "HRBU",
                    "nativeType" : "string",
                    "flags" : [
                        "NOT_CREATABLE",
                        "NOT_UPDATEABLE"
                    ]
                },
                "country" : {
                    "type" : "string",
                    "nativeName" : "country",
                    "nativeType" : "string",
                    "flags" : [
                        "NOT_CREATABLE",
                        "NOT_UPDATEABLE"
                    ]
                },
                "address" : {
                    "type" : "array",
                    "items" : {
                        "type" : "string",
                        "nativeType" : "string"
                    },
                    "nativeName" : "address",
                    "nativeType" : "string",
                    "flags" : [
                        "NOT_CREATABLE",
                        "NOT_UPDATEABLE"
                    ]
                },
                "telephoneNumber" : {
                    "type" : "array",
                    "items" : {
                        "type" : "string",
                        "nativeType" : "string"
                    },
                    "nativeName" : "telephone",
                    "nativeType" : "string",
                    "flags" : [
                        "NOT_CREATABLE",
                        "NOT_UPDATEABLE"
                    ]
                },
                "managerID" : {
                    "type" : "string",
                    "nativeName" : "managerID",
                    "nativeType" : "string",
                    "flags" : [
                        "NOT_CREATABLE",
                        "NOT_UPDATEABLE"
                    ]
                },
                "middleName" : {
                    "type" : "string",
                    "nativeName" : "middleName",
                    "nativeType" : "string",
                    "flags" : [
                        "NOT_CREATABLE",
                        "NOT_UPDATEABLE"
                    ]
                },
                "firstName" : {
                    "type" : "string",
                    "nativeName" : "firstName",
                    "nativeType" : "string",
                    "flags" : [
                        "NOT_CREATABLE",
                        "NOT_UPDATEABLE"
                    ]
                },
                "employee" : {
                    "type" : "boolean",
                    "nativeName" : "employee",
                    "nativeType" : "boolean",
                    "flags" : [
                        "NOT_CREATABLE",
                        "NOT_UPDATEABLE"
                    ]
                },
                "postalCode" : {
                    "type" : "string",
                    "nativeName" : "postalCode",
                    "nativeType" : "string",
                    "flags" : [
                        "NOT_CREATABLE",
                        "NOT_UPDATEABLE"
                    ]
                },
                "mobile" : {
                    "type" : "array",
                    "items" : {
                        "type" : "string",
                        "nativeType" : "string"
                    },
                    "nativeName" : "mobile",
                    "nativeType" : "string",
                    "flags" : [
                        "NOT_CREATABLE",
                        "NOT_UPDATEABLE"
                    ]
                },
                "workerID" : {
                    "type" : "string",
                    "nativeName" : "__NAME__",
                    "nativeType" : "string",
                    "flags" : [
                        "NOT_CREATABLE",
                        "NOT_UPDATEABLE"
                    ]
                },
                "email" : {
                    "type" : "string",
                    "nativeName" : "email",
                    "nativeType" : "string"
                },
                "city" : {
                    "type" : "string",
                    "nativeName" : "city",
                    "nativeType" : "string",
                    "flags" : [
                        "NOT_CREATABLE",
                        "NOT_UPDATEABLE"
                    ]
                },
                "active" : {
                    "type" : "boolean",
                    "nativeName" : "active",
                    "nativeType" : "boolean",
                    "flags" : [
                        "NOT_CREATABLE",
                        "NOT_UPDATEABLE"
                    ]
                },
                "postalAddress" : {
                    "type" : "string",
                    "nativeName" : "postalAddress",
                    "nativeType" : "string",
                    "flags" : [
                        "NOT_CREATABLE",
                        "NOT_UPDATEABLE"
                    ]
                },
                "addressLastModified" : {
                    "type" : "string",
                    "nativeName" : "addressLastModified",
                    "nativeType" : "string",
                    "flags" : [
                        "NOT_CREATABLE",
                        "NOT_UPDATEABLE"
                    ]
                },
                "fax" : {
                    "type" : "array",
                    "items" : {
                        "type" : "string",
                        "nativeType" : "string"
                    },
                    "nativeName" : "fax",
                    "nativeType" : "string",
                    "flags" : [
                        "NOT_CREATABLE",
                        "NOT_UPDATEABLE"
                    ]
                },
                "legalPrefix" : {
                    "type" : "string",
                    "nativeName" : "legalPrefix",
                    "nativeType" : "string",
                    "flags" : [
                        "NOT_CREATABLE",
                        "NOT_UPDATEABLE"
                    ]
                },
                "legalName" : {
                    "type" : "string",
                    "nativeName" : "legalName",
                    "nativeType" : "string",
                    "flags" : [
                        "NOT_CREATABLE",
                        "NOT_UPDATEABLE"
                    ]
                },
                "legalSuffix" : {
                    "type" : "string",
                    "nativeName" : "legalSuffix",
                    "nativeType" : "string",
                    "flags" : [
                        "NOT_CREATABLE",
                        "NOT_UPDATEABLE"
                    ]
                },
                "title" : {
                    "type" : "string",
                    "nativeName" : "title",
                    "nativeType" : "string",
                    "flags" : [
                        "NOT_CREATABLE",
                        "NOT_UPDATEABLE"
                    ]
                },
                "userID" : {
                    "type" : "string",
                    "nativeName" : "userID",
                    "nativeType" : "string"
                },
                "password" : {
                    "type" : "string",
                    "nativeName" : "__PASSWORD__",
                    "nativeType" : "JAVA_TYPE_GUARDEDSTRING",
                    "flags" : [
                        "NOT_READABLE",
                        "NOT_RETURNED_BY_DEFAULT"
                    ]
                },
                "lastName" : {
                    "type" : "string",
                    "nativeName" : "lastName",
                    "nativeType" : "string",
                    "flags" : [
                        "NOT_CREATABLE",
                        "NOT_UPDATEABLE"
                    ]
                },
                "terminated" : {
                    "type" : "boolean",
                    "nativeName" : "terminated",
                    "nativeType" : "boolean",
                    "flags" : [
                        "NOT_CREATABLE",
                        "NOT_UPDATEABLE"
                    ]
                },
                "dateActivated" : {
                    "type" : "string",
                    "nativeName" : "dateActivated",
                    "nativeType" : "string",
                    "flags" : [
                        "NOT_CREATABLE",
                        "NOT_UPDATEABLE"
                    ]
                },
                "positionEffectiveDate" : {
                    "type" : "string",
                    "nativeName" : "positionEffectiveDate",
                    "nativeType" : "string",
                    "flags" : [
                        "NOT_CREATABLE",
                        "NOT_UPDATEABLE"
                    ]
                },
                "preferredFirstName" : {
                    "type" : "string",
                    "nativeName" : "preferredFirstName",
                    "nativeType" : "string",
                    "flags" : [
                        "NOT_CREATABLE",
                        "NOT_UPDATEABLE"
                    ]
                },
                "preferredLastName" : {
                    "type" : "string",
                    "nativeName" : "preferredLastName",
                    "nativeType" : "string",
                    "flags" : [
                        "NOT_CREATABLE",
                        "NOT_UPDATEABLE"
                    ]
                },
                "preferredPrefix" : {
                    "type" : "string",
                    "nativeName" : "preferredPrefix",
                    "nativeType" : "string",
                    "flags" : [
                        "NOT_CREATABLE",
                        "NOT_UPDATEABLE"
                    ]
                },
                "preferredSuffix" : {
                    "type" : "string",
                    "nativeName" : "preferredSuffix",
                    "nativeType" : "string",
                    "flags" : [
                        "NOT_CREATABLE",
                        "NOT_UPDATEABLE"
                    ]
                },
                "HRPartner" : {
                    "type" : "string",
                    "nativeName" : "HRPartner",
                    "nativeType" : "string",
                    "flags" : [
                        "NOT_CREATABLE",
                        "NOT_UPDATEABLE"
                    ]
                },
                "leaveOfAbsence" : {
                    "type" : "boolean",
                    "nativeName" : "leaveOfAbsence",
                    "nativeType" : "boolean",
                    "flags" : [
                        "NOT_CREATABLE",
                        "NOT_UPDATEABLE"
                    ]
                },
                "executiveDirector" : {
                    "type" : "string",
                    "nativeName" : "executiveDirector",
                    "nativeType" : "string",
                    "flags" : [
                        "NOT_CREATABLE",
                        "NOT_UPDATEABLE"
                    ]
                },
                "hireDate" : {
                    "type" : "string",
                    "nativeName" : "hireDate",
                    "nativeType" : "string",
                    "flags" : [
                        "NOT_CREATABLE",
                        "NOT_UPDATEABLE"
                    ]
                },
                "jobFamily" : {
                    "type" : "string",
                    "nativeName" : "jobFamily",
                    "nativeType" : "string",
                    "flags" : [
                        "NOT_CREATABLE",
                        "NOT_UPDATEABLE"
                    ]
                },
                "ssn" : {
                    "type" : "string",
                    "nativeName" : "ssn",
                    "nativeType" : "string",
                    "flags" : [
                        "NOT_CREATABLE",
                        "NOT_UPDATEABLE"
                    ]
                },
                "homePostalCode" : {
                    "type" : "string",
                    "nativeName" : "homePostalCode",
                    "nativeType" : "string",
                    "flags" : [
                        "NOT_CREATABLE",
                        "NOT_UPDATEABLE"
                    ]
                },
                "companyId" : {
                    "type" : "string",
                    "nativeName" : "companyId",
                    "nativeType" : "string",
                    "flags" : [
                        "NOT_CREATABLE",
                        "NOT_UPDATEABLE"
                    ]
                },
                "workerTypeDescriptor" : {
                    "type" : "string",
                    "nativeName" : "workerTypeDescriptor",
                    "nativeType" : "string",
                    "flags" : [
                        "NOT_CREATABLE",
                        "NOT_UPDATEABLE"
                    ]
                },
                "glPayType" : {
                    "type" : "string",
                    "nativeName" : "glPayType",
                    "nativeType" : "string",
                    "flags" : [
                        "NOT_CREATABLE",
                        "NOT_UPDATEABLE"
                    ]
                },
                "location" : {
                    "type" : "string",
                    "nativeName" : "location",
                    "nativeType" : "string",
                    "flags" : [
                        "NOT_CREATABLE",
                        "NOT_UPDATEABLE"
                    ]
                }
            }
        }
    }
}