{
    "connection" : {
        "dbType" : "MYSQL",
        "jndiName" : "",
        "driverClass" : "com.mysql.jdbc.Driver",
        "jdbcUrl" : "###{repo.url}",
        "username" : "###{repo.username}",
        "password" : "###{repo.password}",
        "defaultCatalog" : "###{repo.schema}",
        "maxBatchSize" : 100,
        "maxTxRetry" : 5,
        "enableConnectionPool" : true,
        "idleMaxAgeInSeconds" : 600
    },
    "queries" : {
        "genericTables" : {
            "credential-query" : "SELECT fullobject FROM ${_dbSchema}.${_mainTable} obj INNER JOIN ${_dbSchema}.${_propTable} prop ON obj.id = prop.${_mainTable}_id INNER JOIN ${_dbSchema}.objecttypes objtype ON objtype.id = obj.objecttypes_id WHERE prop.propkey='/userName' AND prop.propvalue = ${username} AND objtype.objecttype = ${_resource}",
            "find-by-id" : "SELECT fullobject FROM ${_dbSchema}.${_mainTable} obj INNER JOIN ${_dbSchema}.objecttypes objtype ON objtype.id = obj.objecttypes_id WHERE obj.objectid = ${id} AND objtype.objecttype = ${_resource}",
            "get-by-field-value" : "SELECT fullobject FROM ${_dbSchema}.${_mainTable} obj INNER JOIN ${_dbSchema}.${_propTable} prop ON obj.id = prop.${_mainTable}_id INNER JOIN ${_dbSchema}.objecttypes objtype ON objtype.id = obj.objecttypes_id WHERE prop.propkey='/' + ${field} AND prop.propvalue = ${value} AND objtype.objecttype = ${_resource}",
            "get-users-of-role" : "select 'userName' as propkey, propvalue from ${_dbSchema}.${_propTable} where ${_mainTable}_id IN (SELECT prop.${_mainTable}_id from ${_dbSchema}.${_propTable} prop WHERE prop.propkey='/roles' AND prop.propvalue regexp concat('^(.*,)?',${role},'(,.*)?$')) and propkey = '/username'",
            "query-all-ids" : "SELECT obj.objectid FROM ${_dbSchema}.${_mainTable} obj INNER JOIN objecttypes objtype ON obj.objecttypes_id = objtype.id WHERE objtype.objecttype = ${_resource}",
            "query-all" : "SELECT obj.fullobject FROM ${_dbSchema}.${_mainTable} obj INNER JOIN objecttypes objtype ON obj.objecttypes_id = objtype.id WHERE objtype.objecttype = ${_resource}",
            "for-userName" : "SELECT fullobject FROM ${_dbSchema}.${_mainTable} obj INNER JOIN ${_dbSchema}.${_propTable} prop ON obj.id = prop.${_mainTable}_id INNER JOIN ${_dbSchema}.objecttypes objtype ON objtype.id = obj.objecttypes_id WHERE prop.propkey='/userName' AND prop.propvalue = ${uid} AND objtype.objecttype = ${_resource}",
            "credential-internaluser-query" : "SELECT credprop.${_mainTable}_id, credprop.propkey, credprop.propvalue FROM ${_dbSchema}.${_propTable} credprop INNER JOIN ${_dbSchema}.${_mainTable} obj ON obj.id = credprop.${_mainTable}_id INNER JOIN ${_dbSchema}.${_propTable} conditionprop ON obj.id = conditionprop.${_mainTable}_id INNER JOIN ${_dbSchema}.objecttypes objtype ON objtype.id = obj.objecttypes_id WHERE credprop.propkey='/userPassword' AND conditionprop.propkey='/_id' AND conditionprop.propvalue = ${username} AND objtype.objecttype = ${_resource}",
            "scan-tasks" : "SELECT fullobject FROM ${_dbSchema}.${_mainTable} obj INNER JOIN ${_dbSchema}.${_propTable} prop ON obj.id = prop.${_mainTable}_id INNER JOIN ${_dbSchema}.${_propTable} complete ON obj.id = complete.${_mainTable}_id INNER JOIN ${_dbSchema}.objecttypes objtype ON objtype.id = obj.objecttypes_id WHERE ( prop.propkey=${property} AND prop.propvalue < ${condition.before} AND objtype.objecttype = ${_resource} ) AND ( complete.propkey=${taskState.completed} AND complete.propvalue is NULL )"
        },
        "explicitTables" : {
            "get-users-of-role" : "select objectid from ${_dbSchema}.${_table} where roles regexp concat('^(.*,)?',${role},'(,.*)?$')",
            "query-all" : "SELECT * FROM ${_dbSchema}.${_table}",
            "query-all-ids" : "SELECT objectid FROM ${_dbSchema}.${_table}",
            "for-internalcredentials" : "select * FROM openidm.internaluser WHERE objectid = ${uid}",
            "get-notifications-for-user" : "select * FROM ${_dbSchema}.${_table} WHERE receiverId = ${userId} order by createDate desc",
            "credential-query" : "SELECT * FROM ${_dbSchema}.${_table} WHERE objectid = ${username}",
            "credential-internaluser-query" : "SELECT objectid, pwd, roles FROM ${_dbSchema}.${_table} WHERE objectid = ${username}",
            "links-for-firstId" : "SELECT * FROM ${_dbSchema}.${_table} WHERE linkType = ${linkType} AND firstid = ${firstId}",
            "links-for-secondId" : "SELECT * FROM ${_dbSchema}.${_table} WHERE linkType = ${linkType} AND secondid = ${secondId}",
            "links-for-linkType" : "SELECT * FROM ${_dbSchema}.${_table} WHERE linkType = ${linkType}",
            "scan-tasks" : "SELECT * FROM ${_dbSchema}.${_table} WHERE ${property} < ${condition.before} AND ${taskState.completed} is NULL",
            "find-by-id" : "SELECT * FROM ${_dbSchema}.${_table} WHERE objectid = ${id}",
            "find-by-uid" : "SELECT * FROM ${_dbSchema}.${_table} WHERE uid = ${uid}",
            "find-by-workerID" : "SELECT * FROM ${_dbSchema}.${_table} WHERE workerID = ${workerID}",
            "find-by-hrbu" : "SELECT * FROM ${_dbSchema}.hrbu_view WHERE LOWER(hrbu) = LOWER(SUBSTRING(${hrbu}, 1, 5)) AND (city is null OR LOWER(city) = LOWER(${city})) AND (street is null OR locate(LOWER(street), LOWER(${street})) > 0 ) ORDER BY hrbu, city DESC, street DESC",
            "find-hrbu-groups" : "SELECT * FROM ${_dbSchema}.group_mapping WHERE FIND_IN_SET(LOWER(name), LOWER(${groups})) > 0 AND type = 'hrbu'",
            "find-location-specific-groups" : "SELECT * FROM ${_dbSchema}.group_mapping gm WHERE type = 'hrbu' AND EXISTS(SELECT * FROM ${_dbSchema}.hrbu_view hv WHERE hv.hrbu=${hrbu} AND FIND_IN_SET(LOWER(gm.name), LOWER(hv.groups)) > 0)",
            "find-csa-groups" : "SELECT * FROM ${_dbSchema}.group_mapping WHERE FIND_IN_SET(LOWER(name), LOWER(${groups})) > 0 AND type = 'csa'",
            "find-default-groups" : "SELECT * FROM ${_dbSchema}.group_mapping WHERE type = 'default'",
            "find-user-without-manager" : "SELECT * FROM ${_dbSchema}.${_table} WHERE ismanagerlinked = 'false'",
            "find-user-without-password" : "SELECT * FROM ${_dbSchema}.${_table} WHERE ispasswordset = 'false'",
            "find-source-by-target" : "SELECT mu.* FROM ${_dbSchema}.${_table} mu, ${_dbSchema}.links l WHERE mu.objectid = l.firstid and l.secondid = ${uid}",
            "get-prevent_loa-job-code-by-code" : "SELECT * FROM ${_dbSchema}.${_table} WHERE code = ${code}",
            "get_reconcilation_audit" : "select count(*) as count, date(eventdate) as eventdate, reconid, mapping, sourceid, group_concat(distinct action order by action) as action, group_concat(distinct situation) as situation, group_concat(distinct status) as status, trim('\\n' FROM group_concat(ifnull(message, '') separator '\\n')) as message, mu.workerID as workerid, mu.managerID as managerid, mu.legalName as name from audit_async_recon aar left join manageduser mu on aar.sourceid = mu.objectid where eventdate >= ${date} group by reconid, sourceid order by eventdate, reconid",
            "dry_run_prepare" : "CALL dry_run_prepare()",
            "correlate_users" : "CALL correlate_users()",
            "get_sync_report" : "SELECT * FROM ${_dbSchema}.${_table} where reconid = (select reconid from audit_async_recon order by eventdate desc limit 1) order by sourceid, id",
            "find-hrbu-data-by-id" : "SELECT * FROM ${_dbSchema}.hrbu WHERE LOWER(hrbu) = LOWER(SUBSTRING(${hrbu}, 1, 5))",
            "audit-last-date-recon" : "SELECT * FROM ${_dbSchema}.auditrecon WHERE (entryType = 'start' or entryType = 'summary') and mapping = ${mapping} and STR_TO_DATE(activitydate, '%Y-%m-%dT%H:%i:%s.%f') >= STR_TO_DATE(${date}, '%Y-%m-%dT%H:%i:%s.%f') order by activitydate desc limit 1",
            "get-deferred-tasks-batch" : "SELECT * FROM ${_dbSchema}.${_table} LIMIT 100",
            "find-audit-actions-by-reconid-action-sourceid" : "SELECT * FROM ${_dbSchema}.audit_async_recon WHERE reconid = ${reconId} AND action = ${action} AND sourceid = ${sourceId}",
            "get-o365-licenses" : "SELECT * FROM ${_dbSchema}.${_table} WHERE user_principal_name = ${userPrincipalName}",
            "audit-errors-report-fill" : "CALL ${_dbSchema}.audit_errors_report_fill(${reconId}, ${limitValue})",
            "okta-hrbu-blacklist" : "CALL ${_dbSchema}.okta_hrbu_blacklist(${location_prefix}, ${new_openid})",
            "is-okta-update-blacklisted" : "SELECT count(*) as objectid from ${_dbSchema}.${_table} WHERE objectid = ${objectid}",
            "is-okta-create-blacklisted" : "SELECT count(*) as location from ${_dbSchema}.${_table} WHERE location = UPPER(${location})",
            "get-new-okta-update-users" : "SELECT * FROM ${_dbSchema}.okta_update_blacklist where openID = ${openID}",
            "get-new-okta-create-users" : "SELECT * FROM ${_dbSchema}.manageduser_correlated where upper(location) in (SELECT location from ${_dbSchema}.okta_create_blacklist where openID = ${openID}) and workerID IS NOT NULL and trm <> 'true' and userID IS NOT NULL and uid not in (SELECT objectid from ${_dbSchema}.okta_update_blacklist where openID = ${openID})"
        }
    },
    "resourceMapping" : {
        "default" : {
            "mainTable" : "genericobjects",
            "propertiesTable" : "genericobjectproperties",
            "searchableDefault" : true
        },
        "genericMapping" : {
            "managed/*" : {
                "mainTable" : "managedobjects",
                "propertiesTable" : "managedobjectproperties",
                "searchableDefault" : true
            },
            "scheduler" : {
                "mainTable" : "schedulerobjects",
                "propertiesTable" : "schedulerobjectproperties",
                "searchableDefault" : true
            }
        },
        "explicitMapping" : {
            "link" : {
                "table" : "links",
                "objectToColumn" : {
                    "_id" : "objectid",
                    "_rev" : "rev",
                    "linkType" : "linktype",
                    "firstId" : "firstid",
                    "secondId" : "secondid"
                }
            },
            "ui/notification" : {
                "table" : "uinotification",
                "objectToColumn" : {
                    "_id" : "objectid",
                    "_rev" : "rev",
                    "requester" : "requester",
                    "requesterId" : "requesterId",
                    "receiverId" : "receiverId",
                    "createDate" : "createDate",
                    "notificationType" : "notificationType",
                    "notificationSubtype" : "notificationSubtype",
                    "message" : "message"
                }
            },
            "internal/user" : {
                "table" : "internaluser",
                "objectToColumn" : {
                    "_id" : "objectid",
                    "_rev" : "rev",
                    "password" : "pwd",
                    "roles" : "roles"
                }
            },
            "audit/activity" : {
                "table" : "auditactivity",
                "objectToColumn" : {
                    "_id" : "objectid",
                    "activityId" : "activityid",
                    "timestamp" : "activitydate",
                    "action" : "activity",
                    "message" : "message",
                    "objectId" : "subjectid",
                    "rev" : "subjectrev",
                    "rootActionId" : "rootactionid",
                    "parentActionId" : "parentactionid",
                    "requester" : "requester",
                    "approver" : "approver",
                    "before" : "subjectbefore",
                    "after" : "subjectafter",
                    "status" : "status",
                    "changedFields" : "changedfields",
                    "passwordChanged" : "passwordchanged"
                }
            },
            "audit/recon" : {
                "table" : "auditrecon",
                "objectToColumn" : {
                    "_id" : "objectid",
                    "entryType" : "entrytype",
                    "rootActionId" : "rootactionid",
                    "action" : "activity",
                    "message" : "message",
                    "mapping" : "mapping",
                    "reconciling" : "reconciling",
                    "reconId" : "reconid",
                    "situation" : "situation",
                    "sourceObjectId" : "sourceobjectid",
                    "status" : "status",
                    "targetObjectId" : "targetobjectid",
                    "ambiguousTargetObjectIds" : "ambiguoustargetobjectids",
                    "timestamp" : "activitydate"
                }
            },
            "managed/auditrecon" : {
                "table" : "auditrecon",
                "objectToColumn" : {
                    "_id" : "objectid",
                    "entryType" : "entrytype",
                    "rootActionId" : "rootactionid",
                    "action" : "activity",
                    "message" : "message",
                    "mapping" : "mapping",
                    "reconciling" : "reconciling",
                    "reconId" : "reconid",
                    "situation" : "situation",
                    "sourceObjectId" : "sourceobjectid",
                    "status" : "status",
                    "targetObjectId" : "targetobjectid",
                    "ambiguousTargetObjectIds" : "ambiguoustargetobjectids",
                    "timestamp" : "activitydate"
                }
            },
            "audit/access" : {
                "table" : "auditaccess",
                "objectToColumn" : {
                    "_id" : "objectid",
                    "action" : "activity",
                    "ip" : "ip",
                    "principal" : "principal",
                    "roles" : "roles",
                    "status" : "status",
                    "timestamp" : "activitydate"
                }
            },
            "managed/user" : {
                "table" : "manageduser",
                "objectToColumn" : {
                    "_id" : "objectid",
                    "_rev" : "rev",
                    "uid" : "uid",
                    "country" : "country",
                    "middleName" : "middleName",
                    "postalCode" : "postalCode",
                    "addressLastModified" : "addressLastModified",
                    "employee" : "employee",
                    "email" : "email",
                    "address" : "address",
                    "postalAddress" : "postalAddress",
                    "legalName" : "legalName",
                    "workerType" : "workerType",
                    "userID" : "userID",
                    "city" : "city",
                    "state" : "state",
                    "workerID" : "workerID",
                    "managerID" : "managerID",
                    "firstName" : "firstName",
                    "hrbu" : "hrbu",
                    "title" : "title",
                    "lastName" : "lastName",
                    "active" : "active",
                    "fax" : "fax",
                    "mobile" : "mobile",
                    "telephoneNumber" : "telephoneNumber",
                    "trm" : "trm",
                    "dateActivated" : "dateActivated",
                    "positionEffectiveDate" : "positionEffectiveDate",
                    "legalPrefix" : "legalPrefix",
                    "legalSuffix" : "legalSuffix",
                    "preferredFirstName" : "preferredFirstName",
                    "preferredLastName" : "preferredLastName",
                    "preferredPrefix" : "preferredPrefix",
                    "preferredSuffix" : "preferredSuffix",
                    "hrPartner" : "hrPartner",
                    "hireDate" : "hireDate",
                    "leaveOfAbsence" : "leaveOfAbsence",
                    "executiveDirector" : "executiveDirector",
                    "jobFamily" : "jobFamily",
                    "ssn" : "ssn",
                    "homePostalCode" : "homePostalCode",
                    "companyId" : "companyId",
                    "workerTypeDescriptor" : "workerTypeDescriptor",
                    "glPayType" : "glPayType",
                    "location" : "location"
                }
            },
            "managed/user_future" : {
                "table" : "manageduser_future",
                "objectToColumn" : {
                    "_id" : "objectid",
                    "_rev" : "rev",
                    "uid" : "uid",
                    "country" : "country",
                    "middleName" : "middleName",
                    "postalCode" : "postalCode",
                    "addressLastModified" : "addressLastModified",
                    "employee" : "employee",
                    "email" : "email",
                    "address" : "address",
                    "postalAddress" : "postalAddress",
                    "legalName" : "legalName",
                    "workerType" : "workerType",
                    "userID" : "userID",
                    "city" : "city",
                    "state" : "state",
                    "workerID" : "workerID",
                    "managerID" : "managerID",
                    "firstName" : "firstName",
                    "hrbu" : "hrbu",
                    "title" : "title",
                    "lastName" : "lastName",
                    "active" : "active",
                    "fax" : "fax",
                    "mobile" : "mobile",
                    "telephoneNumber" : "telephoneNumber",
                    "trm" : "trm",
                    "dateActivated" : "dateActivated",
                    "positionEffectiveDate" : "positionEffectiveDate",
                    "legalPrefix" : "legalPrefix",
                    "legalSuffix" : "legalSuffix",
                    "preferredFirstName" : "preferredFirstName",
                    "preferredLastName" : "preferredLastName",
                    "preferredPrefix" : "preferredPrefix",
                    "preferredSuffix" : "preferredSuffix",
                    "hrPartner" : "hrPartner",
                    "hireDate" : "hireDate",
                    "leaveOfAbsence" : "leaveOfAbsence",
                    "executiveDirector" : "executiveDirector",
                    "jobFamily" : "jobFamily",
                    "ssn" : "ssn",
                    "homePostalCode" : "homePostalCode",
                    "companyId" : "companyId",
                    "workerTypeDescriptor" : "workerTypeDescriptor",
                    "glPayType" : "glPayType",
                    "location" : "location"
                }
            },
            "managed/user_correlated" : {
                "table" : "manageduser_correlated",
                "objectToColumn" : {
                    "_id" : "objectid",
                    "_rev" : "rev",
                    "uid" : "uid",
                    "country" : "country",
                    "middleName" : "middleName",
                    "postalCode" : "postalCode",
                    "addressLastModified" : "addressLastModified",
                    "employee" : "employee",
                    "email" : "email",
                    "address" : "address",
                    "postalAddress" : "postalAddress",
                    "legalName" : "legalName",
                    "workerType" : "workerType",
                    "userID" : "userID",
                    "city" : "city",
                    "state" : "state",
                    "workerID" : "workerID",
                    "managerID" : "managerID",
                    "firstName" : "firstName",
                    "hrbu" : "hrbu",
                    "title" : "title",
                    "lastName" : "lastName",
                    "active" : "active",
                    "fax" : "fax",
                    "mobile" : "mobile",
                    "telephoneNumber" : "telephoneNumber",
                    "trm" : "trm",
                    "dateActivated" : "dateActivated",
                    "positionEffectiveDate" : "positionEffectiveDate",
                    "legalPrefix" : "legalPrefix",
                    "legalSuffix" : "legalSuffix",
                    "preferredFirstName" : "preferredFirstName",
                    "preferredLastName" : "preferredLastName",
                    "preferredPrefix" : "preferredPrefix",
                    "preferredSuffix" : "preferredSuffix",
                    "hrPartner" : "hrPartner",
                    "futureUser" : "futureUser",
                    "leaveOfAbsence" : "leaveOfAbsence",
                    "executiveDirector" : "executiveDirector",
                    "jobFamily" : "jobFamily",
                    "homePostalCode" : "homePostalCode",
                    "companyId" : "companyId",
                    "workerTypeDescriptor" : "workerTypeDescriptor",
                    "glPayType" : "glPayType",
                    "location" : "location"
                }
            },
            "managed/hrbu" : {
                "table" : "hrbu_view",
                "objectToColumn" : {
                    "_id" : "hrbu",
                    "hrbu" : "hrbu",
                    "city" : "city",
                    "street" : "street",
                    "ou" : "ou",
                    "home_drive" : "home_drive",
                    "home_dir" : "home_dir",
                    "login_script" : "login_script",
                    "groups" : "groups",
                    "contractor_groups" : "contractor_groups",
                    "contingentworkertype_outside_worker_groups" : "contingentworkertype_outside_worker_groups",
                    "contingentworkertype_x_groups" : "contingentworkertype_x_groups",
                    "active_sync" : "active_sync",
                    "notify_manager" : "notify_manager",
                    "mail_suffix" : "mail_suffix",
                    "secondary_mail_suffix" : "secondary_mail_suffix",
                    "itc_mail" : "itc_mail",
                    "enabled" : "enabled",
                    "manager_lookup_strategy" : "manager_lookup_strategy",
                    "o365" : "o365"
                }
            },
            "managed/prevent_loa_job_codes" : {
                "table" : "prevent_loa_job_codes",
                "objectToColumn" : {
                    "_id" : "objectid",
                    "code" : "code",
                    "description" : "description"
                }
            },
            "managed/hrbugroup" : {
                "table" : "group_mapping",
                "objectToColumn" : {
                    "_id" : "id",
                    "name" : "name",
                    "dn" : "dn",
                    "type" : "type"
                }
            },
            "managed/audit" : {
                "table" : "audit_async_recon",
                "objectToColumn" : {
                    "_id" : "objectid",
                    "reconId" : "reconid",
                    "mapping" : "mapping",
                    "sourceId" : "sourceid",
                    "action" : "action",
                    "situation" : "situation",
                    "status" : "status",
                    "message" : "message",
                    "target" : "target"
                }
            },
            "managed/usonuserattributes" : {
                "table" : "uson_user_attributes",
                "objectToColumn" : {
                    "_id" : "objectid",
                    "_rev" : "rev",
                    "isManagerLinked" : "ismanagerlinked",
                    "isPasswordSet" : "ispasswordset",
                    "active" : "active",
                    "hrbu" : "hrbu",
                    "employee" : "employee",
                    "sourceId" : "sourceid",
                    "nameData" : "namedata",
                    "leaveOfAbsence" : "leaveOfAbsence",
                    "currentCity" : "currentCity",
                    "currentAddress" : "currentAddress",
                    "companyId" : "companyId",
                    "workerTypeDescriptor" : "workerTypeDescriptor",
                    "accountExpiredNotificationTimestamp" : "accountExpiredNotificationTimestamp"
                }
            },
            "managed/usonuserattributes_staging" : {
                "table" : "uson_user_attributes_staging",
                "objectToColumn" : {
                    "_id" : "objectid",
                    "_rev" : "rev",
                    "isManagerLinked" : "ismanagerlinked",
                    "isPasswordSet" : "ispasswordset",
                    "active" : "active",
                    "hrbu" : "hrbu",
                    "employee" : "employee",
                    "sourceId" : "sourceid",
                    "nameData" : "namedata",
                    "leaveOfAbsence" : "leaveOfAbsence",
                    "currentCity" : "currentCity",
                    "currentAddress" : "currentAddress",
                    "companyId" : "companyId",
                    "workerTypeDescriptor" : "workerTypeDescriptor",
                    "accountExpiredNotificationTimestamp" : "accountExpiredNotificationTimestamp"
                }
            },
            "managed/deferredtask" : {
                "table" : "deferred_task",
                "objectToColumn" : {
                    "_id" : "objectid",
                    "_rev" : "rev",
                    "data" : "data"
                }
            },
            "managed/deferredtask_staging" : {
                "table" : "deferred_task_staging",
                "objectToColumn" : {
                    "_id" : "objectid",
                    "_rev" : "rev",
                    "data" : "data"
                }
            },
            "managed/audit_report" : {
                "table" : "dummy",
                "objectToColumn" : {
                    "count" : "count",
                    "eventDate" : "eventDate",
                    "reconId" : "reconid",
                    "mapping" : "mapping",
                    "sourceId" : "sourceid",
                    "action" : "action",
                    "situation" : "situation",
                    "status" : "status",
                    "message" : "message",
                    "workerId" : "workerid",
                    "managerId" : "managerId",
                    "name" : "name"
                }
            },
            "managed/sync_report" : {
                "table" : "sync_report",
                "objectToColumn" : {
                    "_id" : "id",
                    "objectid" : "objectid",
                    "eventdate" : "eventdate",
                    "reconid" : "reconid",
                    "mapping" : "mapping",
                    "sourceid" : "sourceid",
                    "action" : "action",
                    "situation" : "situation",
                    "status" : "status",
                    "message" : "message",
                    "target" : "target",
                    "rev" : "rev",
                    "uid" : "uid",
                    "country" : "country",
                    "middleName" : "middleName",
                    "postalCode" : "postalCode",
                    "addressLastModified" : "addressLastModified",
                    "employee" : "employee",
                    "email" : "email",
                    "address" : "address",
                    "postalAddress" : "postalAddress",
                    "workerType" : "workerType",
                    "userID" : "userID",
                    "city" : "city",
                    "state" : "state",
                    "workerID" : "workerID",
                    "managerID" : "managerID",
                    "hrbu" : "hrbu",
                    "title" : "title",
                    "legalPrefix" : "legalPrefix",
                    "firstName" : "firstName",
                    "lastName" : "lastName",
                    "legalSuffix" : "legalSuffix",
                    "legalName" : "legalName",
                    "preferredPrefix" : "preferredPrefix",
                    "preferredFirstName" : "preferredFirstName",
                    "preferredLastName" : "preferredLastName",
                    "preferredSuffix" : "preferredSuffix",
                    "active" : "active",
                    "fax" : "fax",
                    "mobile" : "mobile",
                    "telephoneNumber" : "telephoneNumber",
                    "trm" : "trm",
                    "hrPartner" : "hrPartner",
                    "leaveOfAbsence" : "leaveOfAbsence",
                    "executiveDirector" : "executiveDirector",
                    "futureUser" : "futureUser",
                    "companyId" : "companyId",
                    "workerTypeDescriptor" : "workerTypeDescriptor",
                    "glPayType" : "glPayType"
                }
            },
            "managed/o365license" : {
                "table" : "userlicense",
                "objectToColumn" : {
                    "userPrincipalName" : "user_principal_name",
                    "code" : "code",
                    "name" : "name",
                    "sku" : "sku"
                }
            },
            "managed/o365license_dryrun" : {
                "table" : "userlicense_dryrun",
                "objectToColumn" : {
                    "userPrincipalName" : "user_principal_name",
                    "code" : "code",
                    "name" : "name",
                    "sku" : "sku"
                }
            },
            "managed/audit_errors_report" : {
                "table" : "audit_errors_report",
                "objectToColumn" : {
                    "reconid" : "reconid",
                    "action" : "action",
                    "count" : "count",
                    "workerID" : "workerID",
                    "firstName" : "firstName",
                    "lastName" : "lastName"
                }
            },
            "managed/okta_update_blacklist" : {
                "table" : "okta_update_blacklist",
                "objectToColumn" : {
                    "_id" : "objectid",
                    "_rev" : "rev",
                    "userID" : "userID",
                    "workerID" : "workerID",
                    "email" : "email",
                    "hrbu_full" : "hrbu_full",
                    "hrbu_truncated" : "hrbu_truncated",
                    "location" : "location",
                    "openID" : "openID"
                }
            },
            "managed/okta_create_blacklist" : {
                "table" : "okta_create_blacklist",
                "objectToColumn" : {
                    "_id" : "location",
                    "_rev" : "rev",
                    "hrbu_full" : "hrbu_full",
                    "hrbu_truncated" : "hrbu_truncated",
                    "openID" : "openID"
                }
            }
        }
    }
}