{
    "filters" : [
        {
            "onRequest" : {
                "type" : "text/javascript",
                "file" : "bin/defaults/script/router-authz.js"
            }
        },
        {
            "onRequest" : {
                "type" : "text/javascript",
                "file" : "bin/defaults/script/policyFilter.js"
            },
            "methods" : [
                "create",
                "update",
                "action"
            ]
        },
        {
            "pattern" : "^system/.+",
            "methods" : [
                "query",
                "read"
            ],
            "onResponse" : {
                "type" : "text/javascript",
                "file" : "script/router/systemResourceResponseRouter.js"
            }
        },
        {
            "pattern" : "^audit/recon$",
            "onRequest" : {
                "type" : "text/javascript",
                "file" : "script/router/auditReconRouter.js"
            },
            "methods" : [
                "create"
            ]
        }
    ]
}