{
    "mappings" : [
        {
            "name" : "systemWorkdayAccounts_managedUser",
            "source" : "system/###{provisioner.workday.name}/__ACCOUNT__",
            "target" : "managed/user",
            "sourceIdsCaseSensitive" : false,
            "targetIdsCaseSensitive" : false,
            "sourceQueryFullEntry" : true,
            "correlationQuery" : {
                "type" : "text/javascript",
                "source" : "var query = {'_queryId' : 'find-by-uid', 'uid' : source._id}; query;"
            },
            "properties" : [
                {
                    "source" : "country",
                    "target" : "country",
                    "transform" : {
                        "type" : "text/javascript",
                        "file" : "script/mapCountry.js"
                    }
                },
                {
                    "source" : "middleName",
                    "target" : "middleName"
                },
                {
                    "source" : "postalCode",
                    "target" : "postalCode"
                },
                {
                    "source" : "addressLastModified",
                    "target" : "addressLastModified"
                },
                {
                    "source" : "employee",
                    "target" : "employee"
                },
                {
                    "source" : "email",
                    "target" : "email"
                },
                {
                    "source" : "address",
                    "target" : "address",
                    "transform" : {
                        "type" : "text/javascript",
                        "file" : "script/joinArray.js"
                    }
                },
                {
                    "source" : "postalAddress",
                    "target" : "postalAddress"
                },
                {
                    "source" : "legalName",
                    "target" : "legalName"
                },
                {
                    "source" : "workerType",
                    "target" : "workerType"
                },
                {
                    "source" : "userID",
                    "target" : "userID"
                },
                {
                    "source" : "city",
                    "target" : "city"
                },
                {
                    "source" : "state",
                    "target" : "state"
                },
                {
                    "source" : "workerID",
                    "target" : "workerID"
                },
                {
                    "source" : "managerID",
                    "target" : "managerID"
                },
                {
                    "source" : "firstName",
                    "target" : "firstName"
                },
                {
                    "source" : "HRBU",
                    "target" : "hrbu",
                    "transform" : {
                        "type" : "text/javascript",
                        "source" : "source && source.toUpperCase()"
                    }
                },
                {
                    "source" : "title",
                    "target" : "title"
                },
                {
                    "source" : "lastName",
                    "target" : "lastName"
                },
                {
                    "source" : "active",
                    "target" : "active"
                },
                {
                    "source" : "fax",
                    "target" : "fax",
                    "transform" : {
                        "type" : "text/javascript",
                        "source" : "(source ? source[0] : '') || '';"
                    }
                },
                {
                    "source" : "mobile",
                    "target" : "mobile",
                    "transform" : {
                        "type" : "text/javascript",
                        "source" : "(source ? source[0] : '') || '';"
                    }
                },
                {
                    "source" : "telephoneNumber",
                    "target" : "telephoneNumber",
                    "transform" : {
                        "type" : "text/javascript",
                        "source" : "(source ? source[0] : '') || '';"
                    }
                },
                {
                    "source" : "_id",
                    "target" : "uid"
                },
                {
                    "source" : "terminated",
                    "target" : "trm"
                },
                {
                    "source" : "dateActivated",
                    "target" : "dateActivated"
                },
                {
                    "source" : "positionEffectiveDate",
                    "target" : "positionEffectiveDate"
                },
                {
                    "source" : "legalPrefix",
                    "target" : "legalPrefix"
                },
                {
                    "source" : "legalSuffix",
                    "target" : "legalSuffix"
                },
                {
                    "source" : "preferredFirstName",
                    "target" : "preferredFirstName"
                },
                {
                    "source" : "preferredLastName",
                    "target" : "preferredLastName"
                },
                {
                    "source" : "preferredPrefix",
                    "target" : "preferredPrefix"
                },
                {
                    "source" : "preferredSuffix",
                    "target" : "preferredSuffix"
                },
                {
                    "source" : "HRPartner",
                    "target" : "hrPartner"
                },
                {
                    "source" : "leaveOfAbsence",
                    "target" : "leaveOfAbsence"
                },
                {
                    "source" : "executiveDirector",
                    "target" : "executiveDirector"
                },
                {
                    "source" : "hireDate",
                    "target" : "hireDate"
                },
                {
                    "source" : "jobFamily",
                    "target" : "jobFamily"
                },
                {
                    "source" : "ssn",
                    "target" : "ssn",
                    "transform" : {
                        "type" : "text/javascript",
                        "source" : "(source ? source.substring(source.length - 4) : '');"
                    }
                },
                {
                    "source" : "homePostalCode",
                    "target" : "homePostalCode"
                },
                {
                    "source" : "companyId",
                    "target" : "companyId"
                },
                {
                    "source" : "workerTypeDescriptor",
                    "target" : "workerTypeDescriptor"
                },
                {
                    "source" : "glPayType",
                    "target" : "glPayType"
                },
                {
                    "source" : "location",
                    "target" : "location"
                }
            ],
            "policies" : [
                {
                    "situation" : "CONFIRMED",
                    "action" : "UPDATE"
                },
                {
                    "situation" : "FOUND",
                    "action" : "IGNORE"
                },
                {
                    "situation" : "ABSENT",
                    "action" : "CREATE"
                },
                {
                    "situation" : "AMBIGUOUS",
                    "action" : "IGNORE"
                },
                {
                    "situation" : "MISSING",
                    "action" : "IGNORE"
                },
                {
                    "situation" : "SOURCE_MISSING",
                    "action" : "IGNORE"
                },
                {
                    "situation" : "UNQUALIFIED",
                    "action" : "IGNORE"
                },
                {
                    "situation" : "UNASSIGNED",
                    "action" : "IGNORE"
                }
            ]
        },
        {
            "name" : "systemWorkdayFutureAccounts_managedUserFuture",
            "source" : "system/###{provisioner.workday.name}-future/__ACCOUNT__",
            "target" : "managed/user_future",
            "sourceIdsCaseSensitive" : false,
            "targetIdsCaseSensitive" : false,
            "sourceQueryFullEntry" : true,
            "correlationQuery" : {
                "type" : "text/javascript",
                "source" : "var query = {'_queryId' : 'find-by-uid', 'uid' : source._id}; query;"
            },
            "properties" : [
                {
                    "source" : "country",
                    "target" : "country",
                    "transform" : {
                        "type" : "text/javascript",
                        "file" : "script/mapCountry.js"
                    }
                },
                {
                    "source" : "middleName",
                    "target" : "middleName"
                },
                {
                    "source" : "postalCode",
                    "target" : "postalCode"
                },
                {
                    "source" : "addressLastModified",
                    "target" : "addressLastModified"
                },
                {
                    "source" : "employee",
                    "target" : "employee"
                },
                {
                    "source" : "email",
                    "target" : "email"
                },
                {
                    "source" : "address",
                    "target" : "address",
                    "transform" : {
                        "type" : "text/javascript",
                        "file" : "script/joinArray.js"
                    }
                },
                {
                    "source" : "postalAddress",
                    "target" : "postalAddress"
                },
                {
                    "source" : "legalName",
                    "target" : "legalName"
                },
                {
                    "source" : "workerType",
                    "target" : "workerType"
                },
                {
                    "source" : "userID",
                    "target" : "userID"
                },
                {
                    "source" : "city",
                    "target" : "city"
                },
                {
                    "source" : "state",
                    "target" : "state"
                },
                {
                    "source" : "workerID",
                    "target" : "workerID"
                },
                {
                    "source" : "managerID",
                    "target" : "managerID"
                },
                {
                    "source" : "firstName",
                    "target" : "firstName"
                },
                {
                    "source" : "HRBU",
                    "target" : "hrbu",
                    "transform" : {
                        "type" : "text/javascript",
                        "source" : "source && source.toUpperCase()"
                    }
                },
                {
                    "source" : "title",
                    "target" : "title"
                },
                {
                    "source" : "lastName",
                    "target" : "lastName"
                },
                {
                    "source" : "active",
                    "target" : "active"
                },
                {
                    "source" : "fax",
                    "target" : "fax",
                    "transform" : {
                        "type" : "text/javascript",
                        "source" : "(source ? source[0] : '') || '';"
                    }
                },
                {
                    "source" : "mobile",
                    "target" : "mobile",
                    "transform" : {
                        "type" : "text/javascript",
                        "source" : "(source ? source[0] : '') || '';"
                    }
                },
                {
                    "source" : "telephoneNumber",
                    "target" : "telephoneNumber",
                    "transform" : {
                        "type" : "text/javascript",
                        "source" : "(source ? source[0] : '') || '';"
                    }
                },
                {
                    "source" : "_id",
                    "target" : "uid"
                },
                {
                    "source" : "terminated",
                    "target" : "trm"
                },
                {
                    "source" : "dateActivated",
                    "target" : "dateActivated"
                },
                {
                    "source" : "positionEffectiveDate",
                    "target" : "positionEffectiveDate"
                },
                {
                    "source" : "legalPrefix",
                    "target" : "legalPrefix"
                },
                {
                    "source" : "legalSuffix",
                    "target" : "legalSuffix"
                },
                {
                    "source" : "preferredFirstName",
                    "target" : "preferredFirstName"
                },
                {
                    "source" : "preferredLastName",
                    "target" : "preferredLastName"
                },
                {
                    "source" : "preferredPrefix",
                    "target" : "preferredPrefix"
                },
                {
                    "source" : "preferredSuffix",
                    "target" : "preferredSuffix"
                },
                {
                    "source" : "HRPartner",
                    "target" : "hrPartner"
                },
                {
                    "source" : "leaveOfAbsence",
                    "target" : "leaveOfAbsence"
                },
                {
                    "source" : "executiveDirector",
                    "target" : "executiveDirector"
                },
                {
                    "source" : "hireDate",
                    "target" : "hireDate"
                },
                {
                    "source" : "jobFamily",
                    "target" : "jobFamily"
                },
                {
                    "source" : "ssn",
                    "target" : "ssn",
                    "transform" : {
                        "type" : "text/javascript",
                        "source" : "(source ? source.substring(source.length - 4) : '');"
                    }
                },
                {
                    "source" : "homePostalCode",
                    "target" : "homePostalCode"
                },
                {
                    "source" : "companyId",
                    "target" : "companyId"
                },
                {
                    "source" : "workerTypeDescriptor",
                    "target" : "workerTypeDescriptor"
                },
                {
                    "source" : "glPayType",
                    "target" : "glPayType"
                },
                {
                    "source" : "location",
                    "target" : "location"
                }
            ],
            "policies" : [
                {
                    "situation" : "CONFIRMED",
                    "action" : "UPDATE"
                },
                {
                    "situation" : "FOUND",
                    "action" : "IGNORE"
                },
                {
                    "situation" : "ABSENT",
                    "action" : "CREATE"
                },
                {
                    "situation" : "AMBIGUOUS",
                    "action" : "IGNORE"
                },
                {
                    "situation" : "MISSING",
                    "action" : "IGNORE"
                },
                {
                    "situation" : "SOURCE_MISSING",
                    "action" : "IGNORE"
                },
                {
                    "situation" : "UNQUALIFIED",
                    "action" : "IGNORE"
                },
                {
                    "situation" : "UNASSIGNED",
                    "action" : "IGNORE"
                }
            ]
        }
    ]
}