    {
        "name": "uson",

        "fullName" : "uson.pkicorp.pkimck.com",

        "exchangeServers" : [
            "isrmiam-038.uson.pkicorp.pkimck.com"
        ],

        "dfsServers" : [
            "wdcpkiuson2.uson.pkicorp.pkimck.com"
        ],

        "office365AddressSuffix" : "&{com.mckesson.o365.addressSuffix}",
        "office365Url" : "https://ps.outlook.com/powershell",
        "office365CredentialsAddress" : "&{com.mckesson.o365.credentialsAddress}",

        "defaultAddressBook" : [],
        "defaultManager" : {
            "dn": "CN=Dennis Bulakhau,OU=Workday_Test,DC=uson,DC=pkicorp,DC=pkimck,DC=com",
            "distinguishedName": "CN=Dennis Bulakhau,OU=Workday_Test,DC=uson,DC=pkicorp,DC=pkimck,DC=com",
            "sAMAccountName": "bulljm",
            "firstName": "Jody",
            "lastName": "Bull",
            "displayName": "Jody Bull",
            "mail" : "DLDirectoryServices@USONCOLOGY.COM"
        },
        "defaultMailDomain" : "usoncology.com",
        "terminalServicesProfileRoot" : "\\\\wdcpkiuson1.uson.pkicorp.pkimck.com\\profiles",
        "company" : "US Oncology",
        "rootOU" : "DC=uson,DC=pkicorp,DC=pkimck,DC=com",
        "workersOU" : ["ou=CSA,OU=Workday_Test,DC=uson,DC=pkicorp,DC=pkimck,DC=com"],
        "questOU": ["OU=Quest Collaboration Services Objects,OU=McKesson,OU=Contacts,OU=Workday_Test,DC=uson,DC=pkicorp,DC=pkimck,DC=com"],
        "adminsOU" : ["OU=Admins,OU=Workday_Test,DC=uson,DC=pkicorp,DC=pkimck,DC=com"],
        "terminatedOU" : "ou=_Terminations,OU=Workday_Test,DC=uson,DC=pkicorp,DC=pkimck,DC=com",
        "stagingOU" : "ou=_Temporary,OU=Workday_Test,DC=uson,DC=pkicorp,DC=pkimck,DC=com",
        "primaryGroupID" : 513,
        "terminatedUsersPrimaryGroupID" : 13449,
        "terminatedUsersGroup" : "CN=_TerminatedUsers,OU=Groups,OU=Workday_Test,DC=uson,DC=pkicorp,DC=pkimck,DC=com"
    }
