    {
        "name": "mshps",

        "fullName" : "mshps.usoncology.int",

        "exchangeServers" : [
            "usodpwpmb003.uson.usoncology.int",
            "usodpwpmb004.uson.usoncology.int",
            "usonpwpmb001.uson.usoncology.int",
            "usonpwpmb002.uson.usoncology.int"
        ],

        "dfsServers" : [ ],

        "office365AddressSuffix" : "&{com.mckesson.o365.addressSuffix}",
        "office365Url" : "https://ps.outlook.com/powershell",
        "office365CredentialsAddress" : "&{com.mckesson.o365.credentialsAddress}",

        "defaultAddressBook" : ["CN=Default Global Address List,CN=All Global Address Lists,CN=Address Lists Container,CN=USOncology,CN=Microsoft Exchange,CN=Services,CN=Configuration,DC=usoncology,DC=int",
                            "CN=All Users,CN=All Address Lists,CN=Address Lists Container,CN=USOncology,CN=Microsoft Exchange,CN=Services,CN=Configuration,DC=usoncology,DC=int"],
        "defaultManager" : {
            "dn": "CN=e5sdwl6,CN=Quest Collaboration Services Objects,OU=McKesson,OU=Contacts,DC=uson,DC=usoncology,DC=int",
            "distinguishedName": "CN=e5sdwl6,CN=Quest Collaboration Services Objects,OU=McKesson,OU=Contacts,DC=uson,DC=usoncology,DC=int",
            "sAMAccountName": "B07162C5150B49AD95A",
            "firstName": "Jody",
            "lastName": "Bull",
            "displayName": "Jody Bull",
            "mail" : "DLDirectoryServices@USONCOLOGY.COM"
        },
        "defaultMailDomain" : "mckessonspecialtyhealth.com",
        "terminalServicesProfileRoot" : "\\\\uson.usoncology.int\\profiles",
        "company" : "McKesson Specialty Health",
        "rootOU" : "DC=MSHPS,DC=usoncology,DC=int",
        "workersOU" : ["OU=Clinical,DC=MSHPS,DC=usoncology,DC=int"],
        "questOU" : ["CN=Quest Collaboration Services Objects,OU=McKesson,OU=Contacts,DC=uson,DC=usoncology,DC=int"],
        "adminsOU" : ["OU=Admins,DC=MSHPS,DC=usoncology,DC=int"],
        "terminatedOU" : "OU=_Terminations,DC=MSHPS,DC=usoncology,DC=int",
        "stagingOU" : "OU=ClinicalStaging,DC=MSHPS,DC=usoncology,DC=int",
        "primaryGroupID" : 513,
        "terminatedUsersPrimaryGroupID" : 1111,
        "terminatedUsersGroup" : "CN=xTerminatedUsers,OU=Help Desk Managed Groups,OU=Groups,DC=MSHPS,DC=usoncology,DC=int"
    }
