    {
        "name": "mshusontest",

        "fullName" : "mshusontest.com",

        "exchangeServers" : [
            "USAWTWVMX001.mshusontest.com",
            "USAWTWVMX002.mshusontest.com"
        ],

        "dfsServers" : [
            "USAWTWVDC001.mshusontest.com"
        ],

        "office365AddressSuffix" : "&{com.mckesson.o365.addressSuffix}",
        "office365Url" : "https://ps.outlook.com/powershell",
        "office365CredentialsAddress" : "&{com.mckesson.o365.credentialsAddress}",

        "defaultAddressBook" : [],
        "defaultManager" : {
            "dn": "cn=Default Workday Manager,CN=Quest Collaboration Services Objects,OU=McKesson,OU=Contacts,DC=mshusontest,DC=com",
            "distinguishedName": "cn=Default Workday Manager,CN=Quest Collaboration Services Objects,OU=McKesson,OU=Contacts,DC=mshusontest,DC=com",
            "sAMAccountName": "wdaydefmgr",
            "firstName": "Workday",
            "lastName": "Default Manager",
            "displayName": "Default Workday Manager",
            "mail" : "iamarchitects@mckesson.com"
        },
        "defaultMailDomain" : "mshusontest.com",
        "terminalServicesProfileRoot" : "\\\\USAWTWVDC001.mshusontest.com\\profiles",
        "company" : "US Oncology",
        "rootOU" : "DC=mshusontest,DC=com",
        "workersOU" : ["ou=CSA,DC=mshusontest,DC=com"],
        "questOU": ["OU=Quest Collaboration Services Objects,OU=McKesson,OU=Contacts,DC=mshusontest,DC=com"],
        "adminsOU" : ["OU=Admins,DC=mshusontest,DC=com"],
        "terminatedOU" : "ou=_Terminations,DC=mshusontest,DC=com",
        "stagingOU" : "OU=CSAStaging,DC=mshusontest,DC=com",
        "primaryGroupID" : 513,
        "terminatedUsersPrimaryGroupID" : 1326,
        "terminatedUsersGroup" : "CN=xTerminatedUsers,OU=Help Desk Managed Groups,OU=Groups,DC=mshusontest,DC=com"
    }
