    {
        "name": "usontestcust5",

        "fullName" : "usontestcust5.com",

        "exchangeServers" : [
            "vm-west-winex16.usontestcust5.com"
        ],

        "dfsServers" : [
            "vm-west-windc01.usontestcust5.com"
        ],

        "office365AddressSuffix" : "&{com.mckesson.o365.addressSuffix}",
        "office365Url" : "https://ps.outlook.com/powershell",
        "office365CredentialsAddress" : "&{com.mckesson.o365.credentialsAddress}",

        "defaultAddressBook" : [],
        "defaultManager" : {
            "dn": "CN=Default Workday Manager,OU=Workday_Test,DC=usontestcust5,DC=com",
            "distinguishedName": "CN=Default Workday Manager,OU=Workday_Test,DC=usontestcust5,DC=com",
            "sAMAccountName": "wdaydefmgr",
            "firstName": "Workday",
            "lastName": "Default Manager",
            "displayName": "Workday Default Manager",
            "mail" : "iamarchitects@mckesson.com"
        },
        "defaultMailDomain" : "msh.oneaccess.mckesson.com",
        "terminalServicesProfileRoot" : "\\\\vm-west-windc01.usontestcust5.com\\profiles",
        "company" : "US Oncology",
        "rootOU" : "DC=usontestcust5,DC=com",
        "workersOU" : ["ou=CSA,OU=Workday_Test,DC=usontestcust5,DC=com"],
        "questOU": ["OU=Quest Collaboration Services Objects,OU=McKesson,OU=Contacts,OU=Workday_Test,DC=usontestcust5,DC=com"],
        "adminsOU" : ["OU=Admins,OU=Workday_Test,DC=usontestcust5,DC=com"],
        "terminatedOU" : "ou=_Terminations,OU=Workday_Test,DC=usontestcust5,DC=com",
        "stagingOU" : "ou=_Temporary,OU=Workday_Test,DC=usontestcust5,DC=com",
        "primaryGroupID" : 513,
        "terminatedUsersPrimaryGroupID" : 1169,
        "terminatedUsersGroup" : "CN=_TerminatedUsers,OU=Groups,OU=Workday_Test,DC=usontestcust5,DC=com"
    }
