    {
        "name": "uson",

        "fullName" : "uson.usoncology.int",

        "exchangeServers" : [
            "usodpwpmb003.uson.usoncology.int",
            "usodpwpmb004.uson.usoncology.int",
            "usonpwpmb001.uson.usoncology.int",
            "usonpwpmb002.uson.usoncology.int"
        ],

        "dfsServers" : [
            "usodpwppf001.uson.usoncology.int",
            "USODPWVXS001.uson.usoncology.int",
            "USODPWVXS002.uson.usoncology.int"
        ],

        "office365AddressSuffix" : "&{com.mckesson.o365.addressSuffix}",
        "office365Url" : "https://ps.outlook.com/powershell",
        "office365CredentialsAddress" : "&{com.mckesson.o365.credentialsAddress}",

        "defaultAddressBook" : ["CN=Default Global Address List,CN=All Global Address Lists,CN=Address Lists Container,CN=USOncology,CN=Microsoft Exchange,CN=Services,CN=Configuration,DC=usoncology,DC=int",
                            "CN=All Users,CN=All Address Lists,CN=Address Lists Container,CN=USOncology,CN=Microsoft Exchange,CN=Services,CN=Configuration,DC=usoncology,DC=int"],
        "defaultManager" : {
            "dn": "CN=e5sdwl6,CN=Quest Collaboration Services Objects,OU=McKesson,OU=Contacts,DC=uson,DC=usoncology,DC=int",
            "distinguishedName": "CN=e5sdwl6,CN=Quest Collaboration Services Objects,OU=McKesson,OU=Contacts,DC=uson,DC=usoncology,DC=int",
            "sAMAccountName": "B07162C5150B49AD95A",
            "firstName": "Jody",
            "lastName": "Bull",
            "displayName": "Jody Bull",
            "mail" : "DLDirectoryServices@USONCOLOGY.COM"
        },
        "defaultMailDomain" : "usoncology.com",
        "terminalServicesProfileRoot" : "\\\\uson.usoncology.int\\profiles",
        "company" : "US Oncology",
        "rootOU" : "DC=uson,DC=usoncology,DC=int",
        "workersOU" : ["ou=CSA,DC=uson,DC=usoncology,DC=int", "OU=Rheumatology,DC=uson,DC=usoncology,DC=int"],
        "questOU" : ["CN=Quest Collaboration Services Objects,OU=McKesson,OU=Contacts,DC=uson,DC=usoncology,DC=int"],
        "adminsOU" : ["OU=Admins,DC=uson,DC=usoncology,DC=int"],
        "terminatedOU" : "ou=_Terminations,DC=uson,DC=usoncology,DC=int",
        "stagingOU" : "OU=CSAStaging,DC=uson,DC=usoncology,DC=int",
        "primaryGroupID" : 513,
        "terminatedUsersPrimaryGroupID" : 101119,
        "terminatedUsersGroup" : "CN=xTerminatedUsers,OU=Help Desk Managed Groups,OU=Groups,DC=uson,DC=usoncology,DC=int"
    }
