hrbu,ou,home_drive,home_dir,login_script,groups,contractor_groups,contingentworkertype_outside_worker_groups,contingentworkertype_x_groups,active_sync,city,mail_suffix,secondary_mail_suffix,itc_mail,enabled,vantage_lookup_strategy,o365
HR008,"OU=Users,OU=AZ_Arizona Oncology Associates,OU=CSA,DC=usoncologyuat,DC=com",NULL,NULL,AZ_ArizonaOncologyAssociates(CHA-TUC-TUC2).vbs,"CTX_Office365,CTX_Acrobat_Reader,CTX_FILEMGR,AZ Employees,Svr-TUC,PublicFolders_AZ_Arizona_Oncology_Associates,PST_Restrict,Office365-E3,Office 365 - Users who Home Drive has been migrated to one drive,Office365-Managed","CTX_Office365,CTX_Acrobat_Reader,CTX_FILEMGR,AZ Employees,Svr-TUC,PublicFolders_AZ_Arizona_Oncology_Associates,PST_Restrict,Office365-E3,Office 365 - Users who Home Drive has been migrated to one drive,Office365-Managed","CTX_Office365,CTX_Acrobat_Reader,CTX_FILEMGR,AZ Employees,Svr-TUC,PST_Restrict,Office365-E3,Office 365 - Users who Home Drive has been migrated to one drive,Office365-Managed","CTX_Office365,CTX_Acrobat_Reader,CTX_FILEMGR,AZ Employees,Svr-TUC,PST_Restrict,Office365-E3,Office 365 - Users who Home Drive has been migrated to one drive,Office365-Managed",1,0,NULL,NULL,USON_ITC_AOA@usoncology.com,1,1,0
HR013,"OU=Users,OU=FL_Florida Cancer Affiliates,OU=CSA,DC=usoncologyuat,DC=com",NULL,NULL,FL_FloridaCancerAffiliates.vbs,"CTX_Office365,CTX_Acrobat_Reader,CTX_FILEMGR,FCA Everyone,Svr-FCI,PublicFolders_FL_Florida_Cancer_Affiliates,PST_Restrict,Office365-E3,Office 365 - Users who Home Drive has been migrated to one drive,Office365-Managed","CTX_Office365,CTX_Acrobat_Reader,CTX_FILEMGR,FCA Everyone,Svr-FCI,PublicFolders_FL_Florida_Cancer_Affiliates,PST_Restrict,Office365-E3,Office 365 - Users who Home Drive has been migrated to one drive,Office365-Managed","CTX_Office365,CTX_Acrobat_Reader,CTX_FILEMGR,FCA Everyone,Svr-FCI,PST_Restrict,Office365-E3,Office 365 - Users who Home Drive has been migrated to one drive,Office365-Managed","CTX_Office365,CTX_Acrobat_Reader,CTX_FILEMGR,Svr-FCI,FCA Everyone,PST_Restrict,Office365-E3,Office 365 - Users who Home Drive has been migrated to one drive,Office365-Managed",0,0,NULL,NULL,USON_ITC_FCA@usoncology.com,1,1,0
HR017,"OU=Users,OU=San Antonio,OU=TX_TXO,OU=CSA,DC=usoncologyuat,DC=com",NULL,NULL,TXO-SanAntonio.vbs,"CTX_Office365,TXO All Employees,CTX_IKM_TOPACTR_EMR,CTX_IKM_TOPAGCR_EMR,CTX_IKM_TOPANTR_EMR,CTX_IKM_TOPAWTR_EMR,CTX_IKM_TXOWTRM_EMR,CTX_IKM_CCCSTH_EMR,CTX_IKM_CCCSTS_EMR,Svr-SAO,PublicFolders_TX_TXO,PST_Restrict,Office365-E3,Office 365 - Users who Home Drive has been migrated to one drive,Office365-Managed","CTX_Office365,TXO All Contractors,CTX_IKM_TOPACTR_EMR,CTX_IKM_TOPAGCR_EMR,CTX_IKM_TOPANTR_EMR,CTX_IKM_TOPAWTR_EMR,CTX_IKM_TXOWTRM_EMR,CTX_IKM_CCCSTH_EMR,CTX_IKM_CCCSTS_EMR,Svr-SAO,PublicFolders_TX_TXO,PST_Restrict,Office365-E3,Office 365 - Users who Home Drive has been migrated to one drive,Office365-Managed","CTX_Office365,TXO All Contractors,CTX_IKM_TOPACTR_EMR,CTX_IKM_TOPAGCR_EMR,CTX_IKM_TOPANTR_EMR,CTX_IKM_TOPAWTR_EMR,CTX_IKM_TXOWTRM_EMR,CTX_IKM_CCCSTH_EMR,CTX_IKM_CCCSTS_EMR,Svr-SAO,PST_Restrict,Office365-E3,Office 365 - Users who Home Drive has been migrated to one drive,Office365-Managed","CTX_Office365,Svr-SAO,TXO All Employees,CTX_IKM_TOPACTR_EMR,CTX_IKM_TOPAGCR_EMR,CTX_IKM_TOPANTR_EMR,CTX_IKM_TOPAWTR_EMR,CTX_IKM_TXOWTRM_EMR,CTX_IKM_CCCSTH_EMR,CTX_IKM_CCCSTS_EMR,PST_Restrict,Office365-E3,Office 365 - Users who Home Drive has been migrated to one drive,Office365-Managed",0,0,NULL,NULL,USON_ITC_CCCST@usoncology.com,1,1,0
HR022,"OU=Users,OU=FL_Florida Cancer Affiliates,OU=CSA,DC=usoncologyuat,DC=com",NULL,NULL,FL_FloridaCancerAffiliates.vbs,"CTX_Office365,CTX_Acrobat_Reader,CTX_FILEMGR,FCA Everyone,Svr-FCI,PublicFolders_FL_Florida_Cancer_Affiliates,PST_Restrict,Office365-E3,Office 365 - Users who Home Drive has been migrated to one drive,Office365-Managed","CTX_Office365,CTX_Acrobat_Reader,CTX_FILEMGR,FCA Everyone,Svr-FCI,PublicFolders_FL_Florida_Cancer_Affiliates,PST_Restrict,Office365-E3,Office 365 - Users who Home Drive has been migrated to one drive,Office365-Managed","CTX_Office365,CTX_Acrobat_Reader,CTX_FILEMGR,FCA Everyone,Svr-FCI,PST_Restrict,Office365-E3,Office 365 - Users who Home Drive has been migrated to one drive,Office365-Managed","CTX_Office365,CTX_Acrobat_Reader,CTX_FILEMGR,Svr-FCI,FCA Everyone,PST_Restrict,Office365-E3,Office 365 - Users who Home Drive has been migrated to one drive,Office365-Managed",0,0,NULL,NULL,USON_ITC_FCA@usoncology.com,1,1,0
HR027,"OU=Users,OU=FL_Florida Cancer Affiliates,OU=CSA,DC=usoncologyuat,DC=com",NULL,NULL,FL_FloridaCancerAffiliates.vbs,"CTX_Office365,CTX_Acrobat_Reader,CTX_FILEMGR,FCA Everyone,Svr-FCI,PublicFolders_FL_Florida_Cancer_Affiliates,PST_Restrict,Office365-E3,Office 365 - Users who Home Drive has been migrated to one drive,Office365-Managed","CTX_Office365,CTX_Acrobat_Reader,CTX_FILEMGR,FCA Everyone,Svr-FCI,PublicFolders_FL_Florida_Cancer_Affiliates,PST_Restrict,Office365-E3,Office 365 - Users who Home Drive has been migrated to one drive,Office365-Managed","CTX_Office365,CTX_Acrobat_Reader,CTX_FILEMGR,FCA Everyone,Svr-FCI,PST_Restrict,Office365-E3,Office 365 - Users who Home Drive has been migrated to one drive,Office365-Managed","CTX_Office365,CTX_Acrobat_Reader,CTX_FILEMGR,Svr-FCI,FCA Everyone,PST_Restrict,Office365-E3,Office 365 - Users who Home Drive has been migrated to one drive,Office365-Managed",0,0,NULL,NULL,USON_ITC_FCA@usoncology.com,1,1,0
HR028,"OU=Users,OU=VA_Virginia Cancer Specialists,OU=CSA,DC=usoncologyuat,DC=com",NULL,NULL,svr-VirginiaCancerFairfax.vbs,"CTX_Office365,CTX_Acrobat_Reader,CTX_FILEMGR,Svr-FAI,PublicFolders_VA_Virginia_Cancer_Specialists,PST_Restrict,Office365-E3,Office 365 - Users who Home Drive has been migrated to one drive,Office365-Managed","CTX_Office365,CTX_Acrobat_Reader,CTX_FILEMGR,Svr-FAI,PublicFolders_VA_Virginia_Cancer_Specialists,PST_Restrict,Office365-E3,Office 365 - Users who Home Drive has been migrated to one drive,Office365-Managed","CTX_Office365,CTX_Acrobat_Reader,CTX_FILEMGR,Svr-FAI,PST_Restrict,Office365-E3,Office 365 - Users who Home Drive has been migrated to one drive,Office365-Managed","CTX_Office365,CTX_Acrobat_Reader,CTX_FILEMGR,Svr-FAI,PST_Restrict,Office365-E3,Office 365 - Users who Home Drive has been migrated to one drive,Office365-Managed",0,0,NULL,NULL,USON_ITC_VCS@usoncology.com,1,1,0
HR029,"OU=Users,OU=IL_IllinoisCancerSpecialists,OU=CSA,DC=usoncologyuat,DC=com",NULL,NULL,IL_IllinoisCancerSpecialists.vbs,"CTX_Office365,CTX_Acrobat_Reader,CTX_FILEMGR,Svr-ILL,Svr-IL-CCHSC,PublicFolders_IL_IllinoisCancerSpecialists,PST_Restrict,Office365-E3,Office 365 - Users who Home Drive has been migrated to one drive,Office365-Managed","CTX_Office365,CTX_Acrobat_Reader,CTX_FILEMGR,Svr-ILL,Svr-IL-CCHSC,PublicFolders_IL_IllinoisCancerSpecialists,PST_Restrict,Office365-E3,Office 365 - Users who Home Drive has been migrated to one drive,Office365-Managed","CTX_Office365,CTX_Acrobat_Reader,CTX_FILEMGR,Svr-ILL,Svr-IL-CCHSC,PST_Restrict,Office365-E3,Office 365 - Users who Home Drive has been migrated to one drive,Office365-Managed","CTX_Office365,CTX_Acrobat_Reader,CTX_FILEMGR,Svr-ILL,Svr-IL-CCHSC,PST_Restrict,Office365-E3,Office 365 - Users who Home Drive has been migrated to one drive,Office365-Managed",0,0,NULL,NULL,USON_ITC_ICS@usoncology.com,1,1,0
HR033,"OU=Users,OU=IL_IllinoisCancerSpecialists,OU=CSA,DC=usoncologyuat,DC=com",NULL,NULL,IL_IllinoisCancerSpecialists.vbs,"CTX_Office365,CTX_Acrobat_Reader,CTX_FILEMGR,Svr-ILL,Svr-IL-CCHSC,PublicFolders_IL_IllinoisCancerSpecialists,PST_Restrict,Office365-E3,Office 365 - Users who Home Drive has been migrated to one drive,Office365-Managed","CTX_Office365,CTX_Acrobat_Reader,CTX_FILEMGR,Svr-ILL,Svr-IL-CCHSC,PublicFolders_IL_IllinoisCancerSpecialists,PST_Restrict,Office365-E3,Office 365 - Users who Home Drive has been migrated to one drive,Office365-Managed","CTX_Office365,CTX_Acrobat_Reader,CTX_FILEMGR,Svr-ILL,Svr-IL-CCHSC,PST_Restrict,Office365-E3,Office 365 - Users who Home Drive has been migrated to one drive,Office365-Managed","CTX_Office365,CTX_Acrobat_Reader,CTX_FILEMGR,Svr-ILL,Svr-IL-CCHSC,PST_Restrict,Office365-E3,Office 365 - Users who Home Drive has been migrated to one drive,Office365-Managed",0,0,NULL,NULL,USON_ITC_ICS@usoncology.com,1,1,0
HR035,"OU=Users,OU=MO_Missouri Cancer Associates,OU=CSA,DC=usoncologyuat,DC=com",NULL,NULL,MO_MissouiCancerAssociates-col.vbs,"CTX_Office365,CTX_Acrobat_Reader,CTX_FILEMGR,Missouri Cancer Associate employees and physicians,Svr-COL,PublicFolders_MO_Missouri_Cancer_Associates,PST_Restrict,Office365-E3,Office 365 - Users who Home Drive has been migrated to one drive,Office365-Managed","CTX_Office365,CTX_Acrobat_Reader,CTX_FILEMGR,Missouri Cancer Associate employees and physicians,Svr-COL,PublicFolders_MO_Missouri_Cancer_Associates,PST_Restrict,Office365-E3,Office 365 - Users who Home Drive has been migrated to one drive,Office365-Managed","CTX_Office365,CTX_Acrobat_Reader,CTX_FILEMGR,Missouri Cancer Associate employees and physicians,Svr-COL,PST_Restrict,Office365-E3,Office 365 - Users who Home Drive has been migrated to one drive,Office365-Managed","CTX_Office365,CTX_Acrobat_Reader,CTX_FILEMGR,Missouri Cancer Associate employees and physicians,Svr-COL,PST_Restrict,Office365-E3,Office 365 - Users who Home Drive has been migrated to one drive,Office365-Managed",0,0,NULL,NULL,USON_ITC_MCA@usoncology.com,1,1,0
HR037,"OU=Users,OU=MD_Maryland Oncology Hematology,OU=CSA,DC=usoncologyuat,DC=com",NULL,NULL,svr-Maryland(MOH).vbs,"CTX_Office365,CTX_Acrobat_Reader,CTX_FILEMGR,Svr-MAR,PublicFolders_MD_Maryland_Oncology_Hematology,PST_Restrict,Office365-E3,Office 365 - Users who Home Drive has been migrated to one drive,Office365-Managed","CTX_Office365,CTX_Acrobat_Reader,CTX_FILEMGR,Svr-MAR,PublicFolders_MD_Maryland_Oncology_Hematology,PST_Restrict,Office365-E3,Office 365 - Users who Home Drive has been migrated to one drive,Office365-Managed","CTX_Office365,CTX_Acrobat_Reader,CTX_FILEMGR,Svr-MAR,PST_Restrict,Office365-E3,Office 365 - Users who Home Drive has been migrated to one drive,Office365-Managed","CTX_Office365,CTX_Acrobat_Reader,CTX_FILEMGR,Svr-MAR,PST_Restrict,Office365-E3,Office 365 - Users who Home Drive has been migrated to one drive,Office365-Managed",0,0,NULL,NULL,USON_ITC_MDOH@usoncology.com,1,1,0
HR038,"OU=Users,OU=MN_Minnesota Oncology Hematology,OU=CSA,DC=usoncologyuat,DC=com",NULL,NULL,MN_MinnesotaOncology(Min).vbs,"CTX_Acrobat_Reader,CTX_FILEMGR,Svr-MIN,PublicFolders_MN_Minnesota_Oncology_Hematology,PST_Restrict,Office365-E3,Office 365 - Users who Home Drive has been migrated to one drive,CTX_Office365,Office365-Managed","CTX_Acrobat_Reader,CTX_FILEMGR,Svr-MIN,PublicFolders_MN_Minnesota_Oncology_Hematology,PST_Restrict,Office365-E3,Office 365 - Users who Home Drive has been migrated to one drive,CTX_Office365,Office365-Managed","CTX_Acrobat_Reader,CTX_FILEMGR,Svr-MIN,PST_Restrict,Office365-E3,Office 365 - Users who Home Drive has been migrated to one drive,CTX_Office365,Office365-Managed","CTX_Acrobat_Reader,CTX_FILEMGR,Svr-MIN,PST_Restrict,Office365-E3,Office 365 - Users who Home Drive has been migrated to one drive,CTX_Office365,Office365-Managed",0,0,NULL,NULL,USON_ITC_MNOH@usoncology.com,1,1,0
HR041,"OU=Users,OU=NC_Cancer Centers of North Carolina,OU=CSA,DC=usoncologyuat,DC=com",NULL,NULL,NC_CancerCentersofNorthCarolina-ral.vbs,"CTX_Office365,CTX_Acrobat_Reader,CTX_FILEMGR,Svr-RAL,PublicFolders_NC_Cancer_Centers_of_North_Carolina,PST_Restrict,Office365-E3,Office 365 - Users who Home Drive has been migrated to one drive,Office365-Managed","CTX_Office365,CTX_Acrobat_Reader,CTX_FILEMGR,Svr-RAL,PublicFolders_NC_Cancer_Centers_of_North_Carolina,PST_Restrict,Office365-E3,Office 365 - Users who Home Drive has been migrated to one drive,Office365-Managed","CTX_Office365,CTX_Acrobat_Reader,CTX_FILEMGR,Svr-RAL,PST_Restrict,Office365-E3,Office 365 - Users who Home Drive has been migrated to one drive,Office365-Managed","CTX_Office365,CTX_Acrobat_Reader,CTX_FILEMGR,Svr-RAL,PST_Restrict,Office365-E3,Office 365 - Users who Home Drive has been migrated to one drive,Office365-Managed",0,0,NULL,NULL,USON_ITC_CCNC@usoncology.com,1,1,0
HR042,"OU=Users,OU=OR_Northwest Cancer Specialists (Portland),OU=CSA,DC=usoncologyuat,DC=com",NULL,NULL,OR_NorthwestCancerSpecialists(por).vbs,"CTX_Office365,CTX_Acrobat_Reader,CTX_FILEMGR,OR All Portland & Vancouver,CTX_OCM_EDUCATION,CTX_ALLOW,Svr-POR,PublicFolders_OR_Northwest_Cancer_Specialists_Portland,PST_Restrict,Office365-E3,Office 365 - Users who Home Drive has been migrated to one drive,Office365-Managed","CTX_Office365,CTX_Acrobat_Reader,CTX_FILEMGR,OR All Portland & Vancouver,CTX_OCM_EDUCATION,CTX_ALLOW,Svr-POR,PublicFolders_OR_Northwest_Cancer_Specialists_Portland,PST_Restrict,Office365-E3,Office 365 - Users who Home Drive has been migrated to one drive,Office365-Managed","CTX_Office365,CTX_Acrobat_Reader,CTX_FILEMGR,OR All Portland & Vancouver,CTX_OCM_EDUCATION,CTX_ALLOW,Svr-POR,PST_Restrict,Office365-E3,Office 365 - Users who Home Drive has been migrated to one drive,Office365-Managed","CTX_Office365,CTX_Acrobat_Reader,CTX_FILEMGR,Svr-POR,OR All Portland & Vancouver,CTX_OCM_EDUCATION,CTX_ALLOW,PST_Restrict,Office365-E3,Office 365 - Users who Home Drive has been migrated to one drive,Office365-Managed",0,0,compassoncology.com,NULL,USON_ITC_CO@usoncology.com,1,1,0
HR045,"OU=Users,OU=IL_IllinoisCancerSpecialists,OU=CSA,DC=usoncologyuat,DC=com",NULL,NULL,IL_IllinoisCancerSpecialists.vbs,"CTX_Office365,CTX_Acrobat_Reader,CTX_FILEMGR,Svr-ILL,Svr-IL-CCHSC,PublicFolders_IL_IllinoisCancerSpecialists,PST_Restrict,Office365-E3,Office 365 - Users who Home Drive has been migrated to one drive,Office365-Managed","CTX_Office365,CTX_Acrobat_Reader,CTX_FILEMGR,Svr-ILL,Svr-IL-CCHSC,PublicFolders_IL_IllinoisCancerSpecialists,PST_Restrict,Office365-E3,Office 365 - Users who Home Drive has been migrated to one drive,Office365-Managed","CTX_Office365,CTX_Acrobat_Reader,CTX_FILEMGR,Svr-ILL,Svr-IL-CCHSC,PST_Restrict,Office365-E3,Office 365 - Users who Home Drive has been migrated to one drive,Office365-Managed","CTX_Office365,CTX_Acrobat_Reader,CTX_FILEMGR,Svr-ILL,Svr-IL-CCHSC,PST_Restrict,Office365-E3,Office 365 - Users who Home Drive has been migrated to one drive,Office365-Managed",0,0,NULL,NULL,USON_ITC_ICS@usoncology.com,1,1,0
HR047,"OU=Users,OU=NY_New York Oncology Hematology,OU=CSA,DC=usoncologyuat,DC=com",NULL,NULL,NY_NewYorkOncologyHematology(cpk).vbs,"CTX_Acrobat_Reader,CTX_FILEMGR,Svr-CPK,PublicFolders_NY_New_York_Oncology_Hematology,PST_Restrict,Office365-E3,Office 365 - Users who Home Drive has been migrated to one drive,CTX_Office365,Office365-Managed","CTX_Acrobat_Reader,CTX_FILEMGR,Svr-CPK,PublicFolders_NY_New_York_Oncology_Hematology,PST_Restrict,Office365-E3,Office 365 - Users who Home Drive has been migrated to one drive,CTX_Office365,Office365-Managed","CTX_Acrobat_Reader,CTX_FILEMGR,Svr-CPK,PST_Restrict,Office365-E3,Office 365 - Users who Home Drive has been migrated to one drive,CTX_Office365,Office365-Managed","CTX_Acrobat_Reader,CTX_FILEMGR,Svr-CPK,PST_Restrict,Office365-E3,Office 365 - Users who Home Drive has been migrated to one drive,CTX_Office365,Office365-Managed",0,0,NULL,NULL,USON_ITC_NYOH@usoncology.com,1,1,0
HR049,"OU=Users,OU=OR_Oncology Associates of Oregon (Eugene),OU=CSA,DC=usoncologyuat,DC=com",NULL,NULL,OR_OncologyAssociatesofOregon(eug).vbs,"Willamette Valley Cancer Institute,Svr-EUG,PublicFolders_OR_Oncology_Associates_of_Oregon_Eugene,PST_Restrict,Office365-E3,Office 365 - Users who Home Drive has been migrated to one drive,Office365-Managed","Willamette Valley Cancer Institute,Svr-EUG,PublicFolders_OR_Oncology_Associates_of_Oregon_Eugene,PST_Restrict,Office365-E3,Office 365 - Users who Home Drive has been migrated to one drive,Office365-Managed","Willamette Valley Cancer Institute,Svr-EUG,PST_Restrict,Office365-E3,Office 365 - Users who Home Drive has been migrated to one drive,Office365-Managed","Svr-EUG,Willamette Valley Cancer Institute,PST_Restrict,Office365-E3,Office 365 - Users who Home Drive has been migrated to one drive,Office365-Managed",0,0,NULL,NULL,USON_ITC_WVCI@usoncology.com,1,1,0
HR053,"OU=Users,OU=VA_Blue Ridge Cancer Centers,OU=CSA,DC=usoncologyuat,DC=com",NULL,NULL,Va_blueridgeCancerCenters-roa.vbs,"CTX_Office365,CTX_Acrobat_Reader,CTX_FILEMGR,Svr-ROA,PublicFolders_VA_Blue_Ridge_Cancer_Centers,PST_Restrict,Office365-E3,Office 365 - Users who Home Drive has been migrated to one drive,Office365-Managed","CTX_Office365,CTX_Acrobat_Reader,CTX_FILEMGR,Svr-ROA,PublicFolders_VA_Blue_Ridge_Cancer_Centers,PST_Restrict,Office365-E3,Office 365 - Users who Home Drive has been migrated to one drive,Office365-Managed","CTX_Office365,CTX_Acrobat_Reader,CTX_FILEMGR,Svr-ROA,PST_Restrict,Office365-E3,Office 365 - Users who Home Drive has been migrated to one drive,Office365-Managed","CTX_Office365,CTX_Acrobat_Reader,CTX_FILEMGR,Svr-ROA,PST_Restrict,Office365-E3,Office 365 - Users who Home Drive has been migrated to one drive,Office365-Managed",0,0,NULL,NULL,USON_ITC_BRCC@usoncology.com,1,1,0
HR057,"OU=Users,OU=NC_Cancer Centers of North Carolina,OU=CSA,DC=usoncologyuat,DC=com",NULL,NULL,NC_CancerCentersofNorthCarolina-ral.vbs,"CTX_Office365,CTX_Acrobat_Reader,CTX_FILEMGR,Svr-RAL,PublicFolders_NC_Cancer_Centers_of_North_Carolina,PST_Restrict,Office365-E3,Office 365 - Users who Home Drive has been migrated to one drive,Office365-Managed","CTX_Office365,CTX_Acrobat_Reader,CTX_FILEMGR,Svr-RAL,PublicFolders_NC_Cancer_Centers_of_North_Carolina,PST_Restrict,Office365-E3,Office 365 - Users who Home Drive has been migrated to one drive,Office365-Managed","CTX_Office365,CTX_Acrobat_Reader,CTX_FILEMGR,Svr-RAL,PST_Restrict,Office365-E3,Office 365 - Users who Home Drive has been migrated to one drive,Office365-Managed","CTX_Office365,CTX_Acrobat_Reader,CTX_FILEMGR,Svr-RAL,PST_Restrict,Office365-E3,Office 365 - Users who Home Drive has been migrated to one drive,Office365-Managed",0,0,NULL,NULL,USON_ITC_CCNC@usoncology.com,1,1,0
HR058,"OU=Users,OU=CO_Rocky Mountain Cancer Centers,OU=CSA,DC=usoncologyuat,DC=com",NULL,NULL,svr-RockyMountians.vbs,"CTX_Office365,CTX_Acrobat_Reader,CTX_FILEMGR,RMCC Employees,Svr-DEN,PublicFolders_CO_Rocky_Mountain_Cancer_Centers,PST_Restrict,Office365-E3,Office 365 - Users who Home Drive has been migrated to one drive,Office365-Managed","CTX_Office365,CTX_Acrobat_Reader,CTX_FILEMGR,RMCC Employees,Svr-DEN,PublicFolders_CO_Rocky_Mountain_Cancer_Centers,PST_Restrict,Office365-E3,Office 365 - Users who Home Drive has been migrated to one drive,Office365-Managed","CTX_Office365,CTX_Acrobat_Reader,CTX_FILEMGR,RMCC Employees,Svr-DEN,PST_Restrict,Office365-E3,Office 365 - Users who Home Drive has been migrated to one drive,Office365-Managed","CTX_Office365,CTX_Acrobat_Reader,CTX_FILEMGR,Svr-DEN,RMCC Employees,PST_Restrict,Office365-E3,Office 365 - Users who Home Drive has been migrated to one drive,Office365-Managed",0,0,NULL,NULL,USON_ITC_RMCC@usoncology.com,1,1,0
HR061,"OU=Users,OU=NV_Comprehensive Cancer Centers of Nevada,OU=CSA,DC=usoncologyuat,DC=com",NULL,NULL,NV-ComprehensiveCancerCentersofNevada-LVS.vbs,"CTX_Office365,CTX_Acrobat_Reader,CTX_FILEMGR,Svr-LVS,PublicFolders_NV_Comprehensive_Cancer_Centers_of_Nevada,PST_Restrict,Office365-E3,Office 365 - Users who Home Drive has been migrated to one drive,Office365-Managed","CTX_Office365,CTX_Acrobat_Reader,CTX_FILEMGR,Svr-LVS,PublicFolders_NV_Comprehensive_Cancer_Centers_of_Nevada,PST_Restrict,Office365-E3,Office 365 - Users who Home Drive has been migrated to one drive,Office365-Managed","CTX_Office365,CTX_Acrobat_Reader,CTX_FILEMGR,Svr-LVS,PST_Restrict,Office365-E3,Office 365 - Users who Home Drive has been migrated to one drive,Office365-Managed","CTX_Office365,CTX_Acrobat_Reader,CTX_FILEMGR,Svr-LVS,PST_Restrict,Office365-E3,Office 365 - Users who Home Drive has been migrated to one drive,Office365-Managed",0,0,NULL,NULL,USON_ITC_CCCN@usoncology.com,1,1,0
HR063,"OU=Users,OU=FL_South Florida Oncology and Hematology Consultants,OU=CSA,DC=usoncologyuat,DC=com",NULL,NULL,FL_SouthFloridaOncologyandHematologyConsultants(sfl).vbs,"CTX_Office365,CTX_Acrobat_Reader,CTX_FILEMGR,Svr-SFL,PublicFolders_FL_South_Florida_Oncology_and_Hematology_Consultan,PST_Restrict,Office365-E3,Office 365 - Users who Home Drive has been migrated to one drive,Office365-Managed","CTX_Office365,CTX_Acrobat_Reader,CTX_FILEMGR,Svr-SFL,PublicFolders_FL_South_Florida_Oncology_and_Hematology_Consultan,PST_Restrict,Office365-E3,Office 365 - Users who Home Drive has been migrated to one drive,Office365-Managed","CTX_Office365,CTX_Acrobat_Reader,CTX_FILEMGR,Svr-SFL,PST_Restrict,Office365-E3,Office 365 - Users who Home Drive has been migrated to one drive,Office365-Managed","CTX_Office365,CTX_Acrobat_Reader,CTX_FILEMGR,Svr-SFL,PST_Restrict,Office365-E3,Office 365 - Users who Home Drive has been migrated to one drive,Office365-Managed",0,0,NULL,NULL,USON_ITC_SFOHC@usoncology.com,1,1,0
HR064,NULL,NULL,NULL,NULL,NULL,NULL,NULL,NULL,NULL,1,NULL,NULL,NULL,1,1,0
HR066,"OU=Users,OU=VA_Virginia Oncology Associates,OU=CSA,DC=usoncologyuat,DC=com",NULL,NULL,Svr-virginiaOncologyAssociates(nor).vbs,"CTX_Acrobat_Reader,CTX_FILEMGR,Svr-NOR,PublicFolders_VA_Virginia_Oncology_Associates,PST_Restrict,Office365-E3,Office 365 - Users who Home Drive has been migrated to one drive,CTX_Office365,Office365-Managed","CTX_Acrobat_Reader,CTX_FILEMGR,Svr-NOR,PublicFolders_VA_Virginia_Oncology_Associates,PST_Restrict,Office365-E3,Office 365 - Users who Home Drive has been migrated to one drive,CTX_Office365,Office365-Managed","CTX_Acrobat_Reader,CTX_FILEMGR,Svr-NOR,PST_Restrict,Office365-E3,Office 365 - Users who Home Drive has been migrated to one drive,CTX_Office365,Office365-Managed","CTX_Acrobat_Reader,CTX_FILEMGR,Svr-NOR,PST_Restrict,Office365-E3,Office 365 - Users who Home Drive has been migrated to one drive,CTX_Office365,Office365-Managed",0,0,NULL,NULL,USON_ITC_VOA@usoncology.com,1,1,0
HR070,"OU=Users,OU=MO_Arch Cancer Care,OU=CSA,DC=usoncologyuat,DC=com",NULL,NULL,MO_ArchCancerCare(acc).vbs,"CTX_Acrobat_Reader,CTX_FILEMGR,Svr-ACC,PublicFolders_MO_Arch_Cancer_Care,CTX_Office365,PST_Restrict,Office365-E3,Office 365 - Users who Home Drive has been migrated to one drive,Office365-Managed","CTX_Acrobat_Reader,CTX_FILEMGR,Svr-ACC,PublicFolders_MO_Arch_Cancer_Care,CTX_Office365,PST_Restrict,Office365-E3,Office 365 - Users who Home Drive has been migrated to one drive,Office365-Managed","CTX_Acrobat_Reader,CTX_FILEMGR,Svr-ACC,CTX_Office365,PST_Restrict,Office365-E3,Office 365 - Users who Home Drive has been migrated to one drive,Office365-Managed","CTX_Acrobat_Reader,CTX_FILEMGR,Svr-ACC,CTX_Office365,PST_Restrict,Office365-E3,Office 365 - Users who Home Drive has been migrated to one drive,Office365-Managed",0,0,NULL,NULL,USON_ITC_ACC@usoncology.com,1,1,0
HR075,"OU=Users,OU=AR_Arkansas Oncology Associates,OU=CSA,DC=usoncologyuat,DC=com",NULL,NULL,svr-arkansas.vbs,"CTX_Office365,PST_Restrict,Office365-E3,Office 365 - Users who Home Drive has been migrated to one drive,Office365-Managed","CTX_Office365,PST_Restrict,Office365-E3,Office 365 - Users who Home Drive has been migrated to one drive,Office365-Managed","CTX_Office365,PST_Restrict,Office365-E3,Office 365 - Users who Home Drive has been migrated to one drive,Office365-Managed","CTX_Office365,PST_Restrict,Office365-E3,Office 365 - Users who Home Drive has been migrated to one drive,Office365-Managed",1,0,NULL,NULL,NULL,0,1,0
HR076,"OU=Users,OU=PA_Venango Oncology Hematology Association,OU=CSA,DC=usoncologyuat,DC=com",NULL,NULL,PA_VenangoOncologyHematologyAssociation(cpk).vbs,"CTX_Office365,CTX_Acrobat_Reader,CTX_FILEMGR,Svr-PAVOHA,Svr-CPK,PublicFolders_PA_Venango_Oncology_Hematology_Association,PST_Restrict,Office365-E3,Office 365 - Users who Home Drive has been migrated to one drive,Office365-Managed","CTX_Office365,CTX_Acrobat_Reader,CTX_FILEMGR,Svr-PAVOHA,Svr-CPK,PublicFolders_PA_Venango_Oncology_Hematology_Association,PST_Restrict,Office365-E3,Office 365 - Users who Home Drive has been migrated to one drive,Office365-Managed","CTX_Office365,CTX_Acrobat_Reader,CTX_FILEMGR,Svr-PAVOHA,Svr-CPK,PST_Restrict,Office365-E3,Office 365 - Users who Home Drive has been migrated to one drive,Office365-Managed","CTX_Office365,CTX_Acrobat_Reader,CTX_FILEMGR,Svr-PAVOHA,Svr-CPK,PST_Restrict,Office365-E3,Office 365 - Users who Home Drive has been migrated to one drive,Office365-Managed",0,0,NULL,NULL,USON_ITC_SO@usoncology.com,1,1,0
HR079,"OU=Users,OU=NC_Cancer Centers of North Carolina,OU=CSA,DC=usoncologyuat,DC=com",NULL,NULL,NC_CancerCentersofNorthCarolina-ral.vbs,"CTX_Office365,CTX_Acrobat_Reader,CTX_FILEMGR,Svr-RAL,PublicFolders_NC_Cancer_Centers_of_North_Carolina,PST_Restrict,Office365-E3,Office 365 - Users who Home Drive has been migrated to one drive,Office365-Managed","CTX_Office365,CTX_Acrobat_Reader,CTX_FILEMGR,Svr-RAL,PublicFolders_NC_Cancer_Centers_of_North_Carolina,PST_Restrict,Office365-E3,Office 365 - Users who Home Drive has been migrated to one drive,Office365-Managed","CTX_Office365,CTX_Acrobat_Reader,CTX_FILEMGR,Svr-RAL,PST_Restrict,Office365-E3,Office 365 - Users who Home Drive has been migrated to one drive,Office365-Managed","CTX_Office365,CTX_Acrobat_Reader,CTX_FILEMGR,Svr-RAL,PST_Restrict,Office365-E3,Office 365 - Users who Home Drive has been migrated to one drive,Office365-Managed",0,0,NULL,NULL,USON_ITC_CCNC@usoncology.com,1,1,0
HR080,NULL,NULL,NULL,NULL,NULL,NULL,NULL,NULL,NULL,1,NULL,NULL,NULL,1,1,0
HR081,NULL,NULL,NULL,NULL,NULL,NULL,NULL,NULL,NULL,1,NULL,NULL,NULL,1,1,0
HR082,NULL,NULL,NULL,NULL,NULL,NULL,NULL,NULL,NULL,1,NULL,NULL,NULL,1,1,0
HR083,NULL,NULL,NULL,NULL,NULL,NULL,NULL,NULL,NULL,1,NULL,NULL,NULL,1,1,0
HR084,NULL,NULL,NULL,NULL,NULL,NULL,NULL,NULL,NULL,1,NULL,NULL,NULL,1,1,0
HR085,NULL,NULL,NULL,NULL,NULL,NULL,NULL,NULL,NULL,1,NULL,NULL,NULL,1,1,0
HR088,"OU=Users,OU=OH_Hope Center for Cancer Care,OU=CSA,DC=usoncologyuat,DC=com",NULL,NULL,OH_HopeCenterforCancerCare(ohh).vbs,"CTX_Office365,CTX_Acrobat_Reader,CTX_FILEMGR,Svr-OHH,PublicFolders_OH_Hope_Center_for_Cancer_Care,PST_Restrict,Office365-E3,Office 365 - Users who Home Drive has been migrated to one drive,Office365-Managed","CTX_Office365,CTX_Acrobat_Reader,CTX_FILEMGR,Svr-OHH,PublicFolders_OH_Hope_Center_for_Cancer_Care,PST_Restrict,Office365-E3,Office 365 - Users who Home Drive has been migrated to one drive,Office365-Managed","CTX_Office365,CTX_Acrobat_Reader,CTX_FILEMGR,Svr-OHH,PST_Restrict,Office365-E3,Office 365 - Users who Home Drive has been migrated to one drive,Office365-Managed","CTX_Office365,CTX_Acrobat_Reader,CTX_FILEMGR,Svr-OHH,PST_Restrict,Office365-E3,Office 365 - Users who Home Drive has been migrated to one drive,Office365-Managed",0,0,NULL,NULL,USON_ITC_HCCC@usoncology.com,1,1,0
HR090,"OU=Users,OU=FL_Advanced Medical Specialties,OU=CSA,DC=usoncologyuat,DC=com",NULL,NULL,FL_AdvancedMedicalSpecialties(Mia).vbs,"CTX_Office365,CTX_Acrobat_Reader,CTX_FILEMGR,Svr-WIL,PublicFolders_FL_Advanced_Medical_Specialties,PST_Restrict,Office365-E3,Office 365 - Users who Home Drive has been migrated to one drive,Office365-Managed","CTX_Office365,CTX_Acrobat_Reader,CTX_FILEMGR,Svr-WIL,PublicFolders_FL_Advanced_Medical_Specialties,PST_Restrict,Office365-E3,Office 365 - Users who Home Drive has been migrated to one drive,Office365-Managed","CTX_Office365,CTX_Acrobat_Reader,CTX_FILEMGR,Svr-WIL,PST_Restrict,Office365-E3,Office 365 - Users who Home Drive has been migrated to one drive,Office365-Managed","CTX_Office365,CTX_Acrobat_Reader,CTX_FILEMGR,Svr-WIL,PST_Restrict,Office365-E3,Office 365 - Users who Home Drive has been migrated to one drive,Office365-Managed",0,0,NULL,NULL,USON_ITC_AMS@usoncology.com,1,1,0
HR091,"OU=Users,OU=MO_Comprehensive Cancer Care,OU=CSA,DC=usoncologyuat,DC=com",NULL,NULL,MO_ComprehensiveCancerCare-ccc.vbs,"CTX_Office365,CTX_Acrobat_Reader,CTX_FILEMGR,Comprehensive Cancer Care,Svr-CCC,PublicFolders_MO_Comprehensive_Cancer_Care,PST_Restrict,Office365-E3,Office 365 - Users who Home Drive has been migrated to one drive,Office365-Managed","CTX_Office365,CTX_Acrobat_Reader,CTX_FILEMGR,Comprehensive Cancer Care,Svr-CCC,PublicFolders_MO_Comprehensive_Cancer_Care,PST_Restrict,Office365-E3,Office 365 - Users who Home Drive has been migrated to one drive,Office365-Managed","CTX_Office365,CTX_Acrobat_Reader,CTX_FILEMGR,Comprehensive Cancer Care,Svr-CCC,PST_Restrict,Office365-E3,Office 365 - Users who Home Drive has been migrated to one drive,Office365-Managed","CTX_Office365,CTX_Acrobat_Reader,CTX_FILEMGR,Comprehensive Cancer Care,Svr-CCC,PST_Restrict,Office365-E3,Office 365 - Users who Home Drive has been migrated to one drive,Office365-Managed",0,0,NULL,NULL,USON_ITC_CCC@usoncology.com,1,1,0
HR092,"OU=Users,OU=CA_Wilshire Oncology Medical Group,OU=CSA,DC=usoncologyuat,DC=com",NULL,NULL,CA_WilshireOncologyMedicalGroup(Wil).vbs,"CTX_Office365,CTX_Acrobat_Reader,CTX_FILEMGR,Wilshire All Employees,Svr-WIL,PST_Restrict,Office365-E3,Office 365 - Users who Home Drive has been migrated to one drive,Office365-Managed","CTX_Office365,CTX_Acrobat_Reader,CTX_FILEMGR,Wilshire All Employees,Svr-WIL,PST_Restrict,Office365-E3,Office 365 - Users who Home Drive has been migrated to one drive,Office365-Managed","CTX_Office365,CTX_Acrobat_Reader,CTX_FILEMGR,Wilshire All Employees,Svr-WIL,PST_Restrict,Office365-E3,Office 365 - Users who Home Drive has been migrated to one drive,Office365-Managed","CTX_Office365,CTX_Acrobat_Reader,CTX_FILEMGR,Svr-WIL,Wilshire All Employees,PST_Restrict,Office365-E3,Office 365 - Users who Home Drive has been migrated to one drive,Office365-Managed",0,0,NULL,NULL,USON_ITC_WOMGI@usoncology.com,1,1,0
HR093,"OU=Users,OU=FL_Florida Cancer Affiliates,OU=CSA,DC=usoncologyuat,DC=com",NULL,NULL,FL_FloridaCancerAffiliates.vbs,"CTX_Office365,CTX_Acrobat_Reader,CTX_FILEMGR,Svr-FCI,PublicFolders_FL_Florida_Cancer_Affiliates,PST_Restrict,Office365-E3,Office 365 - Users who Home Drive has been migrated to one drive,Office365-Managed","CTX_Office365,CTX_Acrobat_Reader,CTX_FILEMGR,Svr-FCI,PublicFolders_FL_Florida_Cancer_Affiliates,PST_Restrict,Office365-E3,Office 365 - Users who Home Drive has been migrated to one drive,Office365-Managed","CTX_Office365,CTX_Acrobat_Reader,CTX_FILEMGR,Svr-FCI,PST_Restrict,Office365-E3,Office 365 - Users who Home Drive has been migrated to one drive,Office365-Managed","CTX_Office365,CTX_Acrobat_Reader,CTX_FILEMGR,Svr-FCI,PST_Restrict,Office365-E3,Office 365 - Users who Home Drive has been migrated to one drive,Office365-Managed",0,0,NULL,NULL,USON_ITC_FCA@usoncology.com,1,1,0
HR094,"OU=Users,OU=FL_Advanced Medical Specialties,OU=CSA,DC=usoncologyuat,DC=com",NULL,NULL,FL_AdvancedMedicalSpecialties(Mia).vbs,"CTX_Office365,CTX_Acrobat_Reader,CTX_FILEMGR,Svr-WIL,PublicFolders_FL_Advanced_Medical_Specialties,PST_Restrict,Office365-E3,Office 365 - Users who Home Drive has been migrated to one drive,Office365-Managed","CTX_Office365,CTX_Acrobat_Reader,CTX_FILEMGR,Svr-WIL,PublicFolders_FL_Advanced_Medical_Specialties,PST_Restrict,Office365-E3,Office 365 - Users who Home Drive has been migrated to one drive,Office365-Managed","CTX_Office365,CTX_Acrobat_Reader,CTX_FILEMGR,Svr-WIL,PST_Restrict,Office365-E3,Office 365 - Users who Home Drive has been migrated to one drive,Office365-Managed","CTX_Office365,CTX_Acrobat_Reader,CTX_FILEMGR,Svr-WIL,PST_Restrict,Office365-E3,Office 365 - Users who Home Drive has been migrated to one drive,Office365-Managed",0,0,NULL,NULL,USON_ITC_AMS@usoncology.com,1,1,0
HR095,"OU=Users,OU=VA_Shenandoah Oncology,OU=CSA,DC=usoncologyuat,DC=com",NULL,NULL,Va_shenandoahoncology.vbs,"CTX_Acrobat_Reader,CTX_FILEMGR,Svr-VA_Shenandoah,PublicFolders_VA_Shenandoah_Oncology,PST_Restrict,Office365-E3,Office 365 - Users who Home Drive has been migrated to one drive,CTX_Office365,Office365-Managed","CTX_Acrobat_Reader,CTX_FILEMGR,Svr-VA_Shenandoah,PublicFolders_VA_Shenandoah_Oncology,PST_Restrict,Office365-E3,Office 365 - Users who Home Drive has been migrated to one drive,CTX_Office365,Office365-Managed","CTX_Acrobat_Reader,CTX_FILEMGR,Svr-VA_Shenandoah,PST_Restrict,Office365-E3,Office 365 - Users who Home Drive has been migrated to one drive,CTX_Office365,Office365-Managed","CTX_Acrobat_Reader,CTX_FILEMGR,Svr-VA_Shenandoah,PST_Restrict,Office365-E3,Office 365 - Users who Home Drive has been migrated to one drive,CTX_Office365,Office365-Managed",0,0,NULL,NULL,USON_ITC_VS@usoncology.com,1,1,0
HR097,"OU=Users,OU=OR_Hematology Oncology Associates,OU=CSA,DC=usoncologyuat,DC=com",NULL,NULL,OR_HematologyOncologyAssociates.vbs,"CTX_Office365,CTX_Acrobat_Reader,CTX_FILEMGR,Svr-HOA,PublicFolders_OR_Hematology_Oncology_Associates,PST_Restrict,Office365-E3,Office 365 - Users who Home Drive has been migrated to one drive,Office365-Managed","CTX_Office365,CTX_Acrobat_Reader,CTX_FILEMGR,Svr-HOA,PublicFolders_OR_Hematology_Oncology_Associates,PST_Restrict,Office365-E3,Office 365 - Users who Home Drive has been migrated to one drive,Office365-Managed","CTX_Office365,CTX_Acrobat_Reader,CTX_FILEMGR,Svr-HOA,PST_Restrict,Office365-E3,Office 365 - Users who Home Drive has been migrated to one drive,Office365-Managed","CTX_Office365,CTX_Acrobat_Reader,CTX_FILEMGR,Svr-HOA,PST_Restrict,Office365-E3,Office 365 - Users who Home Drive has been migrated to one drive,Office365-Managed",0,0,hoapc.com,NULL,USON_ITC_HOA@usoncology.com,1,1,0
HR098,NULL,NULL,NULL,NULL,NULL,NULL,NULL,NULL,NULL,1,NULL,NULL,NULL,1,1,0
HR099,NULL,NULL,NULL,NULL,NULL,NULL,NULL,NULL,NULL,1,NULL,NULL,NULL,1,1,0
HR100,"OU=Users,OU=OK_Optim Oncology,OU=CSA,DC=usoncologyuat,DC=com",NULL,NULL,OK_OptimOncology.vbs,"CTX_Acrobat_Reader,CTX_FILEMGR,CTX_ALLOW,OptimOncologyUsers,DL Optim Oncology,PublicFolders_OK_Optim_Oncology,PST_Restrict,Office365-E3,Office 365 - Users who Home Drive has been migrated to one drive,CTX_Office365,Office365-Managed","CTX_Acrobat_Reader,CTX_FILEMGR,CTX_ALLOW,OptimOncologyUsers,DL Optim Oncology,PublicFolders_OK_Optim_Oncology,PST_Restrict,Office365-E3,Office 365 - Users who Home Drive has been migrated to one drive,CTX_Office365,Office365-Managed","CTX_Acrobat_Reader,CTX_FILEMGR,CTX_ALLOW,OptimOncologyUsers,DL Optim Oncology,PST_Restrict,Office365-E3,Office 365 - Users who Home Drive has been migrated to one drive,CTX_Office365,Office365-Managed","CTX_Acrobat_Reader,CTX_FILEMGR,CTX_ALLOW,OptimOncologyUsers,DL Optim Oncology,PST_Restrict,Office365-E3,Office 365 - Users who Home Drive has been migrated to one drive,CTX_Office365,Office365-Managed",0,0,NULL,NULL,USON_ITC_OO@usoncology.com,1,1,0
HR101,"OU=Users,OU=OH_Oncology Hematology Care,OU=CSA,DC=usoncologyuat,DC=com",NULL,NULL,OH_OncologyHematologyCare.vbs,"SVR_Ohio_OHC,CTX_Office365,CTX_Acrobat_Reader,CTX_FILEMGR,CTX_ALLOW,CTX_LearnCent,OHC All Employees,PublicFolders_OH_Oncology_Hematology_Care,PST_Restrict,Office365-E3,Office 365 - Users who Home Drive has been migrated to one drive,Office365-Managed","SVR_Ohio_OHC,CTX_Office365,CTX_Acrobat_Reader,CTX_FILEMGR,CTX_ALLOW,CTX_LearnCent,OHC All Employees,PublicFolders_OH_Oncology_Hematology_Care,PST_Restrict,Office365-E3,Office 365 - Users who Home Drive has been migrated to one drive,Office365-Managed","SVR_Ohio_OHC,CTX_Office365,CTX_Acrobat_Reader,CTX_FILEMGR,CTX_ALLOW,CTX_LearnCent,OHC All Employees,PST_Restrict,Office365-E3,Office 365 - Users who Home Drive has been migrated to one drive,Office365-Managed","SVR_Ohio_OHC,CTX_Office365,CTX_Acrobat_Reader,CTX_FILEMGR,CTX_ALLOW,CTX_LearnCent,OHC All Employees,PST_Restrict,Office365-E3,Office 365 - Users who Home Drive has been migrated to one drive,Office365-Managed",0,0,NULL,ohcare.com,USON_ITC_OH_OHC@USONCOLOGY.COM,1,1,0
HR102,"OU=Users,OU=VO_CBO,OU=CSA,DC=usoncologyuat,DC=com",NULL,NULL,VantageOncology.vbs,"CTX_Acrobat_Reader,CTX_FILEMGR,CTX_ALLOW,CTX_LearnCent,SVR_VOCBO,PublicFolders_VO_CBO,PST_Restrict,Office365-E3,Office 365 - Users who Home Drive has been migrated to one drive,CTX_Office365,Office365-Managed","CTX_Acrobat_Reader,CTX_FILEMGR,CTX_ALLOW,CTX_LearnCent,SVR_VOCBO,PublicFolders_VO_CBO,PST_Restrict,Office365-E3,Office 365 - Users who Home Drive has been migrated to one drive,CTX_Office365,Office365-Managed","CTX_Acrobat_Reader,CTX_FILEMGR,CTX_ALLOW,CTX_LearnCent,SVR_VOCBO,PST_Restrict,Office365-E3,Office 365 - Users who Home Drive has been migrated to one drive,CTX_Office365,Office365-Managed","CTX_Acrobat_Reader,CTX_FILEMGR,CTX_ALLOW,CTX_LearnCent,SVR_VOCBO,PST_Restrict,Office365-E3,Office 365 - Users who Home Drive has been migrated to one drive,CTX_Office365,Office365-Managed",1,0,NULL,NULL,USON_ITC_VO_CBO@USONCOLOGY.COM,1,1,0
HR103,"OU=Users,OU=VO_Southeast,OU=CSA,DC=usoncologyuat,DC=com",NULL,NULL,VantageOncology.vbs,"CTX_Office365,CTX_Acrobat_Reader,CTX_FILEMGR,CTX_ALLOW,CTX_LearnCent,SVR_VOSoutheast,PublicFolders_VO_Southeast,PST_Restrict,Office365-E3,Office 365 - Users who Home Drive has been migrated to one drive,Office365-Managed","CTX_Office365,CTX_Acrobat_Reader,CTX_FILEMGR,CTX_ALLOW,CTX_LearnCent,SVR_VOSoutheast,PublicFolders_VO_Southeast,PST_Restrict,Office365-E3,Office 365 - Users who Home Drive has been migrated to one drive,Office365-Managed","CTX_Office365,CTX_Acrobat_Reader,CTX_FILEMGR,CTX_ALLOW,CTX_LearnCent,SVR_VOSoutheast,PST_Restrict,Office365-E3,Office 365 - Users who Home Drive has been migrated to one drive,Office365-Managed","CTX_Office365,CTX_Acrobat_Reader,CTX_FILEMGR,CTX_ALLOW,CTX_LearnCent,SVR_VOSoutheast,PST_Restrict,Office365-E3,Office 365 - Users who Home Drive has been migrated to one drive,Office365-Managed",1,0,NULL,NULL,USON_ITC_VO_Southeast@USONCOLOGY.COM,1,1,0
HR104,"OU=Users,OU=VO_Urology,OU=CSA,DC=usoncologyuat,DC=com",NULL,NULL,VantageOncology.vbs,"CTX_Office365,CTX_Acrobat_Reader,CTX_FILEMGR,CTX_ALLOW,CTX_LearnCent,SVR_VO_Urology,PublicFolders_VO_Urology,PST_Restrict,Office365-E3,Office 365 - Users who Home Drive has been migrated to one drive,Office365-Managed","CTX_Office365,CTX_Acrobat_Reader,CTX_FILEMGR,CTX_ALLOW,CTX_LearnCent,SVR_VO_Urology,PublicFolders_VO_Urology,PST_Restrict,Office365-E3,Office 365 - Users who Home Drive has been migrated to one drive,Office365-Managed","CTX_Office365,CTX_Acrobat_Reader,CTX_FILEMGR,CTX_ALLOW,CTX_LearnCent,SVR_VO_Urology,PST_Restrict,Office365-E3,Office 365 - Users who Home Drive has been migrated to one drive,Office365-Managed","CTX_Office365,CTX_Acrobat_Reader,CTX_FILEMGR,CTX_ALLOW,CTX_LearnCent,SVR_VO_Urology,PST_Restrict,Office365-E3,Office 365 - Users who Home Drive has been migrated to one drive,Office365-Managed",1,0,NULL,NULL,USON_ITC_VO_Urology@USONCOLOGY.COM,1,1,0
HR105,"OU=Users,OU=VO_OperationalSupport,OU=CSA,DC=usoncologyuat,DC=com",NULL,NULL,VantageOncology.vbs,"CTX_Office365,CTX_Acrobat_Reader,CTX_FILEMGR,CTX_ALLOW,CTX_LearnCent,SVR_VO_OperationalSupport,PublicFolders_VO_OperationalSupport,PST_Restrict,Office365-E3,Office 365 - Users who Home Drive has been migrated to one drive,Office365-Managed","CTX_Office365,CTX_Acrobat_Reader,CTX_FILEMGR,CTX_ALLOW,CTX_LearnCent,SVR_VO_OperationalSupport,PublicFolders_VO_OperationalSupport,PST_Restrict,Office365-E3,Office 365 - Users who Home Drive has been migrated to one drive,Office365-Managed","CTX_Office365,CTX_Acrobat_Reader,CTX_FILEMGR,CTX_ALLOW,CTX_LearnCent,SVR_VO_OperationalSupport,PST_Restrict,Office365-E3,Office 365 - Users who Home Drive has been migrated to one drive,Office365-Managed","CTX_Office365,CTX_Acrobat_Reader,CTX_FILEMGR,CTX_ALLOW,CTX_LearnCent,SVR_VO_OperationalSupport,PST_Restrict,Office365-E3,Office 365 - Users who Home Drive has been migrated to one drive,Office365-Managed",1,0,NULL,NULL,USON_ITC_VO_OperationalSupport@USONCOLOGY.COM,1,1,0
HR106,"OU=Users,OU=VO_Northeast,OU=CSA,DC=usoncologyuat,DC=com",NULL,NULL,VantageOncology.vbs,"CTX_Office365,CTX_Acrobat_Reader,CTX_FILEMGR,CTX_ALLOW,CTX_LearnCent,SVR_VONortheast,PublicFolders_VO_Northeast,PST_Restrict,Office365-E3,Office 365 - Users who Home Drive has been migrated to one drive,Office365-Managed","CTX_Office365,CTX_Acrobat_Reader,CTX_FILEMGR,CTX_ALLOW,CTX_LearnCent,SVR_VONortheast,PublicFolders_VO_Northeast,PST_Restrict,Office365-E3,Office 365 - Users who Home Drive has been migrated to one drive,Office365-Managed","CTX_Office365,CTX_Acrobat_Reader,CTX_FILEMGR,CTX_ALLOW,CTX_LearnCent,SVR_VONortheast,PST_Restrict,Office365-E3,Office 365 - Users who Home Drive has been migrated to one drive,Office365-Managed","CTX_Office365,CTX_Acrobat_Reader,CTX_FILEMGR,CTX_ALLOW,CTX_LearnCent,SVR_VONortheast,PST_Restrict,Office365-E3,Office 365 - Users who Home Drive has been migrated to one drive,Office365-Managed",1,0,NULL,NULL,USON_ITC_VO_Northeast@USONCOLOGY.COM,1,1,0
HR107,"OU=Users,OU=VO_Hybrid,OU=CSA,DC=usoncologyuat,DC=com",NULL,NULL,VantageOncology.vbs,"CTX_Office365,CTX_Acrobat_Reader,CTX_FILEMGR,CTX_ALLOW,CTX_LearnCent,SVR_VO_Hybrid,PublicFolders_VO_Hybrid,PST_Restrict,Office365-E3,Office 365 - Users who Home Drive has been migrated to one drive,Office365-Managed","CTX_Office365,CTX_Acrobat_Reader,CTX_FILEMGR,CTX_ALLOW,CTX_LearnCent,SVR_VO_Hybrid,PublicFolders_VO_Hybrid,PST_Restrict,Office365-E3,Office 365 - Users who Home Drive has been migrated to one drive,Office365-Managed","CTX_Office365,CTX_Acrobat_Reader,CTX_FILEMGR,CTX_ALLOW,CTX_LearnCent,SVR_VO_Hybrid,PST_Restrict,Office365-E3,Office 365 - Users who Home Drive has been migrated to one drive,Office365-Managed","CTX_Office365,CTX_Acrobat_Reader,CTX_FILEMGR,CTX_ALLOW,CTX_LearnCent,SVR_VO_Hybrid,PST_Restrict,Office365-E3,Office 365 - Users who Home Drive has been migrated to one drive,Office365-Managed",1,0,NULL,NULL,USON_ITC_VO_Hybrid@USONCOLOGY.COM,1,1,0
HR108,"OU=Users,OU=VO_Midwest,OU=CSA,DC=usoncologyuat,DC=com",NULL,NULL,VantageOncology.vbs,"CTX_Office365,CTX_Acrobat_Reader,CTX_FILEMGR,CTX_ALLOW,CTX_LearnCent,SVR_VOMidwest,PublicFolders_VO_Midwest,PST_Restrict,Office365-E3,Office 365 - Users who Home Drive has been migrated to one drive,Office365-Managed","CTX_Office365,CTX_Acrobat_Reader,CTX_FILEMGR,CTX_ALLOW,CTX_LearnCent,SVR_VOMidwest,PublicFolders_VO_Midwest,PST_Restrict,Office365-E3,Office 365 - Users who Home Drive has been migrated to one drive,Office365-Managed","CTX_Office365,CTX_Acrobat_Reader,CTX_FILEMGR,CTX_ALLOW,CTX_LearnCent,SVR_VOMidwest,PST_Restrict,Office365-E3,Office 365 - Users who Home Drive has been migrated to one drive,Office365-Managed","CTX_Office365,CTX_Acrobat_Reader,CTX_FILEMGR,CTX_ALLOW,CTX_LearnCent,SVR_VOMidwest,PST_Restrict,Office365-E3,Office 365 - Users who Home Drive has been migrated to one drive,Office365-Managed",1,0,NULL,NULL,USON_ITC_VO_Midwest@USONCOLOGY.COM,1,1,0
HR109,"OU=Users,OU=VO_West,OU=CSA,DC=usoncologyuat,DC=com",NULL,NULL,VantageOncology.vbs,"CTX_Office365,CTX_Acrobat_Reader,CTX_FILEMGR,CTX_ALLOW,CTX_LearnCent,SVR_VOwest,PublicFolders_VO_West,PST_Restrict,Office365-E3,Office 365 - Users who Home Drive has been migrated to one drive,Office365-Managed","CTX_Office365,CTX_Acrobat_Reader,CTX_FILEMGR,CTX_ALLOW,CTX_LearnCent,SVR_VOwest,PublicFolders_VO_West,PST_Restrict,Office365-E3,Office 365 - Users who Home Drive has been migrated to one drive,Office365-Managed","CTX_Office365,CTX_Acrobat_Reader,CTX_FILEMGR,CTX_ALLOW,CTX_LearnCent,SVR_VOwest,PST_Restrict,Office365-E3,Office 365 - Users who Home Drive has been migrated to one drive,Office365-Managed","CTX_Office365,CTX_Acrobat_Reader,CTX_FILEMGR,CTX_ALLOW,CTX_LearnCent,SVR_VOwest,PST_Restrict,Office365-E3,Office 365 - Users who Home Drive has been migrated to one drive,Office365-Managed",1,0,NULL,NULL,USON_ITC_VO_West@USONCOLOGY.COM,1,1,0
HR111,"OU=Users,OU=VO_RCOG,OU=CSA,DC=usoncologyuat,DC=com",NULL,NULL,VantageOncology.vbs,"CTX_Office365,CTX_Acrobat_Reader,CTX_FILEMGR,CTX_ALLOW,CTX_LearnCent,SVR_VO_RCOG,PublicFolders_VO_RCOG,PST_Restrict,Office365-E3,Office 365 - Users who Home Drive has been migrated to one drive,Office365-Managed","CTX_Office365,CTX_Acrobat_Reader,CTX_FILEMGR,CTX_ALLOW,CTX_LearnCent,SVR_VO_RCOG,PublicFolders_VO_RCOG,PST_Restrict,Office365-E3,Office 365 - Users who Home Drive has been migrated to one drive,Office365-Managed","CTX_Office365,CTX_Acrobat_Reader,CTX_FILEMGR,CTX_ALLOW,CTX_LearnCent,SVR_VO_RCOG,PST_Restrict,Office365-E3,Office 365 - Users who Home Drive has been migrated to one drive,Office365-Managed","CTX_Office365,CTX_Acrobat_Reader,CTX_FILEMGR,CTX_ALLOW,CTX_LearnCent,SVR_VO_RCOG,PST_Restrict,Office365-E3,Office 365 - Users who Home Drive has been migrated to one drive,Office365-Managed",1,0,NULL,NULL,USON_ITC_VO_RCOG@USONCOLOGY.COM,1,1,0
HR112,"OU=Users,OU=AL_SouthernCancerCenter,OU=CSA,DC=usoncologyuat,DC=com",NULL,NULL,AL_SCC.vbs,"CTX_Acrobat_Reader,CTX_FILEMGR,CTX_ALLOW,CTX_LearnCent,svr_ALSCC,SCC All Personnel,PublicFolders_AL_SouthernCancerCenter,Office365-E3,CTX_Office365,Office365-Users,Office 365 - Users who Home Drive has been migrated to one drive,PST_Restrict,Office365-Managed","CTX_Acrobat_Reader,CTX_FILEMGR,CTX_ALLOW,CTX_LearnCent,svr_ALSCC,SCC All Personnel,PublicFolders_AL_SouthernCancerCenter,Office365-E3,CTX_Office365,Office365-Users,Office 365 - Users who Home Drive has been migrated to one drive,PST_Restrict,Office365-Managed","CTX_Acrobat_Reader,CTX_FILEMGR,CTX_ALLOW,CTX_LearnCent,svr_ALSCC,SCC All Personnel,Office365-E3,CTX_Office365,Office365-Users,Office 365 - Users who Home Drive has been migrated to one drive,PST_Restrict,Office365-Managed","CTX_Acrobat_Reader,CTX_FILEMGR,CTX_ALLOW,CTX_LearnCent,svr_ALSCC,SCC All Personnel,Office365-E3,CTX_Office365,Office365-Users,Office 365 - Users who Home Drive has been migrated to one drive,PST_Restrict,Office365-Managed",1,0,southerncancercenter.com,NULL,USON_ITC_SCC@USONCOLOGY.COM,1,1,0
HR113,"OU=Users,OU=DE_Medical Oncology Hematology Consultants,OU=CSA,DC=usoncologyuat,DC=com",NULL,NULL,DE_MOHC.vbs,"CTX_Acrobat_Reader,CTX_ALLOW,CTX_FILEMGR,CTX_LearnCent,CTX_Office365,SVR_MOHC,MOHC_Everyone,PublicFolders_DE_Medical_Oncology_Hematology_Consultants,PST_Restrict,Office365-E3,Office 365 - Users who Home Drive has been migrated to one drive,Office365-Managed","CTX_Acrobat_Reader,CTX_ALLOW,CTX_FILEMGR,CTX_LearnCent,CTX_Office365,SVR_MOHC,MOHC_Everyone,PublicFolders_DE_Medical_Oncology_Hematology_Consultants,PST_Restrict,Office365-E3,Office 365 - Users who Home Drive has been migrated to one drive,Office365-Managed","CTX_Acrobat_Reader,CTX_ALLOW,CTX_FILEMGR,CTX_LearnCent,CTX_Office365,SVR_MOHC,MOHC_Everyone,PST_Restrict,Office365-E3,Office 365 - Users who Home Drive has been migrated to one drive,Office365-Managed","CTX_Acrobat_Reader,CTX_ALLOW,CTX_FILEMGR,CTX_LearnCent,CTX_Office365,SVR_MOHC,MOHC_Everyone,PST_Restrict,Office365-E3,Office 365 - Users who Home Drive has been migrated to one drive,Office365-Managed",1,0,NULL,NULL,USON_ITC_FL_CCCB@USONCOLOGY.COM,1,1,0
HR114,"OU=Users,OU=PA_Consultants of Medical Oncology and Hematology,OU=CSA,DC=usoncologyuat,DC=com",NULL,NULL,PA_CMOH.vbs,"CTX_Acrobat_Reader,CTX_ALLOW,CTX_FILEMGR,CTX_LearnCent,SVR_CMOH,Office365-E3,CTX_Office365,Office365-Users,Office 365 - Users who Home Drive has been migrated to one drive,PST_Restrict,Office365-Managed","CTX_Acrobat_Reader,CTX_ALLOW,CTX_FILEMGR,CTX_LearnCent,SVR_CMOH,Office365-E3,CTX_Office365,Office365-Users,Office 365 - Users who Home Drive has been migrated to one drive,PST_Restrict,Office365-Managed","CTX_Acrobat_Reader,CTX_ALLOW,CTX_FILEMGR,CTX_LearnCent,SVR_CMOH,Office365-E3,CTX_Office365,Office365-Users,Office 365 - Users who Home Drive has been migrated to one drive,PST_Restrict,Office365-Managed","CTX_Acrobat_Reader,CTX_ALLOW,CTX_FILEMGR,CTX_LearnCent,SVR_CMOH,Office365-E3,CTX_Office365,Office365-Users,Office 365 - Users who Home Drive has been migrated to one drive,PST_Restrict,Office365-Managed",1,0,NULL,NULL,USON_ITC_PA_CMOH@USONCOLOGY.COM,1,1,0
HR115,"OU=Users,OU=FL_Cancer Care Centers of Brevard,OU=CSA,DC=usoncologyuat,DC=com",NULL,NULL,FL_CCCB.vbs,"CTX_Acrobat_Reader,CTX_ALLOW,CTX_FILEMGR,CTX_LearnCent,CTX_Office365,SVR_CCCB,PST_Restrict,Office365-E3,Office 365 - Users who Home Drive has been migrated to one drive,Office365-Managed","CTX_Acrobat_Reader,CTX_ALLOW,CTX_FILEMGR,CTX_LearnCent,CTX_Office365,SVR_CCCB,PST_Restrict,Office365-E3,Office 365 - Users who Home Drive has been migrated to one drive,Office365-Managed","CTX_Acrobat_Reader,CTX_ALLOW,CTX_FILEMGR,CTX_LearnCent,CTX_Office365,SVR_CCCB,PST_Restrict,Office365-E3,Office 365 - Users who Home Drive has been migrated to one drive,Office365-Managed","CTX_Acrobat_Reader,CTX_ALLOW,CTX_FILEMGR,CTX_LearnCent,CTX_Office365,SVR_CCCB,PST_Restrict,Office365-E3,Office 365 - Users who Home Drive has been migrated to one drive,Office365-Managed",1,0,NULL,NULL,USON_ITC_FL_CCCB@USONCOLOGY.COM,1,1,0
HR116,"OU=Users,OU=IL_Affiliated Oncologists,OU=CSA,DC=usoncologyuat,DC=com",NULL,NULL,IL_AO.vbs,"CTX_Acrobat_Reader,CTX_ALLOW,CTX_FILEMGR,CTX_LearnCent,CTX_Office365,SVR_AO,PST_Restrict,Office365-E3,Office 365 - Users who Home Drive has been migrated to one drive,Office365-Managed","CTX_Acrobat_Reader,CTX_ALLOW,CTX_FILEMGR,CTX_LearnCent,CTX_Office365,SVR_AO,PST_Restrict,Office365-E3,Office 365 - Users who Home Drive has been migrated to one drive,Office365-Managed","CTX_Acrobat_Reader,CTX_ALLOW,CTX_FILEMGR,CTX_LearnCent,CTX_Office365,SVR_AO,PST_Restrict,Office365-E3,Office 365 - Users who Home Drive has been migrated to one drive,Office365-Managed","CTX_Acrobat_Reader,CTX_ALLOW,CTX_FILEMGR,CTX_LearnCent,CTX_Office365,SVR_AO,PST_Restrict,Office365-E3,Office 365 - Users who Home Drive has been migrated to one drive,Office365-Managed",1,0,NULL,NULL,USON_ITC_IL_AO@USONCOLOGY.COM,1,1,0
HR117,"OU=Users,OU=FL_Urology Specialists of West Florida,OU=CSA,DC=usoncologyuat,DC=com",NULL,NULL,NULL,"CTX_Acrobat_Reader,CTX_ALLOW,CTX_FILEMGR,CTX_LearnCent,FL_USWF_Everyone,SVR_USWF,PST_Restrict,Office365-E3,Office 365 - Users who Home Drive has been migrated to one drive,CTX_Office365,Office365-Managed","CTX_Acrobat_Reader,CTX_ALLOW,CTX_FILEMGR,CTX_LearnCent,FL_USWF_Everyone,SVR_USWF,PST_Restrict,Office365-E3,Office 365 - Users who Home Drive has been migrated to one drive,CTX_Office365,Office365-Managed","CTX_Acrobat_Reader,CTX_ALLOW,CTX_FILEMGR,CTX_LearnCent,FL_USWF_Everyone,SVR_USWF,PST_Restrict,Office365-E3,Office 365 - Users who Home Drive has been migrated to one drive,CTX_Office365,Office365-Managed","CTX_Acrobat_Reader,CTX_ALLOW,CTX_FILEMGR,CTX_LearnCent,FL_USWF_Everyone,SVR_USWF,PST_Restrict,Office365-E3,Office 365 - Users who Home Drive has been migrated to one drive,CTX_Office365,Office365-Managed",1,0,NULL,NULL,USON_ITC_FL_USWF@USONCOLOGY.COM,1,1,0
LE001,"OU=Users,OU=FL_WoodlandsMedicalSpecialists,OU=CSA,DC=usoncologyuat,DC=com",NULL,NULL,FL_WoodlandsMedicalSpecialists.vbs,"CTX_Office365,CTX_Acrobat_Reader,CTX_FILEMGR,CTX_ALLOW,SVR_Florida_WMS,WMS Employees,PublicFolders_FL_WoodlandsMedicalSpecialists,PST_Restrict,Office365-E3,Office 365 - Users who Home Drive has been migrated to one drive,Office365-Managed","CTX_Office365,CTX_Acrobat_Reader,CTX_FILEMGR,CTX_ALLOW,SVR_Florida_WMS,WMS Employees,PublicFolders_FL_WoodlandsMedicalSpecialists,PST_Restrict,Office365-E3,Office 365 - Users who Home Drive has been migrated to one drive,Office365-Managed","CTX_Office365,CTX_Acrobat_Reader,CTX_FILEMGR,CTX_ALLOW,SVR_Florida_WMS,PST_Restrict,Office365-E3,Office 365 - Users who Home Drive has been migrated to one drive,Office365-Managed","CTX_Office365,CTX_Acrobat_Reader,CTX_FILEMGR,CTX_ALLOW,SVR_Florida_WMS,PST_Restrict,Office365-E3,Office 365 - Users who Home Drive has been migrated to one drive,Office365-Managed",1,0,woodlandsmed.com,woodlandscorp.net,USON_ITC_FL_WMS@USONCOLOGY.COM,1,1,0
RB200,"OU=Users,OU=US_Mountain West RBO,OU=CSA,DC=usoncologyuat,DC=com",NULL,NULL,MTNRBO.vbs,"CTX_Office365,CTX_Acrobat_Reader,CTX_FILEMGR,USON Mountain West RBO,SVR_mtnrbo,PublicFolders_US_Mountain_West_RBO,PST_Restrict,Office365-E3,Office 365 - Users who Home Drive has been migrated to one drive,Office365-Managed","CTX_Office365,CTX_Acrobat_Reader,CTX_FILEMGR,USON Mountain West RBO,SVR_mtnrbo,PublicFolders_US_Mountain_West_RBO,PST_Restrict,Office365-E3,Office 365 - Users who Home Drive has been migrated to one drive,Office365-Managed","CTX_Office365,CTX_Acrobat_Reader,CTX_FILEMGR,USON Mountain West RBO,SVR_mtnrbo,PST_Restrict,Office365-E3,Office 365 - Users who Home Drive has been migrated to one drive,Office365-Managed","CTX_Office365,CTX_Acrobat_Reader,CTX_FILEMGR,USON Mountain West RBO,SVR_mtnrbo,PST_Restrict,Office365-E3,Office 365 - Users who Home Drive has been migrated to one drive,Office365-Managed",1,0,NULL,NULL,USON_ITC_MTNRBO@USONCOLOGY.COM,1,1,0
RB300,"OU=Users,OU=US_Mid-Atlantic RBO,OU=CSA,DC=usoncologyuat,DC=com",NULL,NULL,MARBO.vbs,"CTX_Acrobat_Reader,CTX_ALLOW,CTX_FILEMGR,CTX_LearnCent,CTX_Office365,SVR_MARBO,PST_Restrict,Office365-E3,Office 365 - Users who Home Drive has been migrated to one drive,Office365-Managed","CTX_Acrobat_Reader,CTX_ALLOW,CTX_FILEMGR,CTX_LearnCent,CTX_Office365,SVR_MARBO,PST_Restrict,Office365-E3,Office 365 - Users who Home Drive has been migrated to one drive,Office365-Managed","CTX_Acrobat_Reader,CTX_ALLOW,CTX_FILEMGR,CTX_LearnCent,CTX_Office365,SVR_MARBO,PST_Restrict,Office365-E3,Office 365 - Users who Home Drive has been migrated to one drive,Office365-Managed","CTX_Acrobat_Reader,CTX_ALLOW,CTX_FILEMGR,CTX_LearnCent,CTX_Office365,SVR_MARBO,PST_Restrict,Office365-E3,Office 365 - Users who Home Drive has been migrated to one drive,Office365-Managed",1,0,NULL,NULL,USON_ITC_US_MARBO@USONCOLOGY.COM,1,1,0
RM001,"OU=Users,OU=VA_Arthritis Consultants of Tidewater,OU=Rheumatology,DC=usoncologyuat,DC=com",NULL,NULL,Svr-arthritisconsultantsoftidewater.vbs,"CTX_Office365,CTX_Acrobat_Reader,CTX_FILEMGR,Svr-ArthritisConsultantsofTidewater,PST_Restrict,Office365-E3,Office 365 - Users who Home Drive has been migrated to one drive,Office365-Managed","CTX_Office365,CTX_Acrobat_Reader,CTX_FILEMGR,Svr-ArthritisConsultantsofTidewater,PST_Restrict,Office365-E3,Office 365 - Users who Home Drive has been migrated to one drive,Office365-Managed","CTX_Office365,CTX_Acrobat_Reader,CTX_FILEMGR,Svr-ArthritisConsultantsofTidewater,PST_Restrict,Office365-E3,Office 365 - Users who Home Drive has been migrated to one drive,Office365-Managed","CTX_Office365,CTX_Acrobat_Reader,CTX_FILEMGR,Svr-ArthritisConsultantsofTidewater,PST_Restrict,Office365-E3,Office 365 - Users who Home Drive has been migrated to one drive,Office365-Managed",0,0,arthritisconsultants.com,NULL,USON_ITC_ACCT@usoncology.com,1,1,0
RM002,"OU=Users,OU=CA_Arthritis Associates of Southern California,OU=Rheumatology,DC=usoncologyuat,DC=com",NULL,NULL,AASC.vbs,"CTX_Office365,CTX_Acrobat_Reader,CTX_FILEMGR,CTX_ALLOW,ArthritisAssociatesofSouthernCaliforniaUsers,DL Arthritis Associates of Southern California,PST_Restrict,Office365-E3,Office 365 - Users who Home Drive has been migrated to one drive,Office365-Managed","CTX_Office365,CTX_Acrobat_Reader,CTX_FILEMGR,CTX_ALLOW,ArthritisAssociatesofSouthernCaliforniaUsers,DL Arthritis Associates of Southern California,PST_Restrict,Office365-E3,Office 365 - Users who Home Drive has been migrated to one drive,Office365-Managed","CTX_Office365,CTX_Acrobat_Reader,CTX_FILEMGR,CTX_ALLOW,ArthritisAssociatesofSouthernCaliforniaUsers,DL Arthritis Associates of Southern California,PST_Restrict,Office365-E3,Office 365 - Users who Home Drive has been migrated to one drive,Office365-Managed","CTX_Office365,CTX_Acrobat_Reader,CTX_FILEMGR,CTX_ALLOW,ArthritisAssociatesofSouthernCaliforniaUsers,DL Arthritis Associates of Southern California,PST_Restrict,Office365-E3,Office 365 - Users who Home Drive has been migrated to one drive,Office365-Managed",0,0,arthritis-socal.com,NULL,USON_ITC_AASC@usoncology.com,1,1,0
IF100,"OU=Users,OU=US_IntraFUSION,OU=Clinical,DC=MSHPS,DC=usoncologyuat,DC=com",NULL,NULL,NULL,"CTX_Acrobat_Reader,CTX_MSHPS_ALLOW,CTX_FPRD_92,CTX_FILEMGR,CTX_LearnCent,MSHPS-office 365 - Users who Home Drive has been migrated to one drive,MSHPS-CTX_Office365,MSHPS-PST_Restrict,MSHPS-Office365-E3,SVR_IntraFUSION,US_IntraFUSION_Everyone,Office365-Managed,Office365-E3","CTX_Acrobat_Reader,CTX_MSHPS_ALLOW,CTX_FPRD_92,CTX_FILEMGR,CTX_LearnCent,MSHPS-office 365 - Users who Home Drive has been migrated to one drive,MSHPS-CTX_Office365,MSHPS-PST_Restrict,MSHPS-Office365-E3,SVR_IntraFUSION,US_IntraFUSION_Everyone,Office365-Managed,Office365-E3","CTX_Acrobat_Reader,CTX_MSHPS_ALLOW,CTX_FPRD_92,CTX_FILEMGR,CTX_LearnCent,MSHPS-office 365 - Users who Home Drive has been migrated to one drive,MSHPS-CTX_Office365,MSHPS-PST_Restrict,MSHPS-Office365-E3,SVR_IntraFUSION,US_IntraFUSION_Everyone,Office365-Managed,Office365-E3","CTX_Acrobat_Reader,CTX_MSHPS_ALLOW,CTX_FPRD_92,CTX_FILEMGR,CTX_LearnCent,MSHPS-office 365 - Users who Home Drive has been migrated to one drive,MSHPS-CTX_Office365,MSHPS-PST_Restrict,MSHPS-Office365-E3,SVR_IntraFUSION,US_IntraFUSION_Everyone,Office365-Managed,Office365-E3",1,0,intraFUSION.com,mckessonspecialtyhealth.com,MSHPS_ITC_US_IntraFUSION@mckessonspecialtyhealth.com,1,1,0
