id,name,dn,type,okta_cn
144,"AZ Employees","CN=AZ Employees,OU=AZ_Arizona Oncology Associates,OU=Distribution Groups,OU=Groups,DC=uson,DC=usoncology,DC=int",hrbu,"(GROUP_USON)Groups/Distribution Groups/AZ_Arizona Oncology Associates/AZ Employees"
146,CTX_Acrobat_Reader,"CN=CTX_Acrobat_Reader,OU=Corporate,OU=Help Desk Managed Groups,OU=Groups,DC=uson,DC=usoncology,DC=int",hrbu,"(GROUP_USON)Groups/Help Desk Managed Groups/Corporate/CTX_Acrobat_Reader"
147,CTX_FILEMGR,"CN=CTX_FILEMGR,OU=EnterpriseWide,OU=Help Desk Managed Groups,OU=Groups,DC=uson,DC=usoncology,DC=int",hrbu,"(GROUP_USON)Groups/Help Desk Managed Groups/EnterpriseWide/CTX_FILEMGR"
149,CTX_Office07,"CN=CTX_Office07,OU=Corporate,OU=Help Desk Managed Groups,OU=Groups,DC=uson,DC=usoncology,DC=int",hrbu,"(GROUP_USON)Groups/Help Desk Managed Groups/Corporate/CTX_Office07"
150,"Comprehensive Cancer Care","CN=Comprehensive Cancer Care,OU=MO_Comprehensive Cancer Care,OU=Distribution Groups,OU=Groups,DC=uson,DC=usoncology,DC=int",hrbu,"(GROUP_USON)Groups/Distribution Groups/MO_Comprehensive Cancer Care/Comprehensive Cancer Care"
151,"Missouri Cancer Associate employees and physicians","CN=Missouri Cancer Associate employees and physicians,OU=MO_Missouri Cancer Associates,OU=Distribution Groups,OU=Groups,DC=uson,DC=usoncology,DC=int",hrbu,"(GROUP_USON)Groups/Distribution Groups/MO_Missouri Cancer Associates/Missouri Cancer Associate employees and physicians"
152,"OR All Portland & Vancouver","CN=OR All Portland & Vancouver,OU=OR_Northwest Cancer Specialists (Portland),OU=Distribution Groups,OU=Groups,DC=uson,DC=usoncology,DC=int",hrbu,"(GROUP_USON)Groups/Distribution Groups/OR_Northwest Cancer Specialists (Portland)/OR All Portland & Vancouver"
153,"RMCC Employees","CN=RMCC Employees,OU=CO_Rocky Mountain Cancer Centers,OU=Distribution Groups,OU=Groups,DC=uson,DC=usoncology,DC=int",hrbu,"(GROUP_USON)Groups/Distribution Groups/CO_Rocky Mountain Cancer Centers/RMCC Employees"
154,Svr-ACC,"CN=Svr-ACC,OU=MO_Arch Cancer Care,OU=Help Desk Managed Groups,OU=Groups,DC=uson,DC=usoncology,DC=int",hrbu,"(GROUP_USON)Groups/Help Desk Managed Groups/MO_Arch Cancer Care/Svr-ACC"
156,Svr-ArthritisConsultantsofTidewater,"CN=Svr-ArthritisConsultantsofTidewater,OU=VA_Arthritis Consultants of Tidewater,OU=Help Desk Managed Groups,OU=Groups,DC=uson,DC=usoncology,DC=int",hrbu,"(GROUP_USON)Groups/Help Desk Managed Groups/VA_Arthritis Consultants of Tidewater/Svr-ArthritisConsultantsofTidewater"
157,Svr-CCC,"CN=Svr-CCC,OU=MO_Comprehensive Cancer Care,OU=Help Desk Managed Groups,OU=Groups,DC=uson,DC=usoncology,DC=int",hrbu,"(GROUP_USON)Groups/Help Desk Managed Groups/MO_Comprehensive Cancer Care/Svr-CCC"
158,Svr-COL,"CN=Svr-COL,OU=MO_Missouri Cancer Associates,OU=Help Desk Managed Groups,OU=Groups,DC=uson,DC=usoncology,DC=int",hrbu,"(GROUP_USON)Groups/Help Desk Managed Groups/MO_Missouri Cancer Associates/Svr-COL"
159,Svr-CPK,"CN=Svr-CPK,OU=NY_New York Oncology Hematology,OU=Help Desk Managed Groups,OU=Groups,DC=uson,DC=usoncology,DC=int",hrbu,"(GROUP_USON)Groups/Help Desk Managed Groups/NY_New York Oncology Hematology/Svr-CPK"
160,Svr-DEN,"CN=Svr-DEN,OU=CO_Rocky Mountain Cancer Centers,OU=Help Desk Managed Groups,OU=Groups,DC=uson,DC=usoncology,DC=int",hrbu,"(GROUP_USON)Groups/Help Desk Managed Groups/CO_Rocky Mountain Cancer Centers/Svr-DEN"
161,Svr-EUG,"CN=Svr-EUG,OU=OR_Oncology Associates of Oregon (Eugene),OU=Help Desk Managed Groups,OU=Groups,DC=uson,DC=usoncology,DC=int",hrbu,"(GROUP_USON)Groups/Help Desk Managed Groups/OR_Oncology Associates of Oregon (Eugene)/Svr-EUG"
162,Svr-FAI,"CN=Svr-FAI,OU=VA_Virginia Cancer Specialists,OU=Help Desk Managed Groups,OU=Groups,DC=uson,DC=usoncology,DC=int",hrbu,"(GROUP_USON)Groups/Help Desk Managed Groups/VA_Virginia Cancer Specialists/Svr-FAI"
163,Svr-FCI,"CN=Svr-FCI,OU=FL_Florida Cancer Affiliates,OU=Help Desk Managed Groups,OU=Groups,DC=uson,DC=usoncology,DC=int",hrbu,"(GROUP_USON)Groups/Help Desk Managed Groups/FL_Florida Cancer Affiliates/Svr-FCI"
164,Svr-HOA,"CN=Svr-HOA,OU=OR_Hematology Oncology Associates,OU=Help Desk Managed Groups,OU=Groups,DC=uson,DC=usoncology,DC=int",hrbu,"(GROUP_USON)Groups/Help Desk Managed Groups/OR_Hematology Oncology Associates/Svr-HOA"
165,Svr-IL-CCHSC,"CN=Svr-IL-CCHSC,OU=IL_IllinoisCancerSpecialists,OU=Help Desk Managed Groups,OU=Groups,DC=uson,DC=usoncology,DC=int",hrbu,"(GROUP_USON)Groups/Help Desk Managed Groups/IL_IllinoisCancerSpecialists/Svr-IL-CCHSC"
166,Svr-ILL,"CN=Svr-ILL,OU=IL_IllinoisCancerSpecialists,OU=Help Desk Managed Groups,OU=Groups,DC=uson,DC=usoncology,DC=int",hrbu,"(GROUP_USON)Groups/Help Desk Managed Groups/IL_IllinoisCancerSpecialists/Svr-ILL"
167,Svr-LVS,"CN=Svr-LVS,OU=NV_Comprehensive Cancer Centers of Nevada,OU=Help Desk Managed Groups,OU=Groups,DC=uson,DC=usoncology,DC=int",hrbu,"(GROUP_USON)Groups/Help Desk Managed Groups/NV_Comprehensive Cancer Centers of Nevada/Svr-LVS"
168,Svr-MAR,"CN=Svr-MAR,OU=MD_Maryland Oncology Hematology,OU=Help Desk Managed Groups,OU=Groups,DC=uson,DC=usoncology,DC=int",hrbu,"(GROUP_USON)Groups/Help Desk Managed Groups/MD_Maryland Oncology Hematology/Svr-MAR"
169,Svr-MIN,"CN=Svr-MIN,OU=MN_Minnesota Oncology Hematology,OU=Help Desk Managed Groups,OU=Groups,DC=uson,DC=usoncology,DC=int",hrbu,"(GROUP_USON)Groups/Help Desk Managed Groups/MN_Minnesota Oncology Hematology/Svr-MIN"
170,Svr-NOR,"CN=Svr-NOR,OU=VA_Virginia Oncology Associates,OU=Help Desk Managed Groups,OU=Groups,DC=uson,DC=usoncology,DC=int",hrbu,"(GROUP_USON)Groups/Help Desk Managed Groups/VA_Virginia Oncology Associates/Svr-NOR"
171,Svr-OHH,"CN=Svr-OHH,OU=OH_Hope Center for Cancer Care,OU=Help Desk Managed Groups,OU=Groups,DC=uson,DC=usoncology,DC=int",hrbu,"(GROUP_USON)Groups/Help Desk Managed Groups/OH_Hope Center for Cancer Care/Svr-OHH"
172,Svr-OOC,"CN=Svr-OOC,OU=FL_Florida Cancer Affiliates,OU=Help Desk Managed Groups,OU=Groups,DC=uson,DC=usoncology,DC=int",hrbu,"(GROUP_USON)Groups/Help Desk Managed Groups/FL_Florida Cancer Affiliates/Svr-OOC"
173,Svr-PAVOHA,"CN=Svr-PAVOHA,OU=PA_Venango Oncology Hematology Association,OU=Help Desk Managed Groups,OU=Groups,DC=uson,DC=usoncology,DC=int",hrbu,"(GROUP_USON)Groups/Help Desk Managed Groups/PA_Venango Oncology Hematology Association/Svr-PAVOHA"
174,Svr-POR,"CN=Svr-POR,OU=OR_Northwest Cancer Specialists (Portland),OU=Help Desk Managed Groups,OU=Groups,DC=uson,DC=usoncology,DC=int",hrbu,"(GROUP_USON)Groups/Help Desk Managed Groups/OR_Northwest Cancer Specialists (Portland)/Svr-POR"
175,Svr-RAL,"CN=Svr-RAL,OU=NC_Cancer Centers of North Carolina,OU=Help Desk Managed Groups,OU=Groups,DC=uson,DC=usoncology,DC=int",hrbu,"(GROUP_USON)Groups/Help Desk Managed Groups/NC_Cancer Centers of North Carolina/Svr-RAL"
176,Svr-ROA,"CN=Svr-ROA,OU=VA_Blue Ridge Cancer Centers,OU=Help Desk Managed Groups,OU=Groups,DC=uson,DC=usoncology,DC=int",hrbu,"(GROUP_USON)Groups/Help Desk Managed Groups/VA_Blue Ridge Cancer Centers/Svr-ROA"
177,Svr-SAO,"CN=Svr-SAO,OU=TX_TXO,OU=Help Desk Managed Groups,OU=Groups,DC=uson,DC=usoncology,DC=int",hrbu,"(GROUP_USON)Groups/Help Desk Managed Groups/TX_TXO/Svr-SAO"
178,Svr-SFL,"CN=Svr-SFL,OU=FL_South Florida Oncology and Hematology Consultants,OU=Help Desk Managed Groups,OU=Groups,DC=uson,DC=usoncology,DC=int",hrbu,"(GROUP_USON)Groups/Help Desk Managed Groups/FL_South Florida Oncology and Hematology Consultants/Svr-SFL"
179,Svr-TUC,"CN=Svr-TUC,OU=AZ_Arizona Oncology Associates,OU=Help Desk Managed Groups,OU=Groups,DC=uson,DC=usoncology,DC=int",hrbu,"(GROUP_USON)Groups/Help Desk Managed Groups/AZ_Arizona Oncology Associates/Svr-TUC"
180,Svr-VA_Shenandoah,"CN=Svr-VA_Shenandoah,OU=VA_Shenandoah Oncology,OU=Help Desk Managed Groups,OU=Groups,DC=uson,DC=usoncology,DC=int",hrbu,"(GROUP_USON)Groups/Help Desk Managed Groups/VA_Shenandoah Oncology/Svr-VA_Shenandoah"
181,Svr-WIL,"CN=Svr-WIL,OU=CA_Wilshire Oncology Medical Group,OU=Help Desk Managed Groups,OU=Groups,DC=uson,DC=usoncology,DC=int",hrbu,"(GROUP_USON)Groups/Help Desk Managed Groups/CA_Wilshire Oncology Medical Group/Svr-WIL"
182,"FCA Everyone","CN=FCA Everyone,OU=FL_Florida Cancer Affiliates,OU=Distribution Groups,OU=Groups,DC=uson,DC=usoncology,DC=int",hrbu,"(GROUP_USON)Groups/Distribution Groups/FL_Florida Cancer Affiliates/FCA Everyone"
183,"Willamette Valley Cancer Institute","CN=Willamette Valley Cancer Institute,OU=OR_Oncology Associates of Oregon (Eugene),OU=Distribution Groups,OU=Groups,DC=uson,DC=usoncology,DC=int",hrbu,"(GROUP_USON)Groups/Distribution Groups/OR_Oncology Associates of Oregon (Eugene)/Willamette Valley Cancer Institute"
184,"Wilshire All Employees","CN=Wilshire All Employees,OU=CA_Wilshire Oncology Medical Group,OU=Help Desk Managed Groups,OU=Groups,DC=uson,DC=usoncology,DC=int",hrbu,"(GROUP_USON)Groups/Help Desk Managed Groups/CA_Wilshire Oncology Medical Group/Wilshire All Employees"
185,Last-Names-A,"CN=CSA Network - All Practice Contacts - Last Names A,OU=EnterpriseWide,OU=Distribution Groups,OU=Groups,DC=uson,DC=usoncology,DC=int",csa,"(GROUP_USON)Groups/Distribution Groups/EnterpriseWide/CSA Network - All Practice Contacts - Last Names A"
186,Last-Names-B,"CN=CSA Network - All Practice Contacts - Last Names B,OU=EnterpriseWide,OU=Distribution Groups,OU=Groups,DC=uson,DC=usoncology,DC=int",csa,"(GROUP_USON)Groups/Distribution Groups/EnterpriseWide/CSA Network - All Practice Contacts - Last Names B"
187,Last-Names-C,"CN=CSA Network - All Practice Contacts - Last Names C,OU=EnterpriseWide,OU=Distribution Groups,OU=Groups,DC=uson,DC=usoncology,DC=int",csa,"(GROUP_USON)Groups/Distribution Groups/EnterpriseWide/CSA Network - All Practice Contacts - Last Names C"
188,Last-Names-D,"CN=CSA Network - All Practice Contacts - Last Names D-E,OU=EnterpriseWide,OU=Distribution Groups,OU=Groups,DC=uson,DC=usoncology,DC=int",csa,"(GROUP_USON)Groups/Distribution Groups/EnterpriseWide/CSA Network - All Practice Contacts - Last Names D-E"
189,Last-Names-E,"CN=CSA Network - All Practice Contacts - Last Names D-E,OU=EnterpriseWide,OU=Distribution Groups,OU=Groups,DC=uson,DC=usoncology,DC=int",csa,"(GROUP_USON)Groups/Distribution Groups/EnterpriseWide/CSA Network - All Practice Contacts - Last Names D-E"
190,Last-Names-F,"CN=CSA Network - All Practice Contacts - Last Names F-G,OU=EnterpriseWide,OU=Distribution Groups,OU=Groups,DC=uson,DC=usoncology,DC=int",csa,"(GROUP_USON)Groups/Distribution Groups/EnterpriseWide/CSA Network - All Practice Contacts - Last Names F-G"
191,Last-Names-G,"CN=CSA Network - All Practice Contacts - Last Names F-G,OU=EnterpriseWide,OU=Distribution Groups,OU=Groups,DC=uson,DC=usoncology,DC=int",csa,"(GROUP_USON)Groups/Distribution Groups/EnterpriseWide/CSA Network - All Practice Contacts - Last Names F-G"
192,Last-Names-H,"CN=CSA Network - All Practice Contacts - Last Names H-I,OU=EnterpriseWide,OU=Distribution Groups,OU=Groups,DC=uson,DC=usoncology,DC=int",csa,"(GROUP_USON)Groups/Distribution Groups/EnterpriseWide/CSA Network - All Practice Contacts - Last Names H-I"
193,Last-Names-I,"CN=CSA Network - All Practice Contacts - Last Names H-I,OU=EnterpriseWide,OU=Distribution Groups,OU=Groups,DC=uson,DC=usoncology,DC=int",csa,"(GROUP_USON)Groups/Distribution Groups/EnterpriseWide/CSA Network - All Practice Contacts - Last Names H-I"
194,Last-Names-J,"CN=CSA Network - All Practice Contacts - Last Names J-K,OU=EnterpriseWide,OU=Distribution Groups,OU=Groups,DC=uson,DC=usoncology,DC=int",csa,"(GROUP_USON)Groups/Distribution Groups/EnterpriseWide/CSA Network - All Practice Contacts - Last Names J-K"
195,Last-Names-K,"CN=CSA Network - All Practice Contacts - Last Names J-K,OU=EnterpriseWide,OU=Distribution Groups,OU=Groups,DC=uson,DC=usoncology,DC=int",csa,"(GROUP_USON)Groups/Distribution Groups/EnterpriseWide/CSA Network - All Practice Contacts - Last Names J-K"
196,Last-Names-L,"CN=CSA Network - All Practice Contacts - Last Names L,OU=EnterpriseWide,OU=Distribution Groups,OU=Groups,DC=uson,DC=usoncology,DC=int",csa,"(GROUP_USON)Groups/Distribution Groups/EnterpriseWide/CSA Network - All Practice Contacts - Last Names L"
197,Last-Names-M,"CN=CSA Network - All Practice Contacts - Last Names M,OU=EnterpriseWide,OU=Distribution Groups,OU=Groups,DC=uson,DC=usoncology,DC=int",csa,"(GROUP_USON)Groups/Distribution Groups/EnterpriseWide/CSA Network - All Practice Contacts - Last Names M"
198,Last-Names-N,"CN=CSA Network - All Practice Contacts - Last Names N-O,OU=EnterpriseWide,OU=Distribution Groups,OU=Groups,DC=uson,DC=usoncology,DC=int",csa,"(GROUP_USON)Groups/Distribution Groups/EnterpriseWide/CSA Network - All Practice Contacts - Last Names N-O"
199,Last-Names-O,"CN=CSA Network - All Practice Contacts - Last Names N-O,OU=EnterpriseWide,OU=Distribution Groups,OU=Groups,DC=uson,DC=usoncology,DC=int",csa,"(GROUP_USON)Groups/Distribution Groups/EnterpriseWide/CSA Network - All Practice Contacts - Last Names N-O"
200,Last-Names-P,"CN=CSA Network - All Practice Contacts - Last Names P-Q,OU=EnterpriseWide,OU=Distribution Groups,OU=Groups,DC=uson,DC=usoncology,DC=int",csa,"(GROUP_USON)Groups/Distribution Groups/EnterpriseWide/CSA Network - All Practice Contacts - Last Names P-Q"
201,Last-Names-Q,"CN=CSA Network - All Practice Contacts - Last Names P-Q,OU=EnterpriseWide,OU=Distribution Groups,OU=Groups,DC=uson,DC=usoncology,DC=int",csa,"(GROUP_USON)Groups/Distribution Groups/EnterpriseWide/CSA Network - All Practice Contacts - Last Names P-Q"
202,Last-Names-R,"CN=CSA Network - All Practice Contacts - Last Names R,OU=EnterpriseWide,OU=Distribution Groups,OU=Groups,DC=uson,DC=usoncology,DC=int",csa,"(GROUP_USON)Groups/Distribution Groups/EnterpriseWide/CSA Network - All Practice Contacts - Last Names R"
203,Last-Names-S,"CN=CSA Network - All Practice Contacts - Last Names S,OU=EnterpriseWide,OU=Distribution Groups,OU=Groups,DC=uson,DC=usoncology,DC=int",csa,"(GROUP_USON)Groups/Distribution Groups/EnterpriseWide/CSA Network - All Practice Contacts - Last Names S"
204,Last-Names-T,"CN=CSA Network - All Practice Contacts - Last Names T-U-V,OU=EnterpriseWide,OU=Distribution Groups,OU=Groups,DC=uson,DC=usoncology,DC=int",csa,"(GROUP_USON)Groups/Distribution Groups/EnterpriseWide/CSA Network - All Practice Contacts - Last Names T-U-V"
205,Last-Names-U,"CN=CSA Network - All Practice Contacts - Last Names T-U-V,OU=EnterpriseWide,OU=Distribution Groups,OU=Groups,DC=uson,DC=usoncology,DC=int",csa,"(GROUP_USON)Groups/Distribution Groups/EnterpriseWide/CSA Network - All Practice Contacts - Last Names T-U-V"
206,Last-Names-V,"CN=CSA Network - All Practice Contacts - Last Names T-U-V,OU=EnterpriseWide,OU=Distribution Groups,OU=Groups,DC=uson,DC=usoncology,DC=int",csa,"(GROUP_USON)Groups/Distribution Groups/EnterpriseWide/CSA Network - All Practice Contacts - Last Names T-U-V"
207,Last-Names-W,"CN=CSA Network - All Practice Contacts - Last Names W-X-Y-Z,OU=EnterpriseWide,OU=Distribution Groups,OU=Groups,DC=uson,DC=usoncology,DC=int",csa,"(GROUP_USON)Groups/Distribution Groups/EnterpriseWide/CSA Network - All Practice Contacts - Last Names W-X-Y-Z"
208,Last-Names-X,"CN=CSA Network - All Practice Contacts - Last Names W-X-Y-Z,OU=EnterpriseWide,OU=Distribution Groups,OU=Groups,DC=uson,DC=usoncology,DC=int",csa,"(GROUP_USON)Groups/Distribution Groups/EnterpriseWide/CSA Network - All Practice Contacts - Last Names W-X-Y-Z"
209,Last-Names-Y,"CN=CSA Network - All Practice Contacts - Last Names W-X-Y-Z,OU=EnterpriseWide,OU=Distribution Groups,OU=Groups,DC=uson,DC=usoncology,DC=int",csa,"(GROUP_USON)Groups/Distribution Groups/EnterpriseWide/CSA Network - All Practice Contacts - Last Names W-X-Y-Z"
210,Last-Names-Z,"CN=CSA Network - All Practice Contacts - Last Names W-X-Y-Z,OU=EnterpriseWide,OU=Distribution Groups,OU=Groups,DC=uson,DC=usoncology,DC=int",csa,"(GROUP_USON)Groups/Distribution Groups/EnterpriseWide/CSA Network - All Practice Contacts - Last Names W-X-Y-Z"
211,Everyone,"CN=Everyone,OU=EnterpriseWide,OU=Distribution Groups,OU=Groups,DC=uson,DC=usoncology,DC=int",default,"(GROUP_USON)Groups/Distribution Groups/EnterpriseWide/Everyone"
213,G_Autonomy_Archive,"CN=G_Autonomy_Archive,OU=EnterpriseWide,OU=Security Managed Groups,OU=Groups,DC=uson,DC=usoncology,DC=int",default,"(GROUP_USON)Groups/Security Managed Groups/EnterpriseWide/G_Autonomy_Archive"
216,CTX_ALLOW,"CN=CTX_ALLOW,OU=Corporate,OU=Help Desk Managed Groups,OU=Groups,DC=uson,DC=usoncology,DC=int",hrbu,"(GROUP_USON)Groups/Help Desk Managed Groups/Corporate/CTX_ALLOW"
217,OptimOncologyUsers,"CN=OptimOncologyUsers,OU=OK_Optim Oncology,OU=Help Desk Managed Groups,OU=Groups,DC=uson,DC=usoncology,DC=int",hrbu,"(GROUP_USON)Groups/Help Desk Managed Groups/OK_Optim Oncology/OptimOncologyUsers"
218,"DL Optim Oncology","CN=DL Optim Oncology,CN=Quest Collaboration Services Objects,OU=McKesson,OU=Contacts,DC=uson,DC=usoncology,DC=int",hrbu,"(GROUP_USON)QCS/DL Optim Oncology"
219,ArthritisAssociatesofSouthernCaliforniaUsers,"CN=ArthritisAssociatesofSouthernCaliforniaUsers,OU=CA_Arthritis Associates of Southern California,OU=Help Desk Managed Groups,OU=Groups,DC=uson,DC=usoncology,DC=int",hrbu,"(GROUP_USON)Groups/Help Desk Managed Groups/CA_Arthritis Associates of Southern California/ArthritisAssociatesofSouthernCaliforniaUsers"
220,"DL Arthritis Associates of Southern California","CN=DL Arthritis Associates of Southern California,CN=Quest Collaboration Services Objects,OU=McKesson,OU=Contacts,DC=uson,DC=usoncology,DC=int",hrbu,"(GROUP_USON)QCS/DL Arthritis Associates of Southern California"
222,CTX_MyOncologyWorkspace,"CN=CTX_MyOncologyWorkspace,OU=Corporate,OU=Help Desk Managed Groups,OU=Groups,DC=uson,DC=usoncology,DC=int",default,"(GROUP_USON)Groups/Help Desk Managed Groups/Corporate/CTX_MyOncologyWorkspace"
223,"TXO All Employees","CN=TXO All Employees,OU=TX_TXO,OU=Distribution Groups,OU=Groups,DC=uson,DC=usoncology,DC=int",hrbu,"(GROUP_USON)Groups/Distribution Groups/TX_TXO/TXO All Employees"
225,Svr-AST,"CN=Svr-AST,OU=TX_TXO,OU=Help Desk Managed Groups,OU=Groups,DC=uson,DC=usoncology,DC=int",hrbu,"(GROUP_USON)Groups/Help Desk Managed Groups/TX_TXO/Svr-AST"
227,Svr-ELP,"CN=Svr-ELP,OU=TX_TXO,OU=Help Desk Managed Groups,OU=Groups,DC=uson,DC=usoncology,DC=int",hrbu,"(GROUP_USON)Groups/Help Desk Managed Groups/TX_TXO/Svr-ELP"
228,Svr-HST,"CN=Svr-HST,OU=TX_TXO,OU=Help Desk Managed Groups,OU=Groups,DC=uson,DC=usoncology,DC=int",hrbu,"(GROUP_USON)Groups/Help Desk Managed Groups/TX_TXO/Svr-HST"
229,Svr-LNGV,"CN=Svr-LNGV,OU=TX_TXO,OU=Help Desk Managed Groups,OU=Groups,DC=uson,DC=usoncology,DC=int",hrbu,"(GROUP_USON)Groups/Help Desk Managed Groups/TX_TXO/Svr-LNGV"
230,Svr-TOPA,"CN=Svr-TOPA,OU=TX_TXO,OU=Help Desk Managed Groups,OU=Groups,DC=uson,DC=usoncology,DC=int",hrbu,"(GROUP_USON)Groups/Help Desk Managed Groups/TX_TXO/Svr-TOPA"
231,Svr-AMA,"CN=Svr-AMA,OU=TX_TXO,OU=Help Desk Managed Groups,OU=Groups,DC=uson,DC=usoncology,DC=int",hrbu,"(GROUP_USON)Groups/Help Desk Managed Groups/TX_TXO/Svr-AMA"
232,Svr-BEA,"CN=Svr-BEA,OU=TX_TXO,OU=Help Desk Managed Groups,OU=Groups,DC=uson,DC=usoncology,DC=int",hrbu,"(GROUP_USON)Groups/Help Desk Managed Groups/TX_TXO/Svr-BEA"
233,Svr-BRO,"CN=Svr-BRO,OU=TX_TXO,OU=Help Desk Managed Groups,OU=Groups,DC=uson,DC=usoncology,DC=int",hrbu,"(GROUP_USON)Groups/Help Desk Managed Groups/TX_TXO/Svr-BRO"
234,Svr-HAR,"CN=Svr-HAR,OU=TX_TXO,OU=Help Desk Managed Groups,OU=Groups,DC=uson,DC=usoncology,DC=int",hrbu,"(GROUP_USON)Groups/Help Desk Managed Groups/TX_TXO/Svr-HAR"
235,Svr-MID,"CN=Svr-MID,OU=TX_TXO,OU=Help Desk Managed Groups,OU=Groups,DC=uson,DC=usoncology,DC=int",hrbu,"(GROUP_USON)Groups/Help Desk Managed Groups/TX_TXO/Svr-MID"
236,Svr-SGL,"CN=Svr-SGL,OU=TX_TXO,OU=Help Desk Managed Groups,OU=Groups,DC=uson,DC=usoncology,DC=int",hrbu,"(GROUP_USON)Groups/Help Desk Managed Groups/TX_TXO/Svr-SGL"
237,Svr-TYL,"CN=Svr-TYL,OU=TX_TXO,OU=Help Desk Managed Groups,OU=Groups,DC=uson,DC=usoncology,DC=int",hrbu,"(GROUP_USON)Groups/Help Desk Managed Groups/TX_TXO/Svr-TYL"
238,Svr-WEB,"CN=Svr-WEB,OU=TX_TXO,OU=Help Desk Managed Groups,OU=Groups,DC=uson,DC=usoncology,DC=int",hrbu,"(GROUP_USON)Groups/Help Desk Managed Groups/TX_TXO/Svr-WEB"
239,Svr-MCAL,"CN=Svr-MCAL,OU=TX_TXO,OU=Help Desk Managed Groups,OU=Groups,DC=uson,DC=usoncology,DC=int",hrbu,"(GROUP_USON)Groups/Help Desk Managed Groups/TX_TXO/Svr-MCAL"
240,Svr-MISC,"CN=Svr-MISC,OU=TX_TXO,OU=Help Desk Managed Groups,OU=Groups,DC=uson,DC=usoncology,DC=int",hrbu,"(GROUP_USON)Groups/Help Desk Managed Groups/TX_TXO/Svr-MISC"
241,Svr-WESL,"CN=Svr-WESL,OU=TX_TXO,OU=Help Desk Managed Groups,OU=Groups,DC=uson,DC=usoncology,DC=int",hrbu,"(GROUP_USON)Groups/Help Desk Managed Groups/TX_TXO/Svr-WESL"
242,Svr-WDL-East,"CN=Svr-WDL-East,OU=TX_TXO,OU=Help Desk Managed Groups,OU=Groups,DC=uson,DC=usoncology,DC=int",hrbu,"(GROUP_USON)Groups/Help Desk Managed Groups/TX_TXO/Svr-WDL-East"
243,Svr-TXOProton,"CN=SVR-TXOProton,OU=TX_TXO,OU=Help Desk Managed Groups,OU=Groups,DC=uson,DC=usoncology,DC=int",hrbu,"(GROUP_USON)Groups/Help Desk Managed Groups/TX_TXO/SVR-TXOProton"
244,CTX_OCM_EDUCATION,"CN=CTX_OCM_EDUCATION,OU=EnterpriseWide,OU=Help Desk Managed Groups,OU=Groups,DC=uson,DC=usoncology,DC=int",hrbu,"(GROUP_USON)Groups/Help Desk Managed Groups/EnterpriseWide/CTX_OCM_EDUCATION"
245,SVR_Florida_WMS,"CN=SVR_Florida_WMS,OU=FL_WoodlandsMedicalSpecialists,OU=Help Desk Managed Groups,OU=Groups,DC=uson,DC=usoncology,DC=int",hrbu,"(GROUP_USON)Groups/Help Desk Managed Groups/FL_WoodlandsMedicalSpecialists/SVR_Florida_WMS"
246,CTX_Office10,"CN=CTX_Office10,OU=Corporate,OU=Help Desk Managed Groups,OU=Groups,DC=uson,DC=usoncology,DC=int",hrbu,"(GROUP_USON)Groups/Help Desk Managed Groups/Corporate/CTX_Office10"
247,"TXO All Contractors","CN=TXO All Contractors,OU=TX_TXO,OU=Distribution Groups,OU=Groups,DC=uson,DC=usoncology,DC=int",hrbu,"(GROUP_USON)Groups/Distribution Groups/TX_TXO/TXO All Contractors"
248,Svr-TOPATEMP,"CN=Svr-TOPATEMP,OU=TX_TXO,OU=Help Desk Managed Groups,OU=Groups,DC=uson,DC=usoncology,DC=int",hrbu,"(GROUP_USON)Groups/Help Desk Managed Groups/TX_TXO/Svr-TOPATEMP"
249,CTX_IKM_CCCSTH_EMR,"CN=CTX_IKM_CCCSTH_EMR,OU=TX_TXO,OU=Help Desk Managed Groups,OU=Groups,DC=uson,DC=usoncology,DC=int",hrbu,"(GROUP_USON)Groups/Help Desk Managed Groups/TX_TXO/CTX_IKM_CCCSTH_EMR"
250,CTX_IKM_CCCSTS_EMR,"CN=CTX_IKM_CCCSTS_EMR,OU=EnterpriseWide,OU=Help Desk Managed Groups,OU=Groups,DC=uson,DC=usoncology,DC=int",hrbu,"(GROUP_USON)Groups/Help Desk Managed Groups/EnterpriseWide/CTX_IKM_CCCSTS_EMR"
251,CTX_IKM_TOPACTR_EMR,"CN=CTX_IKM_TOPACTR_EMR,OU=TX_TXO,OU=Help Desk Managed Groups,OU=Groups,DC=uson,DC=usoncology,DC=int",hrbu,"(GROUP_USON)Groups/Help Desk Managed Groups/TX_TXO/CTX_IKM_TOPACTR_EMR"
252,CTX_IKM_TOPAGCR_EMR,"CN=CTX_IKM_TOPAGCR_EMR,OU=TX_TXO,OU=Help Desk Managed Groups,OU=Groups,DC=uson,DC=usoncology,DC=int",hrbu,"(GROUP_USON)Groups/Help Desk Managed Groups/TX_TXO/CTX_IKM_TOPAGCR_EMR"
253,CTX_IKM_TOPANTR_EMR,"CN=CTX_IKM_TOPANTR_EMR,OU=TX_TXO,OU=Help Desk Managed Groups,OU=Groups,DC=uson,DC=usoncology,DC=int",hrbu,"(GROUP_USON)Groups/Help Desk Managed Groups/TX_TXO/CTX_IKM_TOPANTR_EMR"
254,CTX_IKM_TOPAWTR_EMR,"CN=CTX_IKM_TOPAWTR_EMR,OU=TX_TXO,OU=Help Desk Managed Groups,OU=Groups,DC=uson,DC=usoncology,DC=int",hrbu,"(GROUP_USON)Groups/Help Desk Managed Groups/TX_TXO/CTX_IKM_TOPAWTR_EMR"
255,CTX_IKM_TXOWTRM_EMR,"CN=CTX_IKM_TXOWTRM_EMR,OU=TX_TXO,OU=Help Desk Managed Groups,OU=Groups,DC=uson,DC=usoncology,DC=int",hrbu,"(GROUP_USON)Groups/Help Desk Managed Groups/TX_TXO/CTX_IKM_TXOWTRM_EMR"
256,"WMS Employees","CN=WMS Employees,OU=FL_WoodlandsMedicalSpecialists,OU=Distribution Groups,OU=Groups,DC=uson,DC=usoncology,DC=int",hrbu,"(GROUP_USON)Groups/Distribution Groups/FL_WoodlandsMedicalSpecialists/WMS Employees"
257,SVR_Ohio_OHC,"CN=SVR_Ohio_OHC,OU=OH_Oncology Hematology Care,OU=Help Desk Managed Groups,OU=Groups,DC=uson,DC=usoncology,DC=int",hrbu,"(GROUP_USON)Groups/Help Desk Managed Groups/OH_Oncology Hematology Care/SVR_Ohio_OHC"
258,CTX_LearnCent,"CN=CTX_LearnCent,OU=EnterpriseWide,OU=Help Desk Managed Groups,OU=Groups,DC=uson,DC=usoncology,DC=int",hrbu,"(GROUP_USON)Groups/Help Desk Managed Groups/EnterpriseWide/CTX_LearnCent"
259,"OHC All Employees","CN=OHC All Employees,OU=OH_Oncology Hematology Care,OU=Distribution Groups,OU=Groups,DC=uson,DC=usoncology,DC=int",hrbu,"(GROUP_USON)Groups/Distribution Groups/OH_Oncology Hematology Care/OHC All Employees"
260,SVR_VOCBO,"CN=SVR_VOCBO,OU=VO_CBO,OU=Help Desk Managed Groups,OU=Groups,DC=uson,DC=usoncology,DC=int",hrbu,"(GROUP_USON)Groups/Help Desk Managed Groups/VO_CBO/SVR_VOCBO"
261,SVR_VOwest,"CN=SVR_VOwest,OU=VO_West,OU=Help Desk Managed Groups,OU=Groups,DC=uson,DC=usoncology,DC=int",hrbu,"(GROUP_USON)Groups/Help Desk Managed Groups/VO_West/SVR_VOwest"
262,SVR_VOGeorgia,"CN=SVR_VOGeorgia,OU=VO_Georgia,OU=Help Desk Managed Groups,OU=Groups,DC=uson,DC=usoncology,DC=int",hrbu,"(GROUP_USON)Groups/Help Desk Managed Groups/VO_Georgia/SVR_VOGeorgia"
263,SVR_VOMidwest,"CN=SVR_VOMidwest,OU=VO_Midwest,OU=Help Desk Managed Groups,OU=Groups,DC=uson,DC=usoncology,DC=int",hrbu,"(GROUP_USON)Groups/Help Desk Managed Groups/VO_Midwest/SVR_VOMidwest"
264,SVR_VONortheast,"CN=SVR_VONortheast,OU=VO_Northeast,OU=Help Desk Managed Groups,OU=Groups,DC=uson,DC=usoncology,DC=int",hrbu,"(GROUP_USON)Groups/Help Desk Managed Groups/VO_Northeast/SVR_VONortheast"
265,SVR_VOSoutheast,"CN=SVR_VOSoutheast,OU=VO_Southeast,OU=Help Desk Managed Groups,OU=Groups,DC=uson,DC=usoncology,DC=int",hrbu,"(GROUP_USON)Groups/Help Desk Managed Groups/VO_Southeast/SVR_VOSoutheast"
266,SVR_VOKentuckiana,"CN=SVR_VOKentuckiana,OU=VO_Kentuckiana,OU=Help Desk Managed Groups,OU=Groups,DC=uson,DC=usoncology,DC=int",hrbu,"(GROUP_USON)Groups/Help Desk Managed Groups/VO_Kentuckiana/SVR_VOKentuckiana"
267,SVR_VORhodeIsland,"CN=SVR_VORhodeIsland,OU=VO_Rhode Island,OU=Help Desk Managed Groups,OU=Groups,DC=uson,DC=usoncology,DC=int",hrbu,"(GROUP_USON)Groups/Help Desk Managed Groups/VO_Rhode Island/SVR_VORhodeIsland"
268,SVR_VO_RCOG,"CN=SVR_VO_RCOG,OU=VO_RCOG,OU=Help Desk Managed Groups,OU=Groups,DC=uson,DC=usoncology,DC=int",hrbu,"(GROUP_USON)Groups/Help Desk Managed Groups/VO_RCOG/SVR_VO_RCOG"
269,svr_ALSCC,"CN=svr_ALSCC,OU=AL_SouthernCancerCenter,OU=Help Desk Managed Groups,OU=Groups,DC=uson,DC=usoncology,DC=int",hrbu,"(GROUP_USON)Groups/Help Desk Managed Groups/AL_SouthernCancerCenter/svr_ALSCC"
271,"USON Mountain West RBO","CN=USON Mountain West RBO,OU=US_Mountain West RBO,OU=Distribution Groups,OU=Groups,DC=uson,DC=usoncology,DC=int",hrbu,"(GROUP_USON)Groups/Distribution Groups/US_Mountain West RBO/USON Mountain West RBO"
272,SVR_mtnrbo,"CN=SVR_mtnrbo,OU=US_Mountain West RBO,OU=Help Desk Managed Groups,OU=Groups,DC=uson,DC=usoncology,DC=int",hrbu,"(GROUP_USON)Groups/Help Desk Managed Groups/US_Mountain West RBO/SVR_mtnrbo"
273,SVR_MOHC,"CN=SVR_MOHC,OU=DE_Medical Oncology Hematology Consultants,OU=Help Desk Managed Groups,OU=Groups,DC=uson,DC=usoncology,DC=int",hrbu,"(GROUP_USON)Groups/Help Desk Managed Groups/DE_Medical Oncology Hematology Consultants/SVR_MOHC"
274,MOHC_Everyone,"CN=MOHC_Everyone,OU=DE_Medical Oncology Hematology Consultants,OU=Distribution Groups,OU=Groups,DC=uson,DC=usoncology,DC=int",hrbu,"(GROUP_USON)Groups/Distribution Groups/DE_Medical Oncology Hematology Consultants/MOHC_Everyone"
275,PublicFolders_AL_SouthernCancerCenter,"CN=PublicFolders_AL_SouthernCancerCenter,OU=EnterpriseWide,OU=SelfServiceOnly,OU=Groups,DC=uson,DC=usoncology,DC=int",hrbu,"(GROUP_USON)Groups/SelfServiceOnly/EnterpriseWide/PublicFolders_AL_SouthernCancerCenter"
276,PublicFolders_AZ_Arizona_Oncology_Associates,"CN=PublicFolders_AZ_Arizona_Oncology_Associates,OU=EnterpriseWide,OU=SelfServiceOnly,OU=Groups,DC=uson,DC=usoncology,DC=int",hrbu,"(GROUP_USON)Groups/SelfServiceOnly/EnterpriseWide/PublicFolders_AZ_Arizona_Oncology_Associates"
277,PublicFolders_CO_Rocky_Mountain_Cancer_Centers,"CN=PublicFolders_CO_Rocky_Mountain_Cancer_Centers,OU=EnterpriseWide,OU=SelfServiceOnly,OU=Groups,DC=uson,DC=usoncology,DC=int",hrbu,"(GROUP_USON)Groups/SelfServiceOnly/EnterpriseWide/PublicFolders_CO_Rocky_Mountain_Cancer_Centers"
278,PublicFolders_DE_Medical_Oncology_Hematology_Consultants,"CN=PublicFolders_DE_Medical_Oncology_Hematology_Consultants,OU=EnterpriseWide,OU=SelfServiceOnly,OU=Groups,DC=uson,DC=usoncology,DC=int",hrbu,"(GROUP_USON)Groups/SelfServiceOnly/EnterpriseWide/PublicFolders_DE_Medical_Oncology_Hematology_Consultants"
279,PublicFolders_FL_Advanced_Medical_Specialties,"CN=PublicFolders_FL_Advanced_Medical_Specialties,OU=EnterpriseWide,OU=SelfServiceOnly,OU=Groups,DC=uson,DC=usoncology,DC=int",hrbu,"(GROUP_USON)Groups/SelfServiceOnly/EnterpriseWide/PublicFolders_FL_Advanced_Medical_Specialties"
280,PublicFolders_FL_Florida_Cancer_Affiliates,"CN=PublicFolders_FL_Florida_Cancer_Affiliates,OU=EnterpriseWide,OU=SelfServiceOnly,OU=Groups,DC=uson,DC=usoncology,DC=int",hrbu,"(GROUP_USON)Groups/SelfServiceOnly/EnterpriseWide/PublicFolders_FL_Florida_Cancer_Affiliates"
281,PublicFolders_FL_South_Florida_Oncology_and_Hematology_Consultan,"CN=PublicFolders_FL_South_Florida_Oncology_and_Hematology_Consultan,OU=EnterpriseWide,OU=SelfServiceOnly,OU=Groups,DC=uson,DC=usoncology,DC=int",hrbu,"(GROUP_USON)Groups/SelfServiceOnly/EnterpriseWide/PublicFolders_FL_South_Florida_Oncology_and_Hematology_Consultan"
282,PublicFolders_FL_WoodlandsMedicalSpecialists,"CN=PublicFolders_FL_WoodlandsMedicalSpecialists,OU=EnterpriseWide,OU=SelfServiceOnly,OU=Groups,DC=uson,DC=usoncology,DC=int",hrbu,"(GROUP_USON)Groups/SelfServiceOnly/EnterpriseWide/PublicFolders_FL_WoodlandsMedicalSpecialists"
283,PublicFolders_IL_IllinoisCancerSpecialists,"CN=PublicFolders_IL_IllinoisCancerSpecialists,OU=EnterpriseWide,OU=SelfServiceOnly,OU=Groups,DC=uson,DC=usoncology,DC=int",hrbu,"(GROUP_USON)Groups/SelfServiceOnly/EnterpriseWide/PublicFolders_IL_IllinoisCancerSpecialists"
284,PublicFolders_MD_Maryland_Oncology_Hematology,"CN=PublicFolders_MD_Maryland_Oncology_Hematology,OU=EnterpriseWide,OU=SelfServiceOnly,OU=Groups,DC=uson,DC=usoncology,DC=int",hrbu,"(GROUP_USON)Groups/SelfServiceOnly/EnterpriseWide/PublicFolders_MD_Maryland_Oncology_Hematology"
285,PublicFolders_MN_Minnesota_Oncology_Hematology,"CN=PublicFolders_MN_Minnesota_Oncology_Hematology,OU=EnterpriseWide,OU=SelfServiceOnly,OU=Groups,DC=uson,DC=usoncology,DC=int",hrbu,"(GROUP_USON)Groups/SelfServiceOnly/EnterpriseWide/PublicFolders_MN_Minnesota_Oncology_Hematology"
286,PublicFolders_MO_Arch_Cancer_Care,"CN=PublicFolders_MO_Arch_Cancer_Care,OU=EnterpriseWide,OU=SelfServiceOnly,OU=Groups,DC=uson,DC=usoncology,DC=int",hrbu,"(GROUP_USON)Groups/SelfServiceOnly/EnterpriseWide/PublicFolders_MO_Arch_Cancer_Care"
287,PublicFolders_MO_Comprehensive_Cancer_Care,"CN=PublicFolders_MO_Comprehensive_Cancer_Care,OU=EnterpriseWide,OU=SelfServiceOnly,OU=Groups,DC=uson,DC=usoncology,DC=int",hrbu,"(GROUP_USON)Groups/SelfServiceOnly/EnterpriseWide/PublicFolders_MO_Comprehensive_Cancer_Care"
288,PublicFolders_MO_Missouri_Cancer_Associates,"CN=PublicFolders_MO_Missouri_Cancer_Associates,OU=EnterpriseWide,OU=SelfServiceOnly,OU=Groups,DC=uson,DC=usoncology,DC=int",hrbu,"(GROUP_USON)Groups/SelfServiceOnly/EnterpriseWide/PublicFolders_MO_Missouri_Cancer_Associates"
289,PublicFolders_NC_Cancer_Centers_of_North_Carolina,"CN=PublicFolders_NC_Cancer_Centers_of_North_Carolina,OU=EnterpriseWide,OU=SelfServiceOnly,OU=Groups,DC=uson,DC=usoncology,DC=int",hrbu,"(GROUP_USON)Groups/SelfServiceOnly/EnterpriseWide/PublicFolders_NC_Cancer_Centers_of_North_Carolina"
290,PublicFolders_NV_Comprehensive_Cancer_Centers_of_Nevada,"CN=PublicFolders_NV_Comprehensive_Cancer_Centers_of_Nevada,OU=EnterpriseWide,OU=SelfServiceOnly,OU=Groups,DC=uson,DC=usoncology,DC=int",hrbu,"(GROUP_USON)Groups/SelfServiceOnly/EnterpriseWide/PublicFolders_NV_Comprehensive_Cancer_Centers_of_Nevada"
291,PublicFolders_NY_New_York_Oncology_Hematology,"CN=PublicFolders_NY_New_York_Oncology_Hematology,OU=EnterpriseWide,OU=SelfServiceOnly,OU=Groups,DC=uson,DC=usoncology,DC=int",hrbu,"(GROUP_USON)Groups/SelfServiceOnly/EnterpriseWide/PublicFolders_NY_New_York_Oncology_Hematology"
292,PublicFolders_OH_Hope_Center_for_Cancer_Care,"CN=PublicFolders_OH_Hope_Center_for_Cancer_Care,OU=EnterpriseWide,OU=SelfServiceOnly,OU=Groups,DC=uson,DC=usoncology,DC=int",hrbu,"(GROUP_USON)Groups/SelfServiceOnly/EnterpriseWide/PublicFolders_OH_Hope_Center_for_Cancer_Care"
293,PublicFolders_OH_Oncology_Hematology_Care,"CN=PublicFolders_OH_Oncology_Hematology_Care,OU=EnterpriseWide,OU=SelfServiceOnly,OU=Groups,DC=uson,DC=usoncology,DC=int",hrbu,"(GROUP_USON)Groups/SelfServiceOnly/EnterpriseWide/PublicFolders_OH_Oncology_Hematology_Care"
294,PublicFolders_OK_Optim_Oncology,"CN=PublicFolders_OK_Optim_Oncology,OU=EnterpriseWide,OU=SelfServiceOnly,OU=Groups,DC=uson,DC=usoncology,DC=int",hrbu,"(GROUP_USON)Groups/SelfServiceOnly/EnterpriseWide/PublicFolders_OK_Optim_Oncology"
295,PublicFolders_OR_Hematology_Oncology_Associates,"CN=PublicFolders_OR_Hematology_Oncology_Associates,OU=EnterpriseWide,OU=SelfServiceOnly,OU=Groups,DC=uson,DC=usoncology,DC=int",hrbu,"(GROUP_USON)Groups/SelfServiceOnly/EnterpriseWide/PublicFolders_OR_Hematology_Oncology_Associates"
296,PublicFolders_OR_Northwest_Cancer_Specialists_Portland,"CN=PublicFolders_OR_Northwest_Cancer_Specialists_Portland,OU=EnterpriseWide,OU=SelfServiceOnly,OU=Groups,DC=uson,DC=usoncology,DC=int",hrbu,"(GROUP_USON)Groups/SelfServiceOnly/EnterpriseWide/PublicFolders_OR_Northwest_Cancer_Specialists_Portland"
297,PublicFolders_OR_Oncology_Associates_of_Oregon_Eugene,"CN=PublicFolders_OR_Oncology_Associates_of_Oregon_Eugene,OU=EnterpriseWide,OU=SelfServiceOnly,OU=Groups,DC=uson,DC=usoncology,DC=int",hrbu,"(GROUP_USON)Groups/SelfServiceOnly/EnterpriseWide/PublicFolders_OR_Oncology_Associates_of_Oregon_Eugene"
298,PublicFolders_PA_Venango_Oncology_Hematology_Association,"CN=PublicFolders_PA_Venango_Oncology_Hematology_Association,OU=EnterpriseWide,OU=SelfServiceOnly,OU=Groups,DC=uson,DC=usoncology,DC=int",hrbu,"(GROUP_USON)Groups/SelfServiceOnly/EnterpriseWide/PublicFolders_PA_Venango_Oncology_Hematology_Association"
299,PublicFolders_TX_TXO,"CN=PublicFolders_TX_TXO,OU=EnterpriseWide,OU=SelfServiceOnly,OU=Groups,DC=uson,DC=usoncology,DC=int",hrbu,"(GROUP_USON)Groups/SelfServiceOnly/EnterpriseWide/PublicFolders_TX_TXO"
300,PublicFolders_US_Mountain_West_RBO,"CN=PublicFolders_US_Mountain_West_RBO,OU=EnterpriseWide,OU=SelfServiceOnly,OU=Groups,DC=uson,DC=usoncology,DC=int",hrbu,"(GROUP_USON)Groups/SelfServiceOnly/EnterpriseWide/PublicFolders_US_Mountain_West_RBO"
301,PublicFolders_VA_Blue_Ridge_Cancer_Centers,"CN=PublicFolders_VA_Blue_Ridge_Cancer_Centers,OU=EnterpriseWide,OU=SelfServiceOnly,OU=Groups,DC=uson,DC=usoncology,DC=int",hrbu,"(GROUP_USON)Groups/SelfServiceOnly/EnterpriseWide/PublicFolders_VA_Blue_Ridge_Cancer_Centers"
302,PublicFolders_VA_Shenandoah_Oncology,"CN=PublicFolders_VA_Shenandoah_Oncology,OU=EnterpriseWide,OU=SelfServiceOnly,OU=Groups,DC=uson,DC=usoncology,DC=int",hrbu,"(GROUP_USON)Groups/SelfServiceOnly/EnterpriseWide/PublicFolders_VA_Shenandoah_Oncology"
303,PublicFolders_VA_Virginia_Cancer_Specialists,"CN=PublicFolders_VA_Virginia_Cancer_Specialists,OU=EnterpriseWide,OU=SelfServiceOnly,OU=Groups,DC=uson,DC=usoncology,DC=int",hrbu,"(GROUP_USON)Groups/SelfServiceOnly/EnterpriseWide/PublicFolders_VA_Virginia_Cancer_Specialists"
304,PublicFolders_VA_Virginia_Oncology_Associates,"CN=PublicFolders_VA_Virginia_Oncology_Associates,OU=EnterpriseWide,OU=SelfServiceOnly,OU=Groups,DC=uson,DC=usoncology,DC=int",hrbu,"(GROUP_USON)Groups/SelfServiceOnly/EnterpriseWide/PublicFolders_VA_Virginia_Oncology_Associates"
305,PublicFolders_VO_CBO,"CN=PublicFolders_VO_CBO,OU=EnterpriseWide,OU=SelfServiceOnly,OU=Groups,DC=uson,DC=usoncology,DC=int",hrbu,"(GROUP_USON)Groups/SelfServiceOnly/EnterpriseWide/PublicFolders_VO_CBO"
306,PublicFolders_VO_Georgia,"CN=PublicFolders_VO_Georgia,OU=EnterpriseWide,OU=SelfServiceOnly,OU=Groups,DC=uson,DC=usoncology,DC=int",hrbu,"(GROUP_USON)Groups/SelfServiceOnly/EnterpriseWide/PublicFolders_VO_Georgia"
307,PublicFolders_VO_Kentuckiana,"CN=PublicFolders_VO_Kentuckiana,OU=EnterpriseWide,OU=SelfServiceOnly,OU=Groups,DC=uson,DC=usoncology,DC=int",hrbu,"(GROUP_USON)Groups/SelfServiceOnly/EnterpriseWide/PublicFolders_VO_Kentuckiana"
308,PublicFolders_VO_Midwest,"CN=PublicFolders_VO_Midwest,OU=EnterpriseWide,OU=SelfServiceOnly,OU=Groups,DC=uson,DC=usoncology,DC=int",hrbu,"(GROUP_USON)Groups/SelfServiceOnly/EnterpriseWide/PublicFolders_VO_Midwest"
309,PublicFolders_VO_Northeast,"CN=PublicFolders_VO_Northeast,OU=EnterpriseWide,OU=SelfServiceOnly,OU=Groups,DC=uson,DC=usoncology,DC=int",hrbu,"(GROUP_USON)Groups/SelfServiceOnly/EnterpriseWide/PublicFolders_VO_Northeast"
310,PublicFolders_VO_RCOG,"CN=PublicFolders_VO_RCOG,OU=EnterpriseWide,OU=SelfServiceOnly,OU=Groups,DC=uson,DC=usoncology,DC=int",hrbu,"(GROUP_USON)Groups/SelfServiceOnly/EnterpriseWide/PublicFolders_VO_RCOG"
311,PublicFolders_VO_Rhode_Island,"CN=PublicFolders_VO_Rhode_Island,OU=EnterpriseWide,OU=SelfServiceOnly,OU=Groups,DC=uson,DC=usoncology,DC=int",hrbu,"(GROUP_USON)Groups/SelfServiceOnly/EnterpriseWide/PublicFolders_VO_Rhode_Island"
312,PublicFolders_VO_Southeast,"CN=PublicFolders_VO_Southeast,OU=EnterpriseWide,OU=SelfServiceOnly,OU=Groups,DC=uson,DC=usoncology,DC=int",hrbu,"(GROUP_USON)Groups/SelfServiceOnly/EnterpriseWide/PublicFolders_VO_Southeast"
313,PublicFolders_VO_West,"CN=PublicFolders_VO_West,OU=EnterpriseWide,OU=SelfServiceOnly,OU=Groups,DC=uson,DC=usoncology,DC=int",hrbu,"(GROUP_USON)Groups/SelfServiceOnly/EnterpriseWide/PublicFolders_VO_West"
314,SVR_CMOH,"CN=SVR_CMOH,OU=PA_Consultants of Medical Oncology and Hematology,OU=Help Desk Managed Groups,OU=Groups,DC=uson,DC=usoncology,DC=int",hrbu,"(GROUP_USON)Groups/Help Desk Managed Groups/PA_Consultants of Medical Oncology and Hematology/SVR_CMOH"
315,SVR_CCCB,"CN=SVR_CCCB,OU=FL_Cancer Care Centers of Brevard,OU=Help Desk Managed Groups,OU=Groups,DC=uson,DC=usoncology,DC=int",hrbu,"(GROUP_USON)Groups/Help Desk Managed Groups/FL_Cancer Care Centers of Brevard/SVR_CCCB"
316,Office365-E3,"CN=Office365-E3,OU=EnterpriseWide,OU=SelfServiceOnly,OU=Groups,DC=uson,DC=usoncology,DC=int",hrbu,"(GROUP_USON)Groups/SelfServiceOnly/EnterpriseWide/Office365-E3"
317,CTX_Office365,"CN=CTX_Office365,OU=EnterpriseWide,OU=Help Desk Managed Groups,OU=Groups,DC=uson,DC=usoncology,DC=int",hrbu,"(GROUP_USON)Groups/Help Desk Managed Groups/EnterpriseWide/CTX_Office365"
318,Office365-Users,"CN=Office365-Users,OU=EnterpriseWide,OU=Help Desk Managed Groups,OU=Groups,DC=uson,DC=usoncology,DC=int",hrbu,"(GROUP_USON)Groups/Help Desk Managed Groups/EnterpriseWide/Office365-Users"
319,"Office 365 - Users who Home Drive has been migrated to one drive","CN=Office 365 - Users who Home Drive has been migrated to one drive,OU=EnterpriseWide,OU=Help Desk Managed Groups,OU=Groups,DC=uson,DC=usoncology,DC=int",hrbu,"(GROUP_USON)Groups/Help Desk Managed Groups/EnterpriseWide/Office 365 - Users who Home Drive has been migrated to one drive"
320,SVR_MARBO,"CN=SVR_MARBO,OU=US_Mid-Atlantic RBO,OU=Help Desk Managed Groups,OU=Groups,DC=uson,DC=usoncology,DC=int",hrbu,"(GROUP_USON)Groups/Help Desk Managed Groups/US_Mid-Atlantic RBO/SVR_MARBO"
321,SVR_AO,"CN=SVR_AO,OU=IL_Affiliated Oncologists,OU=Help Desk Managed Groups,OU=Groups,DC=uson,DC=usoncology,DC=int",hrbu,"(GROUP_USON)Groups/Help Desk Managed Groups/IL_Affiliated Oncologists/SVR_AO"
323,PST_Restrict,"CN=PST_Restrict,OU=EnterpriseWide,OU=SelfServiceOnly,OU=Groups,DC=uson,DC=usoncology,DC=int",hrbu,"(GROUP_USON)Groups/SelfServiceOnly/EnterpriseWide/PST_Restrict"
324,SVR_USWF,"CN=SVR_USWF,OU=FL_Urology Specialists of West Florida,OU=Help Desk Managed Groups,OU=Groups,DC=uson,DC=usoncology,DC=int",hrbu,"(GROUP_USON)Groups/Help Desk Managed Groups/FL_Urology Specialists of West Florida/SVR_USWF"
325,FL_USWF_Everyone,"CN=FL_USWF_Everyone,OU=FL_Urology Specialists of West Florida,OU=Distribution Groups,OU=Groups,DC=uson,DC=usoncology,DC=int",hrbu,"(GROUP_USON)Groups/Distribution Groups/FL_Urology Specialists of West Florida/FL_USWF_Everyone"
326,"SCC All Personnel","CN=SCC All Personnel,OU=AL_SouthernCancerCenter,OU=Distribution Groups,OU=Groups,DC=uson,DC=usoncology,DC=int",hrbu,"(GROUP_USON)Groups/Distribution Groups/AL_SouthernCancerCenter/SCC All Personnel"
327,US_IntraFUSION_Everyone,"CN=US_IntraFUSION_Everyone,OU=US_IntraFUSION,OU=Distribution Groups,OU=Groups,DC=MSHPS,DC=usoncology,DC=int",hrbu,"(GROUP_MSHPS)Groups/Distribution Groups/US_IntraFUSION/US_IntraFUSION_Everyone"
328,SVR_IntraFUSION,"CN=SVR_IntraFUSION,OU=US_IntraFUSION,OU=Help Desk Managed Groups,OU=Groups,DC=MSHPS,DC=usoncology,DC=int",hrbu,"(GROUP_MSHPS)Groups/Help Desk Managed Groups/US_IntraFUSION/SVR_IntraFUSION"
330,"MSHPS-office 365 - Users who Home Drive has been migrated to one drive","CN=MSHPS-office 365 - Users who Home Drive has been migrated to one,OU=EnterpriseWide,OU=Help Desk Managed Groups,OU=Groups,DC=MSHPS,DC=usoncology,DC=int",hrbu,"(GROUP_MSHPS)Groups/Help Desk Managed Groups/EnterpriseWide/MSHPS-office 365 - Users who Home Drive has been migrated to one"
331,MSHPS-CTX_ALLOW,"CN=CTX_ALLOW,OU=EnterpriseWide,OU=Help Desk Managed Groups,OU=Groups,DC=MSHPS,DC=usoncology,DC=int",hrbu,"(GROUP_MSHPS)Groups/Help Desk Managed Groups/EnterpriseWide/CTX_ALLOW"
332,MSHPS-CTX_Office365,"CN=MSHPS-CTX_Office365,OU=EnterpriseWide,OU=Help Desk Managed Groups,OU=Groups,DC=MSHPS,DC=usoncology,DC=int",hrbu,"(GROUP_MSHPS)Groups/Help Desk Managed Groups/EnterpriseWide/MSHPS-CTX_Office365"
333,MSHPS-PST_Restrict,"CN=MSHPS-PST_Restrict,OU=EnterpriseWide,OU=SelfServiceOnly,OU=Groups,DC=MSHPS,DC=usoncology,DC=int",hrbu,"(GROUP_MSHPS)Groups/SelfServiceOnly/EnterpriseWide/MSHPS-PST_Restrict"
334,CTX_MSHPS_ALLOW,"CN=CTX_MSHPS_ALLOW,OU=Corporate,OU=Help Desk Managed Groups,OU=Groups,DC=uson,DC=usoncology,DC=int",hrbu,"(GROUP_USON)Groups/Help Desk Managed Groups/Corporate/CTX_MSHPS_ALLOW"
335,CTX_FPRD_92,"CN=CTX_FPRD_92,OU=EnterpriseWide,OU=Help Desk Managed Groups,OU=Groups,DC=uson,DC=usoncology,DC=int",hrbu,"(GROUP_USON)Groups/Help Desk Managed Groups/EnterpriseWide/CTX_FPRD_92"
336,MSHPS-Office365-E3,"CN=MSHPS-Office365-E3,OU=EnterpriseWide,OU=Security Managed Groups,OU=Groups,DC=MSHPS,DC=usoncology,DC=int",hrbu,"(GROUP_MSHPS)Groups/Security Managed Groups/EnterpriseWide/MSHPS-Office365-E3"
337,PublicFolders_VO_Hybrid,"CN=PublicFolders_VO_Hybrid,OU=VO_Hybrid,OU=SelfServiceOnly,OU=Groups,DC=uson,DC=usoncology,DC=int",hrbu,"(GROUP_USON)Groups/SelfServiceOnly/VO_Hybrid/PublicFolders_VO_Hybrid"
338,PublicFolders_VO_OperationalSupport,"CN=PublicFolders_VO_OperationalSupport,OU=VO_OperationalSupport,OU=SelfServiceOnly,OU=Groups,DC=uson,DC=usoncology,DC=int",hrbu,"(GROUP_USON)Groups/SelfServiceOnly/VO_OperationalSupport/PublicFolders_VO_OperationalSupport"
339,PublicFolders_VO_Urology,"CN=PublicFolders_VO_Urology,OU=VO_Urology,OU=SelfServiceOnly,OU=Groups,DC=uson,DC=usoncology,DC=int",hrbu,"(GROUP_USON)Groups/SelfServiceOnly/VO_Urology/PublicFolders_VO_Urology"
340,SVR_VO_Hybrid,"CN=SVR_VO_Hybrid,OU=VO_Hybrid,OU=Help Desk Managed Groups,OU=Groups,DC=uson,DC=usoncology,DC=int",hrbu,"(GROUP_USON)Groups/Help Desk Managed Groups/VO_Hybrid/SVR_VO_Hybrid"
341,SVR_VO_OperationalSupport,"CN=SVR_VO_OperationalSupport,OU=VO_OperationalSupport,OU=Help Desk Managed Groups,OU=Groups,DC=uson,DC=usoncology,DC=int",hrbu,"(GROUP_USON)Groups/Help Desk Managed Groups/VO_OperationalSupport/SVR_VO_OperationalSupport"
342,SVR_VO_Urology,"CN=SVR_VO_Urology,OU=VO_Urology,OU=Help Desk Managed Groups,OU=Groups,DC=uson,DC=usoncology,DC=int",hrbu,"(GROUP_USON)Groups/Help Desk Managed Groups/VO_Urology/SVR_VO_Urology"
343,Office365-Managed,"CN=Office365-Managed,OU=EnterpriseWide,OU=SelfServiceOnly,OU=Groups,DC=uson,DC=usoncology,DC=int",hrbu,"(GROUP_USON)Groups/SelfServiceOnly/EnterpriseWide/Office365-Managed"
344,Zscaler_Prod_USON,"CN=Zscaler_Prod_USON,OU=Corporate,OU=Help Desk Managed Groups,OU=Groups,DC=uson,DC=usoncology,DC=int",default,"(GROUP_USON)Groups/Help Desk Managed Groups/Corporate/Zscaler_Prod_USON"
345,SVR_PAACS,"CN=SVR_PAACS,OU=PA_Alliance Cancer Specialists,OU=Help Desk Managed Groups,OU=Groups,DC=uson,DC=usoncology,DC=int",hrbu,"(GROUP_USON)Groups/Help Desk Managed Groups/PA_Alliance Cancer Specialists/SVR_PAACS"
346,SVR_INNO,"CN=SVR_INNO,OU=IN_Northwest Oncology,OU=Help Desk Managed Groups,OU=Groups,DC=uson,DC=usoncology,DC=int",hrbu,"(GROUP_USON)Groups/Help Desk Managed Groups/IN_Northwest Oncology/SVR_INNO"
347,SVR_USNRBO,"CN=SVR_USNRBO,OU=US_Northeast RBO,OU=Help Desk Managed Groups,OU=Groups,DC=uson,DC=usoncology,DC=int",hrbu,"(GROUP_USON)Groups/Help Desk Managed Groups/US_Northeast RBO/SVR_USNRBO"
348,Office365-E3-Yammer,"CN=Office365-E3-Yammer,OU=EnterpriseWide,OU=SelfServiceOnly,OU=Groups,DC=uson,DC=usoncology,DC=int",hrbu,"(GROUP_USON)Groups/SelfServiceOnly/EnterpriseWide/Office365-E3-Yammer"
349,Office365-E3-NoYammer,"CN=Office365-E3-NoYammer,OU=EnterpriseWide,OU=SelfServiceOnly,OU=Groups,DC=uson,DC=usoncology,DC=int",hrbu,"(GROUP_USON)Groups/SelfServiceOnly/EnterpriseWide/Office365-E3-NoYammer"
350,SVR-TXTCRS,"CN=SVR-TXTCRS,OU=TX_TXO,OU=Help Desk Managed Groups,OU=Groups,DC=uson,DC=usoncology,DC=int",hrbu,"(GROUP_USON)Groups/Help Desk Managed Groups/TX_TXO/SVR-TXTCRS"
351,SVR_USWRBO,"CN=SVR_USWRBO,OU=US_West RBO,OU=Help Desk Managed Groups,OU=Groups,DC=uson,DC=usoncology,DC=int",hrbu,"(GROUP_USON)Groups/Help Desk Managed Groups/US_West RBO/SVR_USWRBO"
