[
	{
		"id": "00uda8ot77q6wQAdg297",
		"status": "ACTIVE",
		"created": "2022-06-03T11:39:40.000Z",
		"activated": "2022-06-03T11:39:40.000Z",
		"statusChanged": "2022-06-03T11:39:40.000Z",
		"lastLogin": null,
		"lastUpdated": "2022-06-03T11:47:33.000Z",
		"passwordChanged": "2022-06-03T11:39:40.000Z",
		"type": {
			"id": "otyda7rf00JbW70eD297"
		},
		"profile": {
			"firstName": "$$PASSPORT$$",
			"lastName": "$$EVENT$$",
			"mobilePhone": null,
			"secondEmail": null,
			"p20_ps_oktaUserId": "00uda8ot77q6wQAdg297",
			"login": "passport.event6@example.com",
			"email": "passport.event6@example.com"
		},
		"credentials": {
			"password": {},
			"recovery_question": {
				"question": "Kak Oka?"
			},
			"provider": {
				"type": "OKTA",
				"name": "OKTA"
			}
		},
		"_links": {
			"self": {
				"href": "https://usoncology.okta.com/api/v1/users/00uda8ot77q6wQAdg297"
			}
		}
	},
	{
		"id": "00uda8pfnxfAlfdMb297",
		"status": "ACTIVE",
		"created": "2022-06-03T11:38:00.000Z",
		"activated": "2022-06-03T11:38:01.000Z",
		"statusChanged": "2022-06-03T11:38:01.000Z",
		"lastLogin": null,
		"lastUpdated": "2022-06-03T11:48:40.000Z",
		"passwordChanged": "2022-06-03T11:38:01.000Z",
		"type": {
			"id": "otyda7rf00JbW70eD297"
		},
		"profile": {
			"firstName": "$$PASSPORT$$",
			"lastName": "$$EVENT$$",
			"mobilePhone": null,
			"secondEmail": null,
			"p20_ps_oktaUserId": "00uda8pfnxfAlfdMb297",
			"login": "passport.event3@example.com",
			"email": "passport.event3@example.com"
		},
		"credentials": {
			"password": {},
			"recovery_question": {
				"question": "Kak Oka?"
			},
			"provider": {
				"type": "OKTA",
				"name": "OKTA"
			}
		},
		"_links": {
			"self": {
				"href": "https://usoncology.okta.com/api/v1/users/00uda8pfnxfAlfdMb297"
			}
		}
	},
	{
		"id": "00uda8pssrPeVatXm297",
		"status": "ACTIVE",
		"created": "2022-06-03T11:39:04.000Z",
		"activated": "2022-06-03T11:39:04.000Z",
		"statusChanged": "2022-06-03T11:39:04.000Z",
		"lastLogin": null,
		"lastUpdated": "2022-06-03T11:47:49.000Z",
		"passwordChanged": "2022-06-03T11:39:04.000Z",
		"type": {
			"id": "otyda7rf00JbW70eD297"
		},
		"profile": {
			"firstName": "$$PASSPORT$$",
			"lastName": "$$EVENT$$",
			"mobilePhone": null,
			"secondEmail": null,
			"p20_ps_oktaUserId": "00uda8pssrPeVatXm297",
			"login": "passport.event5@example.com",
			"email": "passport.event5@example.com"
		},
		"credentials": {
			"password": {},
			"recovery_question": {
				"question": "Kak Oka?"
			},
			"provider": {
				"type": "OKTA",
				"name": "OKTA"
			}
		},
		"_links": {
			"self": {
				"href": "https://usoncology.okta.com/api/v1/users/00uda8pssrPeVatXm297"
			}
		}
	},
	{
		"id": "00uda8ptysbXZsxMr297",
		"status": "ACTIVE",
		"created": "2022-06-03T11:35:11.000Z",
		"activated": "2022-06-03T11:35:11.000Z",
		"statusChanged": "2022-06-03T11:35:11.000Z",
		"lastLogin": null,
		"lastUpdated": "2022-06-03T11:49:18.000Z",
		"passwordChanged": "2022-06-03T11:35:11.000Z",
		"type": {
			"id": "otyda7rf00JbW70eD297"
		},
		"profile": {
			"firstName": "$$PASSPORT$$",
			"lastName": "$$EVENT$$",
			"mobilePhone": null,
			"secondEmail": null,
			"p20_ps_oktaUserId": "00uda8ptysbXZsxMr297",
			"login": "passport.event1@example.com",
			"email": "passport.event1@example.com"
		},
		"credentials": {
			"password": {},
			"recovery_question": {
				"question": "Kak Oka?"
			},
			"provider": {
				"type": "OKTA",
				"name": "OKTA"
			}
		},
		"_links": {
			"self": {
				"href": "https://usoncology.okta.com/api/v1/users/00uda8ptysbXZsxMr297"
			}
		}
	},
	{
		"id": "00uda8q852TSXZyXM297",
		"status": "ACTIVE",
		"created": "2022-06-03T11:40:37.000Z",
		"activated": "2022-06-03T11:40:37.000Z",
		"statusChanged": "2022-06-03T11:40:37.000Z",
		"lastLogin": null,
		"lastUpdated": "2022-06-03T11:46:50.000Z",
		"passwordChanged": "2022-06-03T11:40:37.000Z",
		"type": {
			"id": "otyda7rf00JbW70eD297"
		},
		"profile": {
			"firstName": "$$PASSPORT$$",
			"lastName": "$$EVENT$$",
			"mobilePhone": null,
			"secondEmail": null,
			"p20_ps_oktaUserId": "00uda8q852TSXZyXM297",
			"login": "passport.event8@example.com",
			"email": "passport.event8@example.com"
		},
		"credentials": {
			"password": {},
			"recovery_question": {
				"question": "Kak Oka?"
			},
			"provider": {
				"type": "OKTA",
				"name": "OKTA"
			}
		},
		"_links": {
			"self": {
				"href": "https://usoncology.okta.com/api/v1/users/00uda8q852TSXZyXM297"
			}
		}
	},
	{
		"id": "00uda8r076p7tYfVH297",
		"status": "ACTIVE",
		"created": "2022-06-03T11:37:20.000Z",
		"activated": "2022-06-03T11:37:20.000Z",
		"statusChanged": "2022-06-03T11:37:20.000Z",
		"lastLogin": null,
		"lastUpdated": "2022-06-03T11:49:01.000Z",
		"passwordChanged": "2022-06-03T11:37:20.000Z",
		"type": {
			"id": "otyda7rf00JbW70eD297"
		},
		"profile": {
			"firstName": "$$PASSPORT$$",
			"lastName": "$$EVENT$$",
			"mobilePhone": null,
			"secondEmail": null,
			"p20_ps_oktaUserId": "00uda8r076p7tYfVH297",
			"login": "passport.event2@example.com",
			"email": "passport.event2@example.com"
		},
		"credentials": {
			"password": {},
			"recovery_question": {
				"question": "Kak Oka?"
			},
			"provider": {
				"type": "OKTA",
				"name": "OKTA"
			}
		},
		"_links": {
			"self": {
				"href": "https://usoncology.okta.com/api/v1/users/00uda8r076p7tYfVH297"
			}
		}
	},
	{
		"id": "00uda8r0d2d2EcOFj297",
		"status": "ACTIVE",
		"created": "2022-06-03T11:40:12.000Z",
		"activated": "2022-06-03T11:40:13.000Z",
		"statusChanged": "2022-06-03T11:40:13.000Z",
		"lastLogin": null,
		"lastUpdated": "2022-06-03T11:47:11.000Z",
		"passwordChanged": "2022-06-03T11:40:13.000Z",
		"type": {
			"id": "otyda7rf00JbW70eD297"
		},
		"profile": {
			"firstName": "$$PASSPORT$$",
			"lastName": "$$EVENT$$",
			"mobilePhone": null,
			"secondEmail": null,
			"p20_ps_oktaUserId": "00uda8r0d2d2EcOFj297",
			"login": "passport.event7@example.com",
			"email": "passport.event7@example.com"
		},
		"credentials": {
			"password": {},
			"recovery_question": {
				"question": "Kak Oka?"
			},
			"provider": {
				"type": "OKTA",
				"name": "OKTA"
			}
		},
		"_links": {
			"self": {
				"href": "https://usoncology.okta.com/api/v1/users/00uda8r0d2d2EcOFj297"
			}
		}
	},
	{
		"id": "00uda8rxffus02FJJ297",
		"status": "ACTIVE",
		"created": "2022-06-03T11:38:35.000Z",
		"activated": "2022-06-03T11:38:35.000Z",
		"statusChanged": "2022-06-03T11:38:35.000Z",
		"lastLogin": null,
		"lastUpdated": "2022-06-03T11:48:13.000Z",
		"passwordChanged": "2022-06-03T11:38:35.000Z",
		"type": {
			"id": "otyda7rf00JbW70eD297"
		},
		"profile": {
			"firstName": "$$PASSPORT$$",
			"lastName": "$$EVENT$$",
			"mobilePhone": null,
			"secondEmail": null,
			"p20_ps_oktaUserId": "00uda8rxffus02FJJ297",
			"login": "passport.event4@example.com",
			"email": "passport.event4@example.com"
		},
		"credentials": {
			"password": {},
			"recovery_question": {
				"question": "Kak Oka?"
			},
			"provider": {
				"type": "OKTA",
				"name": "OKTA"
			}
		},
		"_links": {
			"self": {
				"href": "https://usoncology.okta.com/api/v1/users/00uda8rxffus02FJJ297"
			}
		}
	},
	{
		"id": "00uda8snth29c32cK297",
		"status": "ACTIVE",
		"created": "2022-06-03T11:41:53.000Z",
		"activated": "2022-06-03T11:41:53.000Z",
		"statusChanged": "2022-06-03T11:41:53.000Z",
		"lastLogin": null,
		"lastUpdated": "2022-06-03T11:45:11.000Z",
		"passwordChanged": "2022-06-03T11:41:53.000Z",
		"type": {
			"id": "otyda7rf00JbW70eD297"
		},
		"profile": {
			"firstName": "$$PASSPORT$$",
			"lastName": "$$EVENT$$",
			"mobilePhone": null,
			"secondEmail": null,
			"p20_ps_oktaUserId": "00uda8snth29c32cK297",
			"login": "passport.event10@example.com",
			"email": "passport.event10@example.com"
		},
		"credentials": {
			"password": {},
			"recovery_question": {
				"question": "Kak Oka?"
			},
			"provider": {
				"type": "OKTA",
				"name": "OKTA"
			}
		},
		"_links": {
			"self": {
				"href": "https://usoncology.okta.com/api/v1/users/00uda8snth29c32cK297"
			}
		}
	},
	{
		"id": "00uda8tzgyHxZodbU297",
		"status": "ACTIVE",
		"created": "2022-06-03T11:41:15.000Z",
		"activated": "2022-06-03T11:41:16.000Z",
		"statusChanged": "2022-06-03T11:41:16.000Z",
		"lastLogin": null,
		"lastUpdated": "2022-06-03T11:45:45.000Z",
		"passwordChanged": "2022-06-03T11:41:15.000Z",
		"type": {
			"id": "otyda7rf00JbW70eD297"
		},
		"profile": {
			"firstName": "$$PASSPORT$$",
			"lastName": "$$EVENT$$",
			"mobilePhone": null,
			"secondEmail": null,
			"p20_ps_oktaUserId": "00uda8tzgyHxZodbU297",
			"login": "passport.event9@example.com",
			"email": "passport.event9@example.com"
		},
		"credentials": {
			"password": {},
			"recovery_question": {
				"question": "Kak Oka?"
			},
			"provider": {
				"type": "OKTA",
				"name": "OKTA"
			}
		},
		"_links": {
			"self": {
				"href": "https://usoncology.okta.com/api/v1/users/00uda8tzgyHxZodbU297"
			}
		}
	}
]