{
	"id": "https://usoncology.okta.com/meta/schemas/apps/0oaa39okhv2rRqk15297/default",
	"$schema": "http://json-schema.org/draft-04/schema#",
	"name": "active_directory",
	"title": "uson.usoncology.int User",
	"lastUpdated": "2021-11-11T19:18:33.000Z",
	"created": "2021-10-07T13:59:51.000Z",
	"definitions": {
		"custom": {
			"id": "#custom",
			"type": "object",
			"properties": {
				"adCountryCode": {
					"title": "countryCode",
					"description": "Country-Code",
					"type": "integer",
					"externalName": "countryCode",
					"scope": "NONE",
					"maximum": 65535,
					"master": {
						"type": "PROFILE_MASTER"
					}
				},
				"city": {
					"title": "l",
					"description": "Locality-Name",
					"type": "string",
					"externalName": "l",
					"scope": "SELF",
					"maxLength": 128,
					"master": {
						"type": "PROFILE_MASTER"
					}
				},
				"cn": {
					"title": "cn",
					"description": "Common-Name",
					"type": "string",
					"externalName": "cn",
					"scope": "SELF",
					"maxLength": 512,
					"master": {
						"type": "PROFILE_MASTER"
					}
				},
				"co": {
					"title": "co",
					"description": "Text-Country",
					"type": "string",
					"externalName": "co",
					"scope": "NONE",
					"minLength": 1,
					"maxLength": 128,
					"master": {
						"type": "PROFILE_MASTER"
					}
				},
				"countryCode": {
					"title": "c",
					"description": "Country-Name",
					"type": "string",
					"externalName": "c",
					"scope": "NONE",
					"maxLength": 3,
					"master": {
						"type": "PROFILE_MASTER"
					}
				},
				"deliveryOffice": {
					"title": "physicalDeliveryOfficeName",
					"description": "Physical-Delivery-Office-Name",
					"type": "string",
					"externalName": "physicalDeliveryOfficeName",
					"scope": "SELF",
					"maxLength": 128,
					"master": {
						"type": "PROFILE_MASTER"
					}
				},
				"department": {
					"title": "department",
					"description": "Department",
					"type": "string",
					"externalName": "department",
					"scope": "SELF",
					"maxLength": 64,
					"master": {
						"type": "PROFILE_MASTER"
					}
				},
				"departmentNumber": {
					"title": "departmentNumber",
					"description": "Identifies a department within an organization.",
					"type": "string",
					"externalName": "departmentNumber",
					"scope": "NONE",
					"maxLength": 512,
					"master": {
						"type": "PROFILE_MASTER"
					}
				},
				"description": {
					"title": "description",
					"description": "Description",
					"type": "string",
					"externalName": "description",
					"scope": "NONE",
					"maxLength": 1024,
					"master": {
						"type": "PROFILE_MASTER"
					}
				},
				"displayName": {
					"title": "displayName",
					"description": "Display-Name",
					"type": "string",
					"externalName": "displayName",
					"scope": "SELF",
					"maxLength": 256,
					"master": {
						"type": "PROFILE_MASTER"
					}
				},
				"division": {
					"title": "division",
					"description": "Division",
					"type": "string",
					"externalName": "division",
					"scope": "NONE",
					"maxLength": 256,
					"master": {
						"type": "PROFILE_MASTER"
					}
				},
				"employeeID": {
					"title": "employeeID",
					"description": "Employee-ID",
					"type": "string",
					"externalName": "employeeID",
					"scope": "SELF",
					"maxLength": 16,
					"master": {
						"type": "PROFILE_MASTER"
					}
				},
				"employeeNumber": {
					"title": "employeeNumber",
					"description": "Employee-Number",
					"type": "string",
					"externalName": "employeeNumber",
					"scope": "SELF",
					"maxLength": 512,
					"master": {
						"type": "PROFILE_MASTER"
					}
				},
				"extensionAttribute2": {
					"title": "extensionAttribute2",
					"description": "ms-Exch-Extension-Attribute-2",
					"type": "string",
					"externalName": "extensionAttribute2",
					"scope": "NONE",
					"minLength": 1,
					"maxLength": 1024,
					"master": {
						"type": "PROFILE_MASTER"
					}
				},
				"extensionAttribute3": {
					"title": "extensionAttribute3",
					"description": "ms-Exch-Extension-Attribute-3",
					"type": "string",
					"externalName": "extensionAttribute3",
					"scope": "NONE",
					"minLength": 1,
					"maxLength": 1024,
					"master": {
						"type": "PROFILE_MASTER"
					}
				},
				"extensionAttribute8": {
					"title": "extensionAttribute8",
					"description": "ms-Exch-Extension-Attribute-8",
					"type": "string",
					"externalName": "extensionAttribute8",
					"scope": "NONE",
					"minLength": 1,
					"maxLength": 1024,
					"master": {
						"type": "PROFILE_MASTER"
					}
				},
				"facsimileTelephoneNumber": {
					"title": "facsimileTelephoneNumber",
					"description": "Facsimile-Telephone-Number",
					"type": "string",
					"externalName": "facsimileTelephoneNumber",
					"scope": "NONE",
					"minLength": 1,
					"maxLength": 64,
					"master": {
						"type": "PROFILE_MASTER"
					}
				},
				"managerDn": {
					"title": "manager",
					"description": "Manager",
					"type": "string",
					"externalName": "manager",
					"scope": "NONE",
					"maxLength": 1024,
					"master": {
						"type": "PROFILE_MASTER"
					}
				},
				"middleName": {
					"title": "middleName",
					"description": "Other-Name",
					"type": "string",
					"externalName": "middleName",
					"scope": "SELF",
					"maxLength": 64,
					"master": {
						"type": "PROFILE_MASTER"
					}
				},
				"mobilePhone": {
					"title": "mobile",
					"description": "Phone-Mobile-Primary",
					"type": "string",
					"externalName": "mobile",
					"scope": "SELF",
					"maxLength": 64,
					"master": {
						"type": "PROFILE_MASTER"
					}
				},
				"postalCode": {
					"title": "postalCode",
					"description": "Postal-Code",
					"type": "string",
					"externalName": "postalCode",
					"scope": "SELF",
					"maxLength": 40,
					"master": {
						"type": "PROFILE_MASTER"
					}
				},
				"preferredLanguage": {
					"title": "preferredLanguage",
					"description": "The preferred written or spoken language for a person.",
					"type": "string",
					"externalName": "preferredLanguage",
					"scope": "NONE",
					"master": {
						"type": "PROFILE_MASTER"
					}
				},
				"state": {
					"title": "st",
					"description": "State-Or-Province-Name",
					"type": "string",
					"externalName": "st",
					"scope": "SELF",
					"maxLength": 128,
					"master": {
						"type": "PROFILE_MASTER"
					}
				},
				"streetAddress": {
					"title": "streetAddress",
					"description": "Address",
					"type": "string",
					"externalName": "streetAddress",
					"scope": "SELF",
					"maxLength": 1024,
					"master": {
						"type": "PROFILE_MASTER"
					}
				},
				"telephoneNumber": {
					"title": "telephoneNumber",
					"description": "Telephone-Number",
					"type": "string",
					"externalName": "telephoneNumber",
					"scope": "SELF",
					"maxLength": 64,
					"master": {
						"type": "PROFILE_MASTER"
					}
				},
				"title": {
					"title": "title",
					"description": "Title",
					"type": "string",
					"externalName": "title",
					"scope": "SELF",
					"maxLength": 128,
					"master": {
						"type": "PROFILE_MASTER"
					}
				},
				"accountExpires": {
					"title": "accountExpires",
					"description": "Account-Expires",
					"type": "string",
					"externalName": "accountExpires",
					"scope": "NONE",
					"master": {
						"type": "PROFILE_MASTER"
					}
				},
				"company": {
					"title": "company",
					"description": "Company",
					"type": "string",
					"externalName": "company",
					"scope": "NONE",
					"minLength": 1,
					"maxLength": 64,
					"master": {
						"type": "PROFILE_MASTER"
					}
				},
				"homeDirectory": {
					"title": "homeDirectory",
					"description": "Home-Directory",
					"type": "string",
					"externalName": "homeDirectory",
					"scope": "NONE",
					"master": {
						"type": "PROFILE_MASTER"
					}
				},
				"homeDrive": {
					"title": "homeDrive",
					"description": "Home-Drive",
					"type": "string",
					"externalName": "homeDrive",
					"scope": "NONE",
					"master": {
						"type": "PROFILE_MASTER"
					}
				},
				"initials": {
					"title": "initials",
					"description": "Initials",
					"type": "string",
					"externalName": "initials",
					"scope": "NONE",
					"minLength": 1,
					"maxLength": 6,
					"master": {
						"type": "PROFILE_MASTER"
					}
				},
				"msExchRecipientTypeDetails": {
					"title": "msExchRecipientTypeDetails",
					"description": "ms-Exch-Recipient-Type-Details",
					"type": "string",
					"externalName": "msExchRecipientTypeDetails",
					"scope": "NONE",
					"master": {
						"type": "PROFILE_MASTER"
					}
				},
				"msTSProfilePath": {
					"title": "msTSProfilePath",
					"description": "Terminal Services Profile Path specifies a roaming or mandatory profile path to use when the user logs on to the Terminal Server. The profile path is in the following network path format: \\\\servername\\profiles folder name\\username",
					"type": "string",
					"externalName": "msTSProfilePath",
					"scope": "NONE",
					"maxLength": 32767,
					"master": {
						"type": "PROFILE_MASTER"
					}
				},
				"postalAddress": {
					"title": "postalAddress",
					"description": "Postal-Address",
					"type": "array",
					"externalName": "postalAddress",
					"scope": "NONE",
					"items": {
						"type": "string"
					},
					"union": "DISABLE",
					"master": {
						"type": "PROFILE_MASTER"
					}
				},
				"scriptPath": {
					"title": "scriptPath",
					"description": "Script-Path",
					"type": "string",
					"externalName": "scriptPath",
					"scope": "NONE",
					"master": {
						"type": "PROFILE_MASTER"
					}
				},
				"showInAddressBook": {
					"title": "showInAddressBook",
					"description": "Show-In-Address-Book",
					"type": "array",
					"externalName": "showInAddressBook",
					"scope": "NONE",
					"items": {
						"type": "string"
					},
					"union": "DISABLE",
					"master": {
						"type": "PROFILE_MASTER"
					}
				},
				"street": {
					"title": "street",
					"description": "Street-Address",
					"type": "string",
					"externalName": "street",
					"scope": "NONE",
					"minLength": 1,
					"maxLength": 1024,
					"master": {
						"type": "PROFILE_MASTER"
					}
				},
				"info": {
					"title": "info",
					"description": "Comment",
					"type": "string",
					"externalName": "info",
					"scope": "NONE",
					"minLength": 1,
					"maxLength": 1024,
					"master": {
						"type": "PROFILE_MASTER"
					}
				}
			},
			"required": []
		},
		"base": {
			"id": "#base",
			"type": "object",
			"properties": {
				"dn": {
					"title": "distinguishedName",
					"description": "Distinguished Name",
					"type": "string",
					"required": true,
					"externalName": "distinguishedName",
					"scope": "NONE",
					"maxLength": 1024,
					"master": {
						"type": "PROFILE_MASTER"
					}
				},
				"email": {
					"title": "mail",
					"description": "Email",
					"type": "string",
					"externalName": "mail",
					"scope": "SELF",
					"maxLength": 100,
					"master": {
						"type": "PROFILE_MASTER"
					}
				},
				"externalId": {
					"title": "objectGUID",
					"description": "External Id",
					"type": "string",
					"required": true,
					"externalName": "objectGUID",
					"scope": "SELF",
					"master": {
						"type": "PROFILE_MASTER"
					}
				},
				"firstName": {
					"title": "givenName",
					"description": "First Name",
					"type": "string",
					"required": true,
					"externalName": "givenName",
					"scope": "SELF",
					"maxLength": 50,
					"master": {
						"type": "PROFILE_MASTER"
					}
				},
				"isCriticalSystemObject": {
					"title": "isCriticalSystemObject",
					"description": "Is Critical System Object",
					"type": "boolean",
					"externalName": "isCriticalSystemObject",
					"scope": "SYSTEM",
					"master": {
						"type": "PROFILE_MASTER"
					}
				},
				"isDeleted": {
					"title": "isDeleted",
					"description": "Is Deleted",
					"type": "boolean",
					"externalName": "isDeleted",
					"scope": "SYSTEM",
					"master": {
						"type": "PROFILE_MASTER"
					}
				},
				"lastName": {
					"title": "sn",
					"description": "Last Name",
					"type": "string",
					"required": true,
					"externalName": "sn",
					"scope": "SELF",
					"maxLength": 50,
					"master": {
						"type": "PROFILE_MASTER"
					}
				},
				"managerUpn": {
					"title": "managerUpn",
					"description": "Manager (UPN)",
					"type": "string",
					"externalName": "managerUpn",
					"scope": "SELF",
					"maxLength": 1024,
					"master": {
						"type": "PROFILE_MASTER"
					}
				},
				"objectSid": {
					"title": "objectSid",
					"description": "Object SID",
					"type": "string",
					"externalName": "objectSid",
					"scope": "SELF",
					"master": {
						"type": "PROFILE_MASTER"
					}
				},
				"primaryGroupId": {
					"title": "primaryGroupID",
					"description": "Primary Group ID",
					"type": "string",
					"externalName": "primaryGroupID",
					"scope": "NONE",
					"master": {
						"type": "PROFILE_MASTER"
					}
				},
				"samAccountName": {
					"title": "sAMAccountName",
					"description": "SAM Account Name",
					"type": "string",
					"required": true,
					"externalName": "sAMAccountName",
					"scope": "SELF",
					"maxLength": 256,
					"master": {
						"type": "PROFILE_MASTER"
					}
				},
				"userAccountControl": {
					"title": "userAccountControl",
					"description": "User Account Control",
					"type": "integer",
					"externalName": "userAccountControl",
					"scope": "SYSTEM",
					"master": {
						"type": "PROFILE_MASTER"
					}
				},
				"userName": {
					"title": "userPrincipalName",
					"description": "Username",
					"type": "string",
					"required": true,
					"externalName": "userPrincipalName",
					"scope": "SELF",
					"maxLength": 100,
					"master": {
						"type": "PROFILE_MASTER"
					}
				}
			},
			"required": [
				"dn",
				"externalId",
				"firstName",
				"lastName",
				"samAccountName",
				"userName"
			]
		}
	},
	"type": "object",
	"properties": {
		"profile": {
			"allOf": [
				{
					"$ref": "#/definitions/custom"
				},
				{
					"$ref": "#/definitions/base"
				}
			]
		}
	}
}