{
	"id": "otyda7rf00JbW70eD297",
	"displayName": "Passport Event",
	"name": "passport_event",
	"description": "Event-User for exchange with Passport ",
	"createdBy": "00ud97zdmzXssQBYu297",
	"lastUpdatedBy": "00ud97zdmzXssQBYu297",
	"created": "2022-06-03T08:50:55.000Z",
	"lastUpdated": "2022-06-03T08:50:55.000Z",
	"default": false,
	"_links": {
		"schema": {
			"rel": "schema",
			"href": "https://usoncology.okta.com/api/v1/meta/schemas/user/oscda7rf00JbW70eD297",
			"method": "GET"
		},
		"self": {
			"rel": "self",
			"href": "https://usoncology.okta.com/api/v1/meta/types/user/otyda7rf00JbW70eD297",
			"method": "GET"
		}
	}
}