{
	"id": "https://usoncology.okta.com/meta/schemas/user/default",
	"$schema": "http://json-schema.org/draft-04/schema#",
	"name": "user",
	"title": "User",
	"description": "Okta user profile template with default permission settings",
	"lastUpdated": "2022-07-08T06:50:49.000Z",
	"created": "2019-06-27T18:57:32.000Z",
	"definitions": {
		"custom": {
			"id": "#custom",
			"type": "object",
			"properties": {
				"dn": {
					"title": "Distinguished Name",
					"type": "string",
					"mutability": "READ_WRITE",
					"scope": "NONE",
					"permissions": [
						{
							"principal": "SELF",
							"action": "READ_ONLY"
						}
					],
					"master": {
						"type": "OKTA"
					}
				},
				"AD_OU_SELECTOR": {
					"title": "AD_OU_SELECTOR",
					"description": "Control for target OrgUnit",
					"type": "string",
					"mutability": "READ_WRITE",
					"scope": "NONE",
					"permissions": [
						{
							"principal": "SELF",
							"action": "READ_ONLY"
						}
					],
					"master": {
						"type": "OKTA"
					}
				},
				"AD_GROUP_SELECTORS": {
					"title": "AD_GROUP_SELECTORS",
					"description": "Control for target GroupMembership",
					"type": "string",
					"mutability": "READ_WRITE",
					"scope": "NONE",
					"permissions": [
						{
							"principal": "SELF",
							"action": "READ_ONLY"
						}
					],
					"master": {
						"type": "OKTA"
					}
				},
				"p20_wd_uid": {
					"title": "p20_wd_uid",
					"type": "string",
					"mutability": "READ_WRITE",
					"scope": "NONE",
					"permissions": [
						{
							"principal": "SELF",
							"action": "READ_ONLY"
						}
					],
					"master": {
						"type": "PROFILE_MASTER"
					}
				},
				"p20_evt_target": {
					"title": "p20_evt_target",
					"type": "string",
					"mutability": "READ_WRITE",
					"scope": "NONE",
					"enum": [
						"owf",
						"passport",
						"debug",
						"owf_debug",
						"passport_debug",
						"nothing"
					],
					"oneOf": [
						{
							"const": "owf",
							"title": "owf"
						},
						{
							"const": "passport",
							"title": "passport"
						},
						{
							"const": "debug",
							"title": "debug"
						},
						{
							"const": "owf_debug",
							"title": "owf_debug"
						},
						{
							"const": "passport_debug",
							"title": "passport_debug"
						},
						{
							"const": "nothing",
							"title": "nothing"
						}
					],
					"permissions": [
						{
							"principal": "SELF",
							"action": "READ_ONLY"
						}
					],
					"master": {
						"type": "OKTA"
					}
				},
				"p20_wd_workerId": {
					"title": "p20_wd_workerId",
					"type": "string",
					"mutability": "READ_WRITE",
					"scope": "NONE",
					"permissions": [
						{
							"principal": "SELF",
							"action": "READ_ONLY"
						}
					],
					"master": {
						"type": "PROFILE_MASTER"
					}
				},
				"p20_wd_employee": {
					"title": "p20_wd_employee",
					"type": "boolean",
					"mutability": "READ_WRITE",
					"scope": "NONE",
					"permissions": [
						{
							"principal": "SELF",
							"action": "READ_ONLY"
						}
					],
					"master": {
						"type": "PROFILE_MASTER"
					}
				},
				"p20_wd_userId": {
					"title": "p20_wd_userId",
					"type": "string",
					"mutability": "READ_WRITE",
					"scope": "NONE",
					"permissions": [
						{
							"principal": "SELF",
							"action": "READ_ONLY"
						}
					],
					"master": {
						"type": "PROFILE_MASTER"
					}
				},
				"p20_wd_email": {
					"title": "p20_wd_email",
					"type": "string",
					"mutability": "READ_WRITE",
					"scope": "NONE",
					"permissions": [
						{
							"principal": "SELF",
							"action": "READ_ONLY"
						}
					],
					"master": {
						"type": "PROFILE_MASTER"
					}
				},
				"p20_wd_managerId": {
					"title": "p20_wd_managerId",
					"type": "string",
					"mutability": "READ_WRITE",
					"scope": "NONE",
					"permissions": [
						{
							"principal": "SELF",
							"action": "READ_ONLY"
						}
					],
					"master": {
						"type": "PROFILE_MASTER"
					}
				},
				"p20_wd_active": {
					"title": "p20_wd_active",
					"type": "boolean",
					"mutability": "READ_WRITE",
					"scope": "NONE",
					"permissions": [
						{
							"principal": "SELF",
							"action": "READ_ONLY"
						}
					],
					"master": {
						"type": "PROFILE_MASTER"
					}
				},
				"p20_wd_dateActivated": {
					"title": "p20_wd_dateActivated",
					"type": "string",
					"mutability": "READ_WRITE",
					"scope": "NONE",
					"permissions": [
						{
							"principal": "SELF",
							"action": "READ_ONLY"
						}
					],
					"master": {
						"type": "PROFILE_MASTER"
					}
				},
				"p20_wd_hireDate": {
					"title": "p20_wd_hireDate",
					"type": "string",
					"mutability": "READ_WRITE",
					"scope": "NONE",
					"permissions": [
						{
							"principal": "SELF",
							"action": "READ_ONLY"
						}
					],
					"master": {
						"type": "PROFILE_MASTER"
					}
				},
				"p20_wd_title": {
					"title": "p20_wd_title",
					"type": "string",
					"mutability": "READ_WRITE",
					"scope": "NONE",
					"permissions": [
						{
							"principal": "SELF",
							"action": "READ_ONLY"
						}
					],
					"master": {
						"type": "PROFILE_MASTER"
					}
				},
				"p20_wd_terminated": {
					"title": "p20_wd_terminated",
					"type": "boolean",
					"mutability": "READ_WRITE",
					"scope": "NONE",
					"permissions": [
						{
							"principal": "SELF",
							"action": "READ_ONLY"
						}
					],
					"master": {
						"type": "OVERRIDE",
						"priority": [
							{
								"value": "0oaambthh9z2zhF9r297",
								"type": "APP"
							}
						]
					}
				},
				"p20_wd_positionEffectiveDate": {
					"title": "p20_wd_positionEffectiveDate",
					"type": "string",
					"mutability": "READ_WRITE",
					"scope": "NONE",
					"permissions": [
						{
							"principal": "SELF",
							"action": "READ_ONLY"
						}
					],
					"master": {
						"type": "PROFILE_MASTER"
					}
				},
				"p20_wd_workerType": {
					"title": "p20_wd_workerType",
					"type": "string",
					"mutability": "READ_WRITE",
					"scope": "NONE",
					"permissions": [
						{
							"principal": "SELF",
							"action": "READ_ONLY"
						}
					],
					"master": {
						"type": "PROFILE_MASTER"
					}
				},
				"p20_wd_HRBU": {
					"title": "p20_wd_HRBU",
					"type": "string",
					"mutability": "READ_WRITE",
					"scope": "NONE",
					"permissions": [
						{
							"principal": "SELF",
							"action": "READ_ONLY"
						}
					],
					"master": {
						"type": "PROFILE_MASTER"
					}
				},
				"p20_wd_legalName": {
					"title": "p20_wd_legalName",
					"type": "string",
					"mutability": "READ_WRITE",
					"scope": "NONE",
					"permissions": [
						{
							"principal": "SELF",
							"action": "READ_ONLY"
						}
					],
					"master": {
						"type": "PROFILE_MASTER"
					}
				},
				"p20_wd_firstName": {
					"title": "p20_wd_firstName",
					"type": "string",
					"mutability": "READ_WRITE",
					"scope": "NONE",
					"permissions": [
						{
							"principal": "SELF",
							"action": "READ_ONLY"
						}
					],
					"master": {
						"type": "PROFILE_MASTER"
					}
				},
				"p20_wd_middleName": {
					"title": "p20_wd_middleName",
					"type": "string",
					"mutability": "READ_WRITE",
					"scope": "NONE",
					"permissions": [
						{
							"principal": "SELF",
							"action": "READ_ONLY"
						}
					],
					"master": {
						"type": "PROFILE_MASTER"
					}
				},
				"p20_wd_lastName": {
					"title": "p20_wd_lastName",
					"type": "string",
					"mutability": "READ_WRITE",
					"scope": "NONE",
					"permissions": [
						{
							"principal": "SELF",
							"action": "READ_ONLY"
						}
					],
					"master": {
						"type": "PROFILE_MASTER"
					}
				},
				"p20_wd_legalPrefix": {
					"title": "p20_wd_legalPrefix",
					"type": "string",
					"mutability": "READ_WRITE",
					"scope": "NONE",
					"permissions": [
						{
							"principal": "SELF",
							"action": "READ_ONLY"
						}
					],
					"master": {
						"type": "PROFILE_MASTER"
					}
				},
				"p20_wd_legalSuffix": {
					"title": "p20_wd_legalSuffix",
					"type": "string",
					"mutability": "READ_WRITE",
					"scope": "NONE",
					"permissions": [
						{
							"principal": "SELF",
							"action": "READ_ONLY"
						}
					],
					"master": {
						"type": "PROFILE_MASTER"
					}
				},
				"p20_wd_preferredFirstName": {
					"title": "p20_wd_preferredFirstName",
					"type": "string",
					"mutability": "READ_WRITE",
					"scope": "NONE",
					"permissions": [
						{
							"principal": "SELF",
							"action": "READ_ONLY"
						}
					],
					"master": {
						"type": "PROFILE_MASTER"
					}
				},
				"p20_wd_preferredLastName": {
					"title": "p20_wd_preferredLastName",
					"type": "string",
					"mutability": "READ_WRITE",
					"scope": "NONE",
					"permissions": [
						{
							"principal": "SELF",
							"action": "READ_ONLY"
						}
					],
					"master": {
						"type": "PROFILE_MASTER"
					}
				},
				"p20_wd_preferredPrefix": {
					"title": "p20_wd_preferredPrefix",
					"type": "string",
					"mutability": "READ_WRITE",
					"scope": "NONE",
					"permissions": [
						{
							"principal": "SELF",
							"action": "READ_ONLY"
						}
					],
					"master": {
						"type": "PROFILE_MASTER"
					}
				},
				"p20_wd_preferredSuffix": {
					"title": "p20_wd_preferredSuffix",
					"type": "string",
					"mutability": "READ_WRITE",
					"scope": "NONE",
					"permissions": [
						{
							"principal": "SELF",
							"action": "READ_ONLY"
						}
					],
					"master": {
						"type": "PROFILE_MASTER"
					}
				},
				"p20_wd_telephoneNumber": {
					"title": "p20_wd_telephoneNumber",
					"type": "string",
					"mutability": "READ_WRITE",
					"scope": "NONE",
					"permissions": [
						{
							"principal": "SELF",
							"action": "READ_ONLY"
						}
					],
					"master": {
						"type": "PROFILE_MASTER"
					}
				},
				"p20_wd_mobile": {
					"title": "p20_wd_mobile",
					"type": "string",
					"mutability": "READ_WRITE",
					"scope": "NONE",
					"permissions": [
						{
							"principal": "SELF",
							"action": "READ_ONLY"
						}
					],
					"master": {
						"type": "PROFILE_MASTER"
					}
				},
				"p20_wd_fax": {
					"title": "p20_wd_fax",
					"type": "string",
					"mutability": "READ_WRITE",
					"scope": "NONE",
					"permissions": [
						{
							"principal": "SELF",
							"action": "READ_ONLY"
						}
					],
					"master": {
						"type": "PROFILE_MASTER"
					}
				},
				"p20_wd_postalAddress": {
					"title": "p20_wd_postalAddress",
					"type": "string",
					"mutability": "READ_WRITE",
					"scope": "NONE",
					"permissions": [
						{
							"principal": "SELF",
							"action": "READ_ONLY"
						}
					],
					"master": {
						"type": "PROFILE_MASTER"
					}
				},
				"p20_wd_country": {
					"title": "p20_wd_country",
					"type": "string",
					"mutability": "READ_WRITE",
					"scope": "NONE",
					"permissions": [
						{
							"principal": "SELF",
							"action": "READ_ONLY"
						}
					],
					"master": {
						"type": "PROFILE_MASTER"
					}
				},
				"p20_wd_state": {
					"title": "p20_wd_state",
					"type": "string",
					"mutability": "READ_WRITE",
					"scope": "NONE",
					"permissions": [
						{
							"principal": "SELF",
							"action": "READ_ONLY"
						}
					],
					"master": {
						"type": "PROFILE_MASTER"
					}
				},
				"p20_wd_city": {
					"title": "p20_wd_city",
					"type": "string",
					"mutability": "READ_WRITE",
					"scope": "NONE",
					"permissions": [
						{
							"principal": "SELF",
							"action": "READ_ONLY"
						}
					],
					"master": {
						"type": "PROFILE_MASTER"
					}
				},
				"p20_wd_address": {
					"title": "p20_wd_address",
					"type": "string",
					"mutability": "READ_WRITE",
					"scope": "NONE",
					"permissions": [
						{
							"principal": "SELF",
							"action": "READ_ONLY"
						}
					],
					"master": {
						"type": "PROFILE_MASTER"
					}
				},
				"p20_wd_postalCode": {
					"title": "p20_wd_postalCode",
					"type": "string",
					"mutability": "READ_WRITE",
					"scope": "NONE",
					"permissions": [
						{
							"principal": "SELF",
							"action": "READ_ONLY"
						}
					],
					"master": {
						"type": "PROFILE_MASTER"
					}
				},
				"p20_wd_HRPartner": {
					"title": "p20_wd_HRPartner",
					"type": "string",
					"mutability": "READ_WRITE",
					"scope": "NONE",
					"permissions": [
						{
							"principal": "SELF",
							"action": "READ_ONLY"
						}
					],
					"master": {
						"type": "PROFILE_MASTER"
					}
				},
				"p20_wd_executiveDirector": {
					"title": "p20_wd_executiveDirector",
					"type": "string",
					"mutability": "READ_WRITE",
					"scope": "NONE",
					"permissions": [
						{
							"principal": "SELF",
							"action": "READ_ONLY"
						}
					],
					"master": {
						"type": "PROFILE_MASTER"
					}
				},
				"p20_wd_jobFamily": {
					"title": "p20_wd_jobFamily",
					"type": "string",
					"mutability": "READ_WRITE",
					"scope": "NONE",
					"permissions": [
						{
							"principal": "SELF",
							"action": "READ_ONLY"
						}
					],
					"master": {
						"type": "PROFILE_MASTER"
					}
				},
				"p20_wd_ssn": {
					"title": "p20_wd_ssn",
					"type": "string",
					"mutability": "READ_WRITE",
					"scope": "NONE",
					"permissions": [
						{
							"principal": "SELF",
							"action": "READ_ONLY"
						}
					],
					"master": {
						"type": "PROFILE_MASTER"
					}
				},
				"p20_wd_leaveOfAbsence": {
					"title": "p20_wd_leaveOfAbsence",
					"type": "boolean",
					"mutability": "READ_WRITE",
					"scope": "NONE",
					"permissions": [
						{
							"principal": "SELF",
							"action": "READ_ONLY"
						}
					],
					"master": {
						"type": "PROFILE_MASTER"
					}
				},
				"p20_wd_companyId": {
					"title": "p20_wd_companyId",
					"type": "string",
					"mutability": "READ_WRITE",
					"scope": "NONE",
					"permissions": [
						{
							"principal": "SELF",
							"action": "READ_ONLY"
						}
					],
					"master": {
						"type": "PROFILE_MASTER"
					}
				},
				"p20_wd_workerTypeDescriptor": {
					"title": "p20_wd_workerTypeDescriptor",
					"type": "string",
					"mutability": "READ_WRITE",
					"scope": "NONE",
					"permissions": [
						{
							"principal": "SELF",
							"action": "READ_ONLY"
						}
					],
					"master": {
						"type": "PROFILE_MASTER"
					}
				},
				"p20_wd_glPayType": {
					"title": "p20_wd_glPayType",
					"type": "string",
					"mutability": "READ_WRITE",
					"scope": "NONE",
					"permissions": [
						{
							"principal": "SELF",
							"action": "READ_ONLY"
						}
					],
					"master": {
						"type": "PROFILE_MASTER"
					}
				},
				"p20_wd_managerUserId": {
					"title": "p20_wd_managerUserId",
					"type": "string",
					"mutability": "READ_WRITE",
					"scope": "NONE",
					"permissions": [
						{
							"principal": "SELF",
							"action": "READ_ONLY"
						}
					],
					"master": {
						"type": "OKTA"
					}
				},
				"p20_wd_managerHRBU": {
					"title": "p20_wd_managerHRBU",
					"type": "string",
					"mutability": "READ_WRITE",
					"scope": "NONE",
					"permissions": [
						{
							"principal": "SELF",
							"action": "READ_ONLY"
						}
					],
					"master": {
						"type": "OKTA"
					}
				},
				"p20_wd_executiveDirectorUserId": {
					"title": "p20_wd_executiveDirectorUserId",
					"type": "string",
					"mutability": "READ_WRITE",
					"scope": "NONE",
					"permissions": [
						{
							"principal": "SELF",
							"action": "READ_ONLY"
						}
					],
					"master": {
						"type": "OKTA"
					}
				},
				"p20_wd_executiveDirectorHRBU": {
					"title": "p20_wd_executiveDirectorHRBU",
					"type": "string",
					"mutability": "READ_WRITE",
					"scope": "NONE",
					"permissions": [
						{
							"principal": "SELF",
							"action": "READ_ONLY"
						}
					],
					"master": {
						"type": "OKTA"
					}
				},
				"p20_wd_ouSelector": {
					"title": "p20_wd_ouSelector",
					"type": "string",
					"mutability": "READ_WRITE",
					"scope": "NONE",
					"permissions": [
						{
							"principal": "SELF",
							"action": "READ_ONLY"
						}
					],
					"master": {
						"type": "OKTA"
					}
				},
				"p20_wd_groupSelectors": {
					"title": "p20_wd_groupSelectors",
					"type": "string",
					"mutability": "READ_WRITE",
					"scope": "NONE",
					"permissions": [
						{
							"principal": "SELF",
							"action": "READ_ONLY"
						}
					],
					"master": {
						"type": "OKTA"
					}
				},
				"p20_wd_cn": {
					"title": "p20_wd_cn",
					"type": "string",
					"mutability": "READ_WRITE",
					"scope": "NONE",
					"permissions": [
						{
							"principal": "SELF",
							"action": "READ_ONLY"
						}
					],
					"master": {
						"type": "OKTA"
					}
				},
				"p20_wd_description": {
					"title": "p20_wd_description",
					"type": "string",
					"mutability": "READ_WRITE",
					"scope": "NONE",
					"permissions": [
						{
							"principal": "SELF",
							"action": "READ_ONLY"
						}
					],
					"master": {
						"type": "OKTA"
					}
				},
				"p20_wd_displayName": {
					"title": "p20_wd_displayName",
					"type": "string",
					"mutability": "READ_WRITE",
					"scope": "NONE",
					"permissions": [
						{
							"principal": "SELF",
							"action": "READ_ONLY"
						}
					],
					"master": {
						"type": "OKTA"
					}
				},
				"p20_wd_email_primary": {
					"title": "p20_wd_email_primary",
					"type": "string",
					"mutability": "READ_WRITE",
					"scope": "NONE",
					"permissions": [
						{
							"principal": "SELF",
							"action": "READ_ONLY"
						}
					],
					"master": {
						"type": "OKTA"
					}
				},
				"p20_wd_email_secondary": {
					"title": "p20_wd_email_secondary",
					"type": "string",
					"mutability": "READ_WRITE",
					"scope": "NONE",
					"permissions": [
						{
							"principal": "SELF",
							"action": "READ_ONLY"
						}
					],
					"master": {
						"type": "OKTA"
					}
				},
				"p20_wd_email_secondaryAdditional": {
					"title": "p20_wd_email_secondaryAdditional",
					"type": "string",
					"mutability": "READ_WRITE",
					"scope": "NONE",
					"permissions": [
						{
							"principal": "SELF",
							"action": "READ_ONLY"
						}
					],
					"master": {
						"type": "OKTA"
					}
				},
				"p20_wd_physicalDeliveryOfficeName": {
					"title": "p20_wd_physicalDeliveryOfficeName",
					"type": "string",
					"mutability": "READ_WRITE",
					"scope": "NONE",
					"permissions": [
						{
							"principal": "SELF",
							"action": "READ_ONLY"
						}
					],
					"master": {
						"type": "OKTA"
					}
				},
				"p20_wd_userPrincipalName": {
					"title": "p20_wd_userPrincipalName",
					"type": "string",
					"mutability": "READ_WRITE",
					"scope": "NONE",
					"permissions": [
						{
							"principal": "SELF",
							"action": "READ_ONLY"
						}
					],
					"master": {
						"type": "OKTA"
					}
				},
				"p20_ad_active": {
					"title": "p20_ad_active",
					"type": "boolean",
					"mutability": "READ_WRITE",
					"scope": "NONE",
					"permissions": [
						{
							"principal": "SELF",
							"action": "READ_ONLY"
						}
					],
					"master": {
						"type": "OKTA"
					}
				},
				"p20_ad_address": {
					"title": "p20_ad_address",
					"type": "string",
					"mutability": "READ_WRITE",
					"scope": "NONE",
					"permissions": [
						{
							"principal": "SELF",
							"action": "READ_ONLY"
						}
					],
					"master": {
						"type": "OKTA"
					}
				},
				"p20_ad_city": {
					"title": "p20_ad_city",
					"type": "string",
					"mutability": "READ_WRITE",
					"scope": "NONE",
					"permissions": [
						{
							"principal": "SELF",
							"action": "READ_ONLY"
						}
					],
					"master": {
						"type": "OKTA"
					}
				},
				"p20_ad_cn": {
					"title": "p20_ad_cn",
					"type": "string",
					"mutability": "READ_WRITE",
					"scope": "NONE",
					"permissions": [
						{
							"principal": "SELF",
							"action": "READ_ONLY"
						}
					],
					"master": {
						"type": "OKTA"
					}
				},
				"p20_ad_country": {
					"title": "p20_ad_country",
					"type": "string",
					"mutability": "READ_WRITE",
					"scope": "NONE",
					"permissions": [
						{
							"principal": "SELF",
							"action": "READ_ONLY"
						}
					],
					"master": {
						"type": "OKTA"
					}
				},
				"p20_ad_description": {
					"title": "p20_ad_description",
					"type": "string",
					"mutability": "READ_WRITE",
					"scope": "NONE",
					"permissions": [
						{
							"principal": "SELF",
							"action": "READ_ONLY"
						}
					],
					"master": {
						"type": "OKTA"
					}
				},
				"p20_ad_displayName": {
					"title": "p20_ad_displayName",
					"type": "string",
					"mutability": "READ_WRITE",
					"scope": "NONE",
					"permissions": [
						{
							"principal": "SELF",
							"action": "READ_ONLY"
						}
					],
					"master": {
						"type": "OKTA"
					}
				},
				"p20_ad_fax": {
					"title": "p20_ad_fax",
					"type": "string",
					"mutability": "READ_WRITE",
					"scope": "NONE",
					"permissions": [
						{
							"principal": "SELF",
							"action": "READ_ONLY"
						}
					],
					"master": {
						"type": "OKTA"
					}
				},
				"p20_ad_firstName": {
					"title": "p20_ad_firstName",
					"type": "string",
					"mutability": "READ_WRITE",
					"scope": "NONE",
					"permissions": [
						{
							"principal": "SELF",
							"action": "READ_ONLY"
						}
					],
					"master": {
						"type": "OKTA"
					}
				},
				"p20_ad_lastName": {
					"title": "p20_ad_lastName",
					"type": "string",
					"mutability": "READ_WRITE",
					"scope": "NONE",
					"permissions": [
						{
							"principal": "SELF",
							"action": "READ_ONLY"
						}
					],
					"master": {
						"type": "OKTA"
					}
				},
				"p20_ad_email_primary": {
					"title": "p20_ad_email_primary",
					"type": "string",
					"mutability": "READ_WRITE",
					"scope": "NONE",
					"permissions": [
						{
							"principal": "SELF",
							"action": "READ_ONLY"
						}
					],
					"master": {
						"type": "OKTA"
					}
				},
				"p20_ad_email_secondary": {
					"title": "p20_ad_email_secondary",
					"type": "string",
					"mutability": "READ_WRITE",
					"scope": "NONE",
					"permissions": [
						{
							"principal": "SELF",
							"action": "READ_ONLY"
						}
					],
					"master": {
						"type": "OKTA"
					}
				},
				"p20_ad_email_secondaryAdditional": {
					"title": "p20_ad_email_secondaryAdditional",
					"type": "string",
					"mutability": "READ_WRITE",
					"scope": "NONE",
					"permissions": [
						{
							"principal": "SELF",
							"action": "READ_ONLY"
						}
					],
					"master": {
						"type": "OKTA"
					}
				},
				"p20_ad_middleName": {
					"title": "p20_ad_middleName",
					"type": "string",
					"mutability": "READ_WRITE",
					"scope": "NONE",
					"permissions": [
						{
							"principal": "SELF",
							"action": "READ_ONLY"
						}
					],
					"master": {
						"type": "OKTA"
					}
				},
				"p20_ad_mobile": {
					"title": "p20_ad_mobile",
					"type": "string",
					"mutability": "READ_WRITE",
					"scope": "NONE",
					"permissions": [
						{
							"principal": "SELF",
							"action": "READ_ONLY"
						}
					],
					"master": {
						"type": "OKTA"
					}
				},
				"p20_ad_physicalDeliveryOfficeName": {
					"title": "p20_ad_physicalDeliveryOfficeName",
					"type": "string",
					"mutability": "READ_WRITE",
					"scope": "NONE",
					"permissions": [
						{
							"principal": "SELF",
							"action": "READ_ONLY"
						}
					],
					"master": {
						"type": "OKTA"
					}
				},
				"p20_ad_postalCode": {
					"title": "p20_ad_postalCode",
					"type": "string",
					"mutability": "READ_WRITE",
					"scope": "NONE",
					"permissions": [
						{
							"principal": "SELF",
							"action": "READ_ONLY"
						}
					],
					"master": {
						"type": "OKTA"
					}
				},
				"p20_ad_state": {
					"title": "p20_ad_state",
					"type": "string",
					"mutability": "READ_WRITE",
					"scope": "NONE",
					"permissions": [
						{
							"principal": "SELF",
							"action": "READ_ONLY"
						}
					],
					"master": {
						"type": "OKTA"
					}
				},
				"p20_ad_telephoneNumber": {
					"title": "p20_ad_telephoneNumber",
					"type": "string",
					"mutability": "READ_WRITE",
					"scope": "NONE",
					"permissions": [
						{
							"principal": "SELF",
							"action": "READ_ONLY"
						}
					],
					"master": {
						"type": "OKTA"
					}
				},
				"p20_ad_title": {
					"title": "p20_ad_title",
					"type": "string",
					"mutability": "READ_WRITE",
					"scope": "NONE",
					"permissions": [
						{
							"principal": "SELF",
							"action": "READ_ONLY"
						}
					],
					"master": {
						"type": "OKTA"
					}
				},
				"p20_ad_userId": {
					"title": "p20_ad_userId",
					"type": "string",
					"mutability": "READ_WRITE",
					"scope": "NONE",
					"permissions": [
						{
							"principal": "SELF",
							"action": "READ_ONLY"
						}
					],
					"master": {
						"type": "OKTA"
					}
				},
				"p20_ad_userPrincipalName": {
					"title": "p20_ad_userPrincipalName",
					"type": "string",
					"mutability": "READ_WRITE",
					"scope": "NONE",
					"permissions": [
						{
							"principal": "SELF",
							"action": "READ_ONLY"
						}
					],
					"master": {
						"type": "OKTA"
					}
				},
				"p20_ad_workerId": {
					"title": "p20_ad_workerId",
					"type": "string",
					"mutability": "READ_WRITE",
					"scope": "NONE",
					"permissions": [
						{
							"principal": "SELF",
							"action": "READ_ONLY"
						}
					],
					"master": {
						"type": "OKTA"
					}
				},
				"p20_ad_workerType": {
					"title": "p20_ad_workerType",
					"type": "string",
					"mutability": "READ_WRITE",
					"scope": "NONE",
					"permissions": [
						{
							"principal": "SELF",
							"action": "READ_ONLY"
						}
					],
					"master": {
						"type": "OKTA"
					}
				},
				"p20_ad_primaryGroupId": {
					"title": "p20_ad_primaryGroupId",
					"type": "string",
					"mutability": "READ_WRITE",
					"scope": "NONE",
					"permissions": [
						{
							"principal": "SELF",
							"action": "READ_ONLY"
						}
					],
					"master": {
						"type": "OKTA"
					}
				},
				"p20_ad_scriptPath": {
					"title": "p20_ad_scriptPath",
					"type": "string",
					"mutability": "READ_WRITE",
					"scope": "NONE",
					"permissions": [
						{
							"principal": "SELF",
							"action": "READ_ONLY"
						}
					],
					"master": {
						"type": "OKTA"
					}
				},
				"p20_ad_showInAddressBook": {
					"title": "p20_ad_showInAddressBook",
					"type": "string",
					"mutability": "READ_WRITE",
					"scope": "NONE",
					"permissions": [
						{
							"principal": "SELF",
							"action": "READ_ONLY"
						}
					],
					"master": {
						"type": "OKTA"
					}
				},
				"p20_ad_terminalServicesProfilePath": {
					"title": "p20_ad_terminalServicesProfilePath",
					"type": "string",
					"mutability": "READ_WRITE",
					"scope": "NONE",
					"permissions": [
						{
							"principal": "SELF",
							"action": "READ_ONLY"
						}
					],
					"master": {
						"type": "OKTA"
					}
				},
				"p20_ad_homeDirectory": {
					"title": "p20_ad_homeDirectory",
					"type": "string",
					"mutability": "READ_WRITE",
					"scope": "NONE",
					"permissions": [
						{
							"principal": "SELF",
							"action": "READ_ONLY"
						}
					],
					"master": {
						"type": "OKTA"
					}
				},
				"p20_ad_homeDrive": {
					"title": "p20_ad_homeDrive",
					"type": "string",
					"mutability": "READ_WRITE",
					"scope": "NONE",
					"permissions": [
						{
							"principal": "SELF",
							"action": "READ_ONLY"
						}
					],
					"master": {
						"type": "OKTA"
					}
				},
				"p20_ad_company": {
					"title": "p20_ad_company",
					"type": "string",
					"mutability": "READ_WRITE",
					"scope": "NONE",
					"permissions": [
						{
							"principal": "SELF",
							"action": "READ_ONLY"
						}
					],
					"master": {
						"type": "OKTA"
					}
				},
				"p20_ad_msExchRecipientTypeDetails": {
					"title": "p20_ad_msExchRecipientTypeDetails",
					"type": "string",
					"mutability": "READ_WRITE",
					"scope": "NONE",
					"permissions": [
						{
							"principal": "SELF",
							"action": "READ_ONLY"
						}
					],
					"master": {
						"type": "OKTA"
					}
				},
				"p20_ad_accountExpires": {
					"title": "p20_ad_accountExpires",
					"type": "string",
					"mutability": "READ_WRITE",
					"scope": "NONE",
					"permissions": [
						{
							"principal": "SELF",
							"action": "READ_ONLY"
						}
					],
					"master": {
						"type": "OKTA"
					}
				},
				"p20_ad_HRBU": {
					"title": "p20_ad_HRBU",
					"type": "string",
					"mutability": "READ_WRITE",
					"scope": "NONE",
					"permissions": [
						{
							"principal": "SELF",
							"action": "READ_ONLY"
						}
					],
					"master": {
						"type": "OKTA"
					}
				},
				"p20_ad_companyId": {
					"title": "p20_ad_companyId",
					"type": "string",
					"mutability": "READ_WRITE",
					"scope": "NONE",
					"permissions": [
						{
							"principal": "SELF",
							"action": "READ_ONLY"
						}
					],
					"master": {
						"type": "OKTA"
					}
				},
				"p20_ad_executiveDirector": {
					"title": "p20_ad_executiveDirector",
					"type": "string",
					"mutability": "READ_WRITE",
					"scope": "NONE",
					"permissions": [
						{
							"principal": "SELF",
							"action": "READ_ONLY"
						}
					],
					"master": {
						"type": "OKTA"
					}
				},
				"p20_ad_executiveDirectorHRBU": {
					"title": "p20_ad_executiveDirectorHRBU",
					"type": "string",
					"mutability": "READ_WRITE",
					"scope": "NONE",
					"permissions": [
						{
							"principal": "SELF",
							"action": "READ_ONLY"
						}
					],
					"master": {
						"type": "OKTA"
					}
				},
				"p20_ad_executiveDirectorUserId": {
					"title": "p20_ad_executiveDirectorUserId",
					"type": "string",
					"mutability": "READ_WRITE",
					"scope": "NONE",
					"permissions": [
						{
							"principal": "SELF",
							"action": "READ_ONLY"
						}
					],
					"master": {
						"type": "OKTA"
					}
				},
				"p20_ad_leaveOfAbsence": {
					"title": "p20_ad_leaveOfAbsence",
					"type": "boolean",
					"mutability": "READ_WRITE",
					"scope": "NONE",
					"permissions": [
						{
							"principal": "SELF",
							"action": "READ_ONLY"
						}
					],
					"master": {
						"type": "OKTA"
					}
				},
				"p20_ad_email": {
					"title": "p20_ad_email",
					"type": "string",
					"mutability": "READ_WRITE",
					"scope": "NONE",
					"permissions": [
						{
							"principal": "SELF",
							"action": "READ_ONLY"
						}
					],
					"master": {
						"type": "OKTA"
					}
				},
				"p20_ad_legalName": {
					"title": "p20_ad_legalName",
					"type": "string",
					"mutability": "READ_WRITE",
					"scope": "NONE",
					"permissions": [
						{
							"principal": "SELF",
							"action": "READ_ONLY"
						}
					],
					"master": {
						"type": "OKTA"
					}
				},
				"p20_ad_legalPrefix": {
					"title": "p20_ad_legalPrefix",
					"type": "string",
					"mutability": "READ_WRITE",
					"scope": "NONE",
					"permissions": [
						{
							"principal": "SELF",
							"action": "READ_ONLY"
						}
					],
					"master": {
						"type": "OKTA"
					}
				},
				"p20_ad_legalSuffix": {
					"title": "p20_ad_legalSuffix",
					"type": "string",
					"mutability": "READ_WRITE",
					"scope": "NONE",
					"permissions": [
						{
							"principal": "SELF",
							"action": "READ_ONLY"
						}
					],
					"master": {
						"type": "OKTA"
					}
				},
				"p20_ad_managerHRBU": {
					"title": "p20_ad_managerHRBU",
					"type": "string",
					"mutability": "READ_WRITE",
					"scope": "NONE",
					"permissions": [
						{
							"principal": "SELF",
							"action": "READ_ONLY"
						}
					],
					"master": {
						"type": "OKTA"
					}
				},
				"p20_ad_managerId": {
					"title": "p20_ad_managerId",
					"type": "string",
					"mutability": "READ_WRITE",
					"scope": "NONE",
					"permissions": [
						{
							"principal": "SELF",
							"action": "READ_ONLY"
						}
					],
					"master": {
						"type": "OKTA"
					}
				},
				"p20_ad_managerUserId": {
					"title": "p20_ad_managerUserId",
					"type": "string",
					"mutability": "READ_WRITE",
					"scope": "NONE",
					"permissions": [
						{
							"principal": "SELF",
							"action": "READ_ONLY"
						}
					],
					"master": {
						"type": "OKTA"
					}
				},
				"p20_ad_preferredFirstName": {
					"title": "p20_ad_preferredFirstName",
					"type": "string",
					"mutability": "READ_WRITE",
					"scope": "NONE",
					"permissions": [
						{
							"principal": "SELF",
							"action": "READ_ONLY"
						}
					],
					"master": {
						"type": "OKTA"
					}
				},
				"p20_ad_preferredLastName": {
					"title": "p20_ad_preferredLastName",
					"type": "string",
					"mutability": "READ_WRITE",
					"scope": "NONE",
					"permissions": [
						{
							"principal": "SELF",
							"action": "READ_ONLY"
						}
					],
					"master": {
						"type": "OKTA"
					}
				},
				"p20_ad_preferredPrefix": {
					"title": "p20_ad_preferredPrefix",
					"type": "string",
					"mutability": "READ_WRITE",
					"scope": "NONE",
					"permissions": [
						{
							"principal": "SELF",
							"action": "READ_ONLY"
						}
					],
					"master": {
						"type": "OKTA"
					}
				},
				"p20_ad_preferredSuffix": {
					"title": "p20_ad_preferredSuffix",
					"type": "string",
					"mutability": "READ_WRITE",
					"scope": "NONE",
					"permissions": [
						{
							"principal": "SELF",
							"action": "READ_ONLY"
						}
					],
					"master": {
						"type": "OKTA"
					}
				},
				"p20_ad_terminated": {
					"title": "p20_ad_terminated",
					"type": "boolean",
					"mutability": "READ_WRITE",
					"scope": "NONE",
					"permissions": [
						{
							"principal": "SELF",
							"action": "READ_ONLY"
						}
					],
					"master": {
						"type": "OKTA"
					}
				},
				"p20_ad_workerTypeDescriptor": {
					"title": "p20_ad_workerTypeDescriptor",
					"type": "string",
					"mutability": "READ_WRITE",
					"scope": "NONE",
					"permissions": [
						{
							"principal": "SELF",
							"action": "READ_ONLY"
						}
					],
					"master": {
						"type": "OKTA"
					}
				},
				"p20_ad_manager": {
					"title": "p20_ad_manager",
					"type": "string",
					"mutability": "READ_WRITE",
					"scope": "NONE",
					"permissions": [
						{
							"principal": "SELF",
							"action": "READ_ONLY"
						}
					],
					"master": {
						"type": "OKTA"
					}
				},
				"p20_wd_addressLastModified": {
					"title": "p20_wd_addressLastModified",
					"type": "string",
					"mutability": "READ_WRITE",
					"scope": "NONE",
					"permissions": [
						{
							"principal": "SELF",
							"action": "READ_ONLY"
						}
					],
					"master": {
						"type": "OKTA"
					}
				},
				"p20_ps_groups": {
					"title": "p20_ps_groups",
					"type": "string",
					"mutability": "READ_WRITE",
					"scope": "NONE",
					"permissions": [
						{
							"principal": "SELF",
							"action": "READ_ONLY"
						}
					],
					"master": {
						"type": "OKTA"
					}
				},
				"p20_ps_oldGroups": {
					"title": "p20_ps_oldGroups",
					"type": "string",
					"mutability": "READ_WRITE",
					"scope": "NONE",
					"permissions": [
						{
							"principal": "SELF",
							"action": "READ_ONLY"
						}
					],
					"master": {
						"type": "OKTA"
					}
				},
				"p20_ps_ou": {
					"title": "p20_ps_ou",
					"type": "string",
					"mutability": "READ_WRITE",
					"scope": "NONE",
					"permissions": [
						{
							"principal": "SELF",
							"action": "READ_ONLY"
						}
					],
					"master": {
						"type": "OKTA"
					}
				},
				"p20_ps_HRPartner": {
					"title": "p20_ps_HRPartner",
					"type": "string",
					"mutability": "READ_WRITE",
					"scope": "NONE",
					"permissions": [
						{
							"principal": "SELF",
							"action": "READ_ONLY"
						}
					],
					"master": {
						"type": "OKTA"
					}
				},
				"p20_ps_dateActivated": {
					"title": "p20_ps_dateActivated",
					"type": "string",
					"mutability": "READ_WRITE",
					"scope": "NONE",
					"permissions": [
						{
							"principal": "SELF",
							"action": "READ_ONLY"
						}
					],
					"master": {
						"type": "OKTA"
					}
				},
				"p20_ps_ssn": {
					"title": "p20_ps_ssn",
					"type": "string",
					"mutability": "READ_WRITE",
					"scope": "NONE",
					"permissions": [
						{
							"principal": "SELF",
							"action": "READ_ONLY"
						}
					],
					"master": {
						"type": "OKTA"
					}
				},
				"p20_ps_jobFamily": {
					"title": "p20_ps_jobFamily",
					"type": "string",
					"mutability": "READ_WRITE",
					"scope": "NONE",
					"permissions": [
						{
							"principal": "SELF",
							"action": "READ_ONLY"
						}
					],
					"master": {
						"type": "OKTA"
					}
				},
				"p20_ps_hireDate": {
					"title": "p20_ps_hireDate",
					"type": "string",
					"mutability": "READ_WRITE",
					"scope": "NONE",
					"permissions": [
						{
							"principal": "SELF",
							"action": "READ_ONLY"
						}
					],
					"master": {
						"type": "OKTA"
					}
				},
				"p20_ps_glPayType": {
					"title": "p20_ps_glPayType",
					"type": "string",
					"mutability": "READ_WRITE",
					"scope": "NONE",
					"permissions": [
						{
							"principal": "SELF",
							"action": "READ_ONLY"
						}
					],
					"master": {
						"type": "OKTA"
					}
				},
				"p20_ps_positionEffectiveDate": {
					"title": "p20_ps_positionEffectiveDate",
					"type": "string",
					"mutability": "READ_WRITE",
					"scope": "NONE",
					"permissions": [
						{
							"principal": "SELF",
							"action": "READ_ONLY"
						}
					],
					"master": {
						"type": "OKTA"
					}
				},
				"p20_ps_uid": {
					"title": "p20_ps_uid",
					"type": "string",
					"mutability": "READ_WRITE",
					"scope": "NONE",
					"permissions": [
						{
							"principal": "SELF",
							"action": "READ_ONLY"
						}
					],
					"master": {
						"type": "OKTA"
					}
				},
				"p20_ps_accountExpires": {
					"title": "p20_ps_accountExpires",
					"type": "string",
					"mutability": "READ_WRITE",
					"scope": "NONE",
					"permissions": [
						{
							"principal": "SELF",
							"action": "READ_ONLY"
						}
					],
					"master": {
						"type": "OKTA"
					}
				},
				"p20_ps_company": {
					"title": "p20_ps_company",
					"type": "string",
					"mutability": "READ_WRITE",
					"scope": "NONE",
					"permissions": [
						{
							"principal": "SELF",
							"action": "READ_ONLY"
						}
					],
					"master": {
						"type": "OKTA"
					}
				},
				"p20_ps_homeDirectory": {
					"title": "p20_ps_homeDirectory",
					"type": "string",
					"mutability": "READ_WRITE",
					"scope": "NONE",
					"permissions": [
						{
							"principal": "SELF",
							"action": "READ_ONLY"
						}
					],
					"master": {
						"type": "OKTA"
					}
				},
				"p20_ps_homeDrive": {
					"title": "p20_ps_homeDrive",
					"type": "string",
					"mutability": "READ_WRITE",
					"scope": "NONE",
					"permissions": [
						{
							"principal": "SELF",
							"action": "READ_ONLY"
						}
					],
					"master": {
						"type": "OKTA"
					}
				},
				"p20_ps_msExchRecipientTypeDetails": {
					"title": "p20_ps_msExchRecipientTypeDetails",
					"type": "string",
					"mutability": "READ_WRITE",
					"scope": "NONE",
					"permissions": [
						{
							"principal": "SELF",
							"action": "READ_ONLY"
						}
					],
					"master": {
						"type": "OKTA"
					}
				},
				"p20_ps_showInAddressBook": {
					"title": "p20_ps_showInAddressBook",
					"type": "string",
					"mutability": "READ_WRITE",
					"scope": "NONE",
					"permissions": [
						{
							"principal": "SELF",
							"action": "READ_ONLY"
						}
					],
					"master": {
						"type": "OKTA"
					}
				},
				"p20_ps_scriptPath": {
					"title": "p20_ps_scriptPath",
					"type": "string",
					"mutability": "READ_WRITE",
					"scope": "NONE",
					"permissions": [
						{
							"principal": "SELF",
							"action": "READ_ONLY"
						}
					],
					"master": {
						"type": "OKTA"
					}
				},
				"p20_ps_primaryGroupId": {
					"title": "p20_ps_primaryGroupId",
					"type": "string",
					"mutability": "READ_WRITE",
					"scope": "NONE",
					"permissions": [
						{
							"principal": "SELF",
							"action": "READ_ONLY"
						}
					],
					"master": {
						"type": "OKTA"
					}
				},
				"p20_ps_terminalServicesProfilePath": {
					"title": "p20_ps_terminalServicesProfilePath",
					"type": "string",
					"mutability": "READ_WRITE",
					"scope": "NONE",
					"permissions": [
						{
							"principal": "SELF",
							"action": "READ_ONLY"
						}
					],
					"master": {
						"type": "OKTA"
					}
				},
				"p20_ps_managerDn": {
					"title": "p20_ps_managerDn",
					"type": "string",
					"mutability": "READ_WRITE",
					"scope": "NONE",
					"permissions": [
						{
							"principal": "SELF",
							"action": "READ_ONLY"
						}
					],
					"master": {
						"type": "OKTA"
					}
				},
				"p20_ps_oldHRBU": {
					"title": "p20_ps_oldHRBU",
					"type": "string",
					"mutability": "READ_WRITE",
					"scope": "NONE",
					"permissions": [
						{
							"principal": "SELF",
							"action": "READ_ONLY"
						}
					],
					"master": {
						"type": "OKTA"
					}
				},
				"p20_ps_HRBU": {
					"title": "p20_ps_HRBU",
					"type": "string",
					"mutability": "READ_WRITE",
					"scope": "NONE",
					"permissions": [
						{
							"principal": "SELF",
							"action": "READ_ONLY"
						}
					],
					"master": {
						"type": "OKTA"
					}
				},
				"p20_ps_active": {
					"title": "p20_ps_active",
					"type": "boolean",
					"mutability": "READ_WRITE",
					"scope": "NONE",
					"permissions": [
						{
							"principal": "SELF",
							"action": "READ_ONLY"
						}
					],
					"master": {
						"type": "OKTA"
					}
				},
				"p20_ps_oldAddress": {
					"title": "p20_ps_oldAddress",
					"type": "string",
					"mutability": "READ_WRITE",
					"scope": "NONE",
					"permissions": [
						{
							"principal": "SELF",
							"action": "READ_ONLY"
						}
					],
					"master": {
						"type": "OKTA"
					}
				},
				"p20_ps_address": {
					"title": "p20_ps_address",
					"type": "string",
					"mutability": "READ_WRITE",
					"scope": "NONE",
					"permissions": [
						{
							"principal": "SELF",
							"action": "READ_ONLY"
						}
					],
					"master": {
						"type": "OKTA"
					}
				},
				"p20_ps_oldCity": {
					"title": "p20_ps_oldCity",
					"type": "string",
					"mutability": "READ_WRITE",
					"scope": "NONE",
					"permissions": [
						{
							"principal": "SELF",
							"action": "READ_ONLY"
						}
					],
					"master": {
						"type": "OKTA"
					}
				},
				"p20_ps_city": {
					"title": "p20_ps_city",
					"type": "string",
					"mutability": "READ_WRITE",
					"scope": "NONE",
					"permissions": [
						{
							"principal": "SELF",
							"action": "READ_ONLY"
						}
					],
					"master": {
						"type": "OKTA"
					}
				},
				"p20_ps_cn": {
					"title": "p20_ps_cn",
					"type": "string",
					"mutability": "READ_WRITE",
					"scope": "NONE",
					"permissions": [
						{
							"principal": "SELF",
							"action": "READ_ONLY"
						}
					],
					"master": {
						"type": "OKTA"
					}
				},
				"p20_ps_oldCompanyId": {
					"title": "p20_ps_oldCompanyId",
					"type": "string",
					"mutability": "READ_WRITE",
					"scope": "NONE",
					"permissions": [
						{
							"principal": "SELF",
							"action": "READ_ONLY"
						}
					],
					"master": {
						"type": "OKTA"
					}
				},
				"p20_ps_companyId": {
					"title": "p20_ps_companyId",
					"type": "string",
					"mutability": "READ_WRITE",
					"scope": "NONE",
					"permissions": [
						{
							"principal": "SELF",
							"action": "READ_ONLY"
						}
					],
					"master": {
						"type": "OKTA"
					}
				},
				"p20_ps_country": {
					"title": "p20_ps_country",
					"type": "string",
					"mutability": "READ_WRITE",
					"scope": "NONE",
					"permissions": [
						{
							"principal": "SELF",
							"action": "READ_ONLY"
						}
					],
					"master": {
						"type": "OKTA"
					}
				},
				"p20_ps_description": {
					"title": "p20_ps_description",
					"type": "string",
					"mutability": "READ_WRITE",
					"scope": "NONE",
					"permissions": [
						{
							"principal": "SELF",
							"action": "READ_ONLY"
						}
					],
					"master": {
						"type": "OKTA"
					}
				},
				"p20_ps_displayName": {
					"title": "p20_ps_displayName",
					"type": "string",
					"mutability": "READ_WRITE",
					"scope": "NONE",
					"permissions": [
						{
							"principal": "SELF",
							"action": "READ_ONLY"
						}
					],
					"master": {
						"type": "OKTA"
					}
				},
				"p20_ps_emailPrimary": {
					"title": "p20_ps_emailPrimary",
					"type": "string",
					"mutability": "READ_WRITE",
					"scope": "NONE",
					"permissions": [
						{
							"principal": "SELF",
							"action": "READ_ONLY"
						}
					],
					"master": {
						"type": "OKTA"
					}
				},
				"p20_ps_emailSecondaryAdditional": {
					"title": "p20_ps_emailSecondaryAdditional",
					"type": "string",
					"mutability": "READ_WRITE",
					"scope": "NONE",
					"permissions": [
						{
							"principal": "SELF",
							"action": "READ_ONLY"
						}
					],
					"master": {
						"type": "OKTA"
					}
				},
				"p20_ps_emailSecondary": {
					"title": "p20_ps_emailSecondary",
					"type": "string",
					"mutability": "READ_WRITE",
					"scope": "NONE",
					"permissions": [
						{
							"principal": "SELF",
							"action": "READ_ONLY"
						}
					],
					"master": {
						"type": "OKTA"
					}
				},
				"p20_ps_oldEmployee": {
					"title": "p20_ps_oldEmployee",
					"type": "boolean",
					"mutability": "READ_WRITE",
					"scope": "NONE",
					"permissions": [
						{
							"principal": "SELF",
							"action": "READ_ONLY"
						}
					],
					"master": {
						"type": "OKTA"
					}
				},
				"p20_ps_employee": {
					"title": "p20_ps_employee",
					"type": "boolean",
					"mutability": "READ_WRITE",
					"scope": "NONE",
					"permissions": [
						{
							"principal": "SELF",
							"action": "READ_ONLY"
						}
					],
					"master": {
						"type": "OKTA"
					}
				},
				"p20_ps_oldExecutiveDirectorHRBU": {
					"title": "p20_ps_oldExecutiveDirectorHRBU",
					"type": "string",
					"mutability": "READ_WRITE",
					"scope": "NONE",
					"permissions": [
						{
							"principal": "SELF",
							"action": "READ_ONLY"
						}
					],
					"master": {
						"type": "OKTA"
					}
				},
				"p20_ps_executiveDirectorHRBU": {
					"title": "p20_ps_executiveDirectorHRBU",
					"type": "string",
					"mutability": "READ_WRITE",
					"scope": "NONE",
					"permissions": [
						{
							"principal": "SELF",
							"action": "READ_ONLY"
						}
					],
					"master": {
						"type": "OKTA"
					}
				},
				"p20_ps_oldExecutiveDirectorUserId": {
					"title": "p20_ps_oldExecutiveDirectorUserId",
					"type": "string",
					"mutability": "READ_WRITE",
					"scope": "NONE",
					"permissions": [
						{
							"principal": "SELF",
							"action": "READ_ONLY"
						}
					],
					"master": {
						"type": "OKTA"
					}
				},
				"p20_ps_executiveDirectorUserId": {
					"title": "p20_ps_executiveDirectorUserId",
					"type": "string",
					"mutability": "READ_WRITE",
					"scope": "NONE",
					"permissions": [
						{
							"principal": "SELF",
							"action": "READ_ONLY"
						}
					],
					"master": {
						"type": "OKTA"
					}
				},
				"p20_ps_oldExecutiveDirector": {
					"title": "p20_ps_oldExecutiveDirector",
					"type": "string",
					"mutability": "READ_WRITE",
					"scope": "NONE",
					"permissions": [
						{
							"principal": "SELF",
							"action": "READ_ONLY"
						}
					],
					"master": {
						"type": "OKTA"
					}
				},
				"p20_ps_executiveDirector": {
					"title": "p20_ps_executiveDirector",
					"type": "string",
					"mutability": "READ_WRITE",
					"scope": "NONE",
					"permissions": [
						{
							"principal": "SELF",
							"action": "READ_ONLY"
						}
					],
					"master": {
						"type": "OKTA"
					}
				},
				"p20_ps_fax": {
					"title": "p20_ps_fax",
					"type": "string",
					"mutability": "READ_WRITE",
					"scope": "NONE",
					"permissions": [
						{
							"principal": "SELF",
							"action": "READ_ONLY"
						}
					],
					"master": {
						"type": "OKTA"
					}
				},
				"p20_ps_oldFirstName": {
					"title": "p20_ps_oldFirstName",
					"type": "string",
					"mutability": "READ_WRITE",
					"scope": "NONE",
					"permissions": [
						{
							"principal": "SELF",
							"action": "READ_ONLY"
						}
					],
					"master": {
						"type": "OKTA"
					}
				},
				"p20_ps_firstName": {
					"title": "p20_ps_firstName",
					"type": "string",
					"mutability": "READ_WRITE",
					"scope": "NONE",
					"permissions": [
						{
							"principal": "SELF",
							"action": "READ_ONLY"
						}
					],
					"master": {
						"type": "OKTA"
					}
				},
				"p20_ps_oldLastName": {
					"title": "p20_ps_oldLastName",
					"type": "string",
					"mutability": "READ_WRITE",
					"scope": "NONE",
					"permissions": [
						{
							"principal": "SELF",
							"action": "READ_ONLY"
						}
					],
					"master": {
						"type": "OKTA"
					}
				},
				"p20_ps_lastName": {
					"title": "p20_ps_lastName",
					"type": "string",
					"mutability": "READ_WRITE",
					"scope": "NONE",
					"permissions": [
						{
							"principal": "SELF",
							"action": "READ_ONLY"
						}
					],
					"master": {
						"type": "OKTA"
					}
				},
				"p20_ps_oldLeaveOfAbsence": {
					"title": "p20_ps_oldLeaveOfAbsence",
					"type": "boolean",
					"mutability": "READ_WRITE",
					"scope": "NONE",
					"permissions": [
						{
							"principal": "SELF",
							"action": "READ_ONLY"
						}
					],
					"master": {
						"type": "OKTA"
					}
				},
				"p20_ps_leaveOfAbsence": {
					"title": "p20_ps_leaveOfAbsence",
					"type": "boolean",
					"mutability": "READ_WRITE",
					"scope": "NONE",
					"permissions": [
						{
							"principal": "SELF",
							"action": "READ_ONLY"
						}
					],
					"master": {
						"type": "OKTA"
					}
				},
				"p20_ps_oldLegalName": {
					"title": "p20_ps_oldLegalName",
					"type": "string",
					"mutability": "READ_WRITE",
					"scope": "NONE",
					"permissions": [
						{
							"principal": "SELF",
							"action": "READ_ONLY"
						}
					],
					"master": {
						"type": "OKTA"
					}
				},
				"p20_ps_legalName": {
					"title": "p20_ps_legalName",
					"type": "string",
					"mutability": "READ_WRITE",
					"scope": "NONE",
					"permissions": [
						{
							"principal": "SELF",
							"action": "READ_ONLY"
						}
					],
					"master": {
						"type": "OKTA"
					}
				},
				"p20_ps_oldLegalPrefix": {
					"title": "p20_ps_oldLegalPrefix",
					"type": "string",
					"mutability": "READ_WRITE",
					"scope": "NONE",
					"permissions": [
						{
							"principal": "SELF",
							"action": "READ_ONLY"
						}
					],
					"master": {
						"type": "OKTA"
					}
				},
				"p20_ps_legalPrefix": {
					"title": "p20_ps_legalPrefix",
					"type": "string",
					"mutability": "READ_WRITE",
					"scope": "NONE",
					"permissions": [
						{
							"principal": "SELF",
							"action": "READ_ONLY"
						}
					],
					"master": {
						"type": "OKTA"
					}
				},
				"p20_ps_oldLegalSuffix": {
					"title": "p20_ps_oldLegalSuffix",
					"type": "string",
					"mutability": "READ_WRITE",
					"scope": "NONE",
					"permissions": [
						{
							"principal": "SELF",
							"action": "READ_ONLY"
						}
					],
					"master": {
						"type": "OKTA"
					}
				},
				"p20_ps_legalSuffix": {
					"title": "p20_ps_legalSuffix",
					"type": "string",
					"mutability": "READ_WRITE",
					"scope": "NONE",
					"permissions": [
						{
							"principal": "SELF",
							"action": "READ_ONLY"
						}
					],
					"master": {
						"type": "OKTA"
					}
				},
				"p20_ps_oldManagerHRBU": {
					"title": "p20_ps_oldManagerHRBU",
					"type": "string",
					"mutability": "READ_WRITE",
					"scope": "NONE",
					"permissions": [
						{
							"principal": "SELF",
							"action": "READ_ONLY"
						}
					],
					"master": {
						"type": "OKTA"
					}
				},
				"p20_ps_managerHRBU": {
					"title": "p20_ps_managerHRBU",
					"type": "string",
					"mutability": "READ_WRITE",
					"scope": "NONE",
					"permissions": [
						{
							"principal": "SELF",
							"action": "READ_ONLY"
						}
					],
					"master": {
						"type": "OKTA"
					}
				},
				"p20_ps_oldManagerId": {
					"title": "p20_ps_oldManagerId",
					"type": "string",
					"mutability": "READ_WRITE",
					"scope": "NONE",
					"permissions": [
						{
							"principal": "SELF",
							"action": "READ_ONLY"
						}
					],
					"master": {
						"type": "OKTA"
					}
				},
				"p20_ps_managerId": {
					"title": "p20_ps_managerId",
					"type": "string",
					"mutability": "READ_WRITE",
					"scope": "NONE",
					"permissions": [
						{
							"principal": "SELF",
							"action": "READ_ONLY"
						}
					],
					"master": {
						"type": "OKTA"
					}
				},
				"p20_ps_oldManagerUserId": {
					"title": "p20_ps_oldManagerUserId",
					"type": "string",
					"mutability": "READ_WRITE",
					"scope": "NONE",
					"permissions": [
						{
							"principal": "SELF",
							"action": "READ_ONLY"
						}
					],
					"master": {
						"type": "OKTA"
					}
				},
				"p20_ps_managerUserId": {
					"title": "p20_ps_managerUserId",
					"type": "string",
					"mutability": "READ_WRITE",
					"scope": "NONE",
					"permissions": [
						{
							"principal": "SELF",
							"action": "READ_ONLY"
						}
					],
					"master": {
						"type": "OKTA"
					}
				},
				"p20_ps_middleName": {
					"title": "p20_ps_middleName",
					"type": "string",
					"mutability": "READ_WRITE",
					"scope": "NONE",
					"permissions": [
						{
							"principal": "SELF",
							"action": "READ_ONLY"
						}
					],
					"master": {
						"type": "OKTA"
					}
				},
				"p20_ps_mobile": {
					"title": "p20_ps_mobile",
					"type": "string",
					"mutability": "READ_WRITE",
					"scope": "NONE",
					"permissions": [
						{
							"principal": "SELF",
							"action": "READ_ONLY"
						}
					],
					"master": {
						"type": "OKTA"
					}
				},
				"p20_ps_physicalDeliveryOfficeName": {
					"title": "p20_ps_physicalDeliveryOfficeName",
					"type": "string",
					"mutability": "READ_WRITE",
					"scope": "NONE",
					"permissions": [
						{
							"principal": "SELF",
							"action": "READ_ONLY"
						}
					],
					"master": {
						"type": "OKTA"
					}
				},
				"p20_ps_postalAddress": {
					"title": "p20_ps_postalAddress",
					"type": "string",
					"mutability": "READ_WRITE",
					"scope": "NONE",
					"permissions": [
						{
							"principal": "SELF",
							"action": "READ_ONLY"
						}
					],
					"master": {
						"type": "OKTA"
					}
				},
				"p20_ps_postalCode": {
					"title": "p20_ps_postalCode",
					"type": "string",
					"mutability": "READ_WRITE",
					"scope": "NONE",
					"permissions": [
						{
							"principal": "SELF",
							"action": "READ_ONLY"
						}
					],
					"master": {
						"type": "OKTA"
					}
				},
				"p20_ps_oldPreferredFirstName": {
					"title": "p20_ps_oldPreferredFirstName",
					"type": "string",
					"mutability": "READ_WRITE",
					"scope": "NONE",
					"permissions": [
						{
							"principal": "SELF",
							"action": "READ_ONLY"
						}
					],
					"master": {
						"type": "OKTA"
					}
				},
				"p20_ps_preferredFirstName": {
					"title": "p20_ps_preferredFirstName",
					"type": "string",
					"mutability": "READ_WRITE",
					"scope": "NONE",
					"permissions": [
						{
							"principal": "SELF",
							"action": "READ_ONLY"
						}
					],
					"master": {
						"type": "OKTA"
					}
				},
				"p20_ps_oldPreferredLastName": {
					"title": "p20_ps_oldPreferredLastName",
					"type": "string",
					"mutability": "READ_WRITE",
					"scope": "NONE",
					"permissions": [
						{
							"principal": "SELF",
							"action": "READ_ONLY"
						}
					],
					"master": {
						"type": "OKTA"
					}
				},
				"p20_ps_preferredLastName": {
					"title": "p20_ps_preferredLastName",
					"type": "string",
					"mutability": "READ_WRITE",
					"scope": "NONE",
					"permissions": [
						{
							"principal": "SELF",
							"action": "READ_ONLY"
						}
					],
					"master": {
						"type": "OKTA"
					}
				},
				"p20_ps_oldPreferredPrefix": {
					"title": "p20_ps_oldPreferredPrefix",
					"type": "string",
					"mutability": "READ_WRITE",
					"scope": "NONE",
					"permissions": [
						{
							"principal": "SELF",
							"action": "READ_ONLY"
						}
					],
					"master": {
						"type": "OKTA"
					}
				},
				"p20_ps_preferredPrefix": {
					"title": "p20_ps_preferredPrefix",
					"type": "string",
					"mutability": "READ_WRITE",
					"scope": "NONE",
					"permissions": [
						{
							"principal": "SELF",
							"action": "READ_ONLY"
						}
					],
					"master": {
						"type": "OKTA"
					}
				},
				"p20_ps_oldPreferredSuffix": {
					"title": "p20_ps_oldPreferredSuffix",
					"type": "string",
					"mutability": "READ_WRITE",
					"scope": "NONE",
					"permissions": [
						{
							"principal": "SELF",
							"action": "READ_ONLY"
						}
					],
					"master": {
						"type": "OKTA"
					}
				},
				"p20_ps_preferredSuffix": {
					"title": "p20_ps_preferredSuffix",
					"type": "string",
					"mutability": "READ_WRITE",
					"scope": "NONE",
					"permissions": [
						{
							"principal": "SELF",
							"action": "READ_ONLY"
						}
					],
					"master": {
						"type": "OKTA"
					}
				},
				"p20_ps_state": {
					"title": "p20_ps_state",
					"type": "string",
					"mutability": "READ_WRITE",
					"scope": "NONE",
					"permissions": [
						{
							"principal": "SELF",
							"action": "READ_ONLY"
						}
					],
					"master": {
						"type": "OKTA"
					}
				},
				"p20_ps_telephoneNumber": {
					"title": "p20_ps_telephoneNumber",
					"type": "string",
					"mutability": "READ_WRITE",
					"scope": "NONE",
					"permissions": [
						{
							"principal": "SELF",
							"action": "READ_ONLY"
						}
					],
					"master": {
						"type": "OKTA"
					}
				},
				"p20_ps_title": {
					"title": "p20_ps_title",
					"type": "string",
					"mutability": "READ_WRITE",
					"scope": "NONE",
					"permissions": [
						{
							"principal": "SELF",
							"action": "READ_ONLY"
						}
					],
					"master": {
						"type": "OKTA"
					}
				},
				"p20_ps_userId": {
					"title": "p20_ps_userId",
					"type": "string",
					"mutability": "READ_WRITE",
					"scope": "NONE",
					"permissions": [
						{
							"principal": "SELF",
							"action": "READ_ONLY"
						}
					],
					"master": {
						"type": "OKTA"
					}
				},
				"p20_ps_userPrincipalName": {
					"title": "p20_ps_userPrincipalName",
					"type": "string",
					"mutability": "READ_WRITE",
					"scope": "NONE",
					"permissions": [
						{
							"principal": "SELF",
							"action": "READ_ONLY"
						}
					],
					"master": {
						"type": "OKTA"
					}
				},
				"p20_ps_workerId": {
					"title": "p20_ps_workerId",
					"type": "string",
					"mutability": "READ_WRITE",
					"scope": "NONE",
					"permissions": [
						{
							"principal": "SELF",
							"action": "READ_ONLY"
						}
					],
					"master": {
						"type": "OKTA"
					}
				},
				"p20_ps_oldWorkerTypeDescriptor": {
					"title": "p20_ps_oldWorkerTypeDescriptor",
					"type": "string",
					"mutability": "READ_WRITE",
					"scope": "NONE",
					"permissions": [
						{
							"principal": "SELF",
							"action": "READ_ONLY"
						}
					],
					"master": {
						"type": "OKTA"
					}
				},
				"p20_ps_workerTypeDescriptor": {
					"title": "p20_ps_workerTypeDescriptor",
					"type": "string",
					"mutability": "READ_WRITE",
					"scope": "NONE",
					"permissions": [
						{
							"principal": "SELF",
							"action": "READ_ONLY"
						}
					],
					"master": {
						"type": "OKTA"
					}
				},
				"p20_ps_workerType": {
					"title": "p20_ps_workerType",
					"type": "string",
					"mutability": "READ_WRITE",
					"scope": "NONE",
					"permissions": [
						{
							"principal": "SELF",
							"action": "READ_ONLY"
						}
					],
					"master": {
						"type": "OKTA"
					}
				},
				"p20_evt_context": {
					"title": "p20_evt_context",
					"type": "string",
					"mutability": "READ_WRITE",
					"scope": "NONE",
					"permissions": [
						{
							"principal": "SELF",
							"action": "READ_ONLY"
						}
					],
					"master": {
						"type": "OKTA"
					}
				},
				"p20_evt_importCompleted": {
					"title": "p20_evt_importCompleted",
					"type": "boolean",
					"mutability": "READ_WRITE",
					"scope": "NONE",
					"permissions": [
						{
							"principal": "SELF",
							"action": "READ_ONLY"
						}
					],
					"master": {
						"type": "OKTA"
					}
				},
				"p20_evt_id": {
					"title": "p20_evt_id",
					"type": "string",
					"mutability": "READ_WRITE",
					"scope": "NONE",
					"permissions": [
						{
							"principal": "SELF",
							"action": "READ_ONLY"
						}
					],
					"master": {
						"type": "OKTA"
					}
				},
				"p20_evt_scenario": {
					"title": "p20_evt_scenario",
					"type": "string",
					"mutability": "READ_WRITE",
					"scope": "NONE",
					"permissions": [
						{
							"principal": "SELF",
							"action": "READ_ONLY"
						}
					],
					"master": {
						"type": "OKTA"
					}
				},
				"p20_evt_stage": {
					"title": "p20_evt_stage",
					"type": "string",
					"mutability": "READ_WRITE",
					"scope": "NONE",
					"permissions": [
						{
							"principal": "SELF",
							"action": "READ_ONLY"
						}
					],
					"master": {
						"type": "OKTA"
					}
				},
				"p20_ps_oktaUserId": {
					"title": "p20_ps_oktaUserId",
					"type": "string",
					"mutability": "READ_WRITE",
					"scope": "NONE",
					"permissions": [
						{
							"principal": "SELF",
							"action": "READ_ONLY"
						}
					],
					"master": {
						"type": "OKTA"
					}
				},
				"p20_ps_oldUserPrincipalName": {
					"title": "p20_ps_oldUserPrincipalName",
					"type": "string",
					"mutability": "READ_WRITE",
					"scope": "NONE",
					"permissions": [
						{
							"principal": "SELF",
							"action": "READ_ONLY"
						}
					],
					"master": {
						"type": "OKTA"
					}
				},
				"p20_ps_oldHomeDirectory": {
					"title": "p20_ps_oldHomeDirectory",
					"type": "string",
					"mutability": "READ_WRITE",
					"scope": "NONE",
					"permissions": [
						{
							"principal": "SELF",
							"action": "READ_ONLY"
						}
					],
					"master": {
						"type": "OKTA"
					}
				},
				"p20_ad_info": {
					"title": "p20_ad_info",
					"type": "string",
					"mutability": "READ_WRITE",
					"scope": "NONE",
					"permissions": [
						{
							"principal": "SELF",
							"action": "READ_ONLY"
						}
					],
					"master": {
						"type": "OKTA"
					}
				},
				"p20_ps_info": {
					"title": "p20_ps_info",
					"type": "string",
					"mutability": "READ_WRITE",
					"scope": "NONE",
					"permissions": [
						{
							"principal": "SELF",
							"action": "READ_ONLY"
						}
					],
					"master": {
						"type": "OKTA"
					}
				},
				"p20_ps_managerObject": {
					"title": "p20_ps_managerObject",
					"type": "string",
					"mutability": "READ_WRITE",
					"scope": "NONE",
					"permissions": [
						{
							"principal": "SELF",
							"action": "READ_ONLY"
						}
					],
					"master": {
						"type": "OKTA"
					}
				},
				"p20_ps_associatedAccountsTermination": {
					"title": "p20_ps_associatedAccountsTermination",
					"type": "string",
					"mutability": "READ_WRITE",
					"scope": "NONE",
					"permissions": [
						{
							"principal": "SELF",
							"action": "READ_ONLY"
						}
					],
					"master": {
						"type": "OKTA"
					}
				},
				"p20_ad_postalAddress": {
					"title": "p20_ad_postalAddress",
					"type": "string",
					"mutability": "READ_WRITE",
					"scope": "NONE",
					"permissions": [
						{
							"principal": "SELF",
							"action": "READ_ONLY"
						}
					],
					"master": {
						"type": "OKTA"
					}
				},
				"p20_ad_postalAddressArray": {
					"title": "p20_ad_postalAddressArray",
					"type": "array",
					"mutability": "READ_WRITE",
					"scope": "NONE",
					"items": {
						"type": "string"
					},
					"union": "DISABLE",
					"permissions": [
						{
							"principal": "SELF",
							"action": "READ_ONLY"
						}
					],
					"master": {
						"type": "OKTA"
					}
				},
				"p20_ps_incidentData": {
					"title": "p20_ps_incidentData",
					"type": "string",
					"mutability": "READ_WRITE",
					"scope": "NONE",
					"permissions": [
						{
							"principal": "SELF",
							"action": "READ_ONLY"
						}
					],
					"master": {
						"type": "OKTA"
					}
				},
				"p20_ps_oldManagerObject": {
					"title": "p20_ps_oldManagerObject",
					"type": "string",
					"mutability": "READ_WRITE",
					"scope": "NONE",
					"permissions": [
						{
							"principal": "SELF",
							"action": "READ_ONLY"
						}
					],
					"master": {
						"type": "OKTA"
					}
				},
				"p20_ps_adInfo": {
					"title": "p20_ps_adInfo",
					"type": "string",
					"mutability": "READ_WRITE",
					"scope": "NONE",
					"permissions": [
						{
							"principal": "SELF",
							"action": "READ_ONLY"
						}
					],
					"master": {
						"type": "OKTA"
					}
				},
				"p20_wd_hrPartnerFirstName": {
					"title": "p20_wd_hrPartnerFirstName",
					"type": "string",
					"mutability": "READ_WRITE",
					"scope": "NONE",
					"permissions": [
						{
							"principal": "SELF",
							"action": "READ_ONLY"
						}
					],
					"master": {
						"type": "OKTA"
					}
				},
				"p20_wd_hrPartnerEMail": {
					"title": "p20_wd_hrPartnerEMail",
					"type": "string",
					"mutability": "READ_WRITE",
					"scope": "NONE",
					"permissions": [
						{
							"principal": "SELF",
							"action": "READ_ONLY"
						}
					],
					"master": {
						"type": "OKTA"
					}
				},
				"p20_evt_owfTrigger": {
					"title": "p20_evt_owfTrigger",
					"type": "string",
					"mutability": "READ_WRITE",
					"scope": "NONE",
					"permissions": [
						{
							"principal": "SELF",
							"action": "READ_ONLY"
						}
					],
					"master": {
						"type": "OKTA"
					}
				},
				"p20_accountExpiredNotificationTimestamp": {
					"title": "p20_accountExpiredNotificationTimestamp",
					"type": "string",
					"mutability": "READ_WRITE",
					"scope": "NONE",
					"permissions": [
						{
							"principal": "SELF",
							"action": "READ_ONLY"
						}
					],
					"master": {
						"type": "OKTA"
					}
				},
				"p20_evt_batchId": {
					"title": "p20_evt_batchId",
					"type": "string",
					"mutability": "READ_WRITE",
					"scope": "NONE",
					"permissions": [
						{
							"principal": "SELF",
							"action": "READ_ONLY"
						}
					],
					"master": {
						"type": "OKTA"
					}
				},
				"p20_evt_passportTrigger": {
					"title": "p20_evt_passportTrigger",
					"type": "string",
					"mutability": "READ_WRITE",
					"scope": "NONE",
					"permissions": [
						{
							"principal": "SELF",
							"action": "READ_ONLY"
						}
					],
					"master": {
						"type": "OKTA"
					}
				},
				"p20_evt_executionId": {
					"title": "p20_evt_executionId",
					"type": "string",
					"mutability": "READ_WRITE",
					"scope": "NONE",
					"permissions": [
						{
							"principal": "SELF",
							"action": "READ_ONLY"
						}
					],
					"master": {
						"type": "OKTA"
					}
				},
				"p20_evt_flowId": {
					"title": "p20_evt_flowId",
					"type": "string",
					"mutability": "READ_WRITE",
					"scope": "NONE",
					"permissions": [
						{
							"principal": "SELF",
							"action": "READ_ONLY"
						}
					],
					"master": {
						"type": "OKTA"
					}
				},
				"p20_ad_employee": {
					"title": "p20_ad_employee",
					"type": "boolean",
					"mutability": "READ_WRITE",
					"scope": "NONE",
					"permissions": [
						{
							"principal": "SELF",
							"action": "READ_ONLY"
						}
					],
					"master": {
						"type": "OKTA"
					}
				},
				"p20_ps_terminated": {
					"title": "p20_ps_terminated",
					"type": "boolean",
					"mutability": "READ_WRITE",
					"scope": "NONE",
					"permissions": [
						{
							"principal": "SELF",
							"action": "READ_ONLY"
						}
					],
					"master": {
						"type": "OKTA"
					}
				},
				"p20_ps_serverNames": {
					"title": "p20_ps_serverNames",
					"type": "array",
					"mutability": "READ_WRITE",
					"scope": "NONE",
					"items": {
						"type": "string"
					},
					"union": "DISABLE",
					"permissions": [
						{
							"principal": "SELF",
							"action": "READ_ONLY"
						}
					],
					"master": {
						"type": "OKTA"
					}
				},
				"p20_wd_location": {
					"title": "p20_wd_location",
					"type": "string",
					"mutability": "READ_WRITE",
					"scope": "NONE",
					"permissions": [
						{
							"principal": "SELF",
							"action": "READ_ONLY"
						}
					],
					"master": {
						"type": "PROFILE_MASTER"
					}
				},
				"p20_wd_openId": {
					"title": "p20_wd_openId",
					"type": "string",
					"mutability": "READ_WRITE",
					"scope": "NONE",
					"permissions": [
						{
							"principal": "SELF",
							"action": "READ_ONLY"
						}
					],
					"master": {
						"type": "PROFILE_MASTER"
					}
				},
				"p20_ad_showInAddressBookArray": {
					"title": "p20_ad_showInAddressBookArray",
					"type": "array",
					"mutability": "READ_WRITE",
					"scope": "NONE",
					"items": {
						"type": "string"
					},
					"union": "DISABLE",
					"permissions": [
						{
							"principal": "SELF",
							"action": "READ_ONLY"
						}
					],
					"master": {
						"type": "OKTA"
					}
				}
			},
			"required": []
		},
		"base": {
			"id": "#base",
			"type": "object",
			"properties": {
				"login": {
					"title": "Username",
					"type": "string",
					"required": true,
					"mutability": "READ_WRITE",
					"scope": "NONE",
					"minLength": 5,
					"maxLength": 100,
					"permissions": [
						{
							"principal": "SELF",
							"action": "READ_ONLY"
						}
					],
					"master": {
						"type": "OVERRIDE",
						"priority": [
							{
								"value": "0oaa39okhv2rRqk15297",
								"type": "APP"
							},
							{
								"value": "0oaaedyp6saxnxhWj297",
								"type": "APP"
							},
							{
								"value": "0oaambthh9z2zhF9r297",
								"type": "APP"
							}
						]
					}
				},
				"firstName": {
					"title": "First name",
					"type": "string",
					"required": true,
					"mutability": "READ_WRITE",
					"scope": "NONE",
					"minLength": 1,
					"maxLength": 50,
					"permissions": [
						{
							"principal": "SELF",
							"action": "READ_WRITE"
						}
					],
					"master": {
						"type": "PROFILE_MASTER"
					}
				},
				"lastName": {
					"title": "Last name",
					"type": "string",
					"required": true,
					"mutability": "READ_WRITE",
					"scope": "NONE",
					"minLength": 1,
					"maxLength": 50,
					"permissions": [
						{
							"principal": "SELF",
							"action": "READ_WRITE"
						}
					],
					"master": {
						"type": "PROFILE_MASTER"
					}
				},
				"middleName": {
					"title": "Middle name",
					"type": "string",
					"mutability": "READ_WRITE",
					"scope": "NONE",
					"permissions": [
						{
							"principal": "SELF",
							"action": "READ_ONLY"
						}
					],
					"master": {
						"type": "PROFILE_MASTER"
					}
				},
				"honorificPrefix": {
					"title": "Honorific prefix",
					"type": "string",
					"mutability": "READ_WRITE",
					"scope": "NONE",
					"permissions": [
						{
							"principal": "SELF",
							"action": "READ_ONLY"
						}
					],
					"master": {
						"type": "PROFILE_MASTER"
					}
				},
				"honorificSuffix": {
					"title": "Honorific suffix",
					"type": "string",
					"mutability": "READ_WRITE",
					"scope": "NONE",
					"permissions": [
						{
							"principal": "SELF",
							"action": "READ_ONLY"
						}
					],
					"master": {
						"type": "PROFILE_MASTER"
					}
				},
				"email": {
					"title": "Primary email",
					"type": "string",
					"required": true,
					"format": "email",
					"mutability": "READ_WRITE",
					"scope": "NONE",
					"permissions": [
						{
							"principal": "SELF",
							"action": "READ_WRITE"
						}
					],
					"master": {
						"type": "OVERRIDE",
						"priority": [
							{
								"value": "0oaa39okhv2rRqk15297",
								"type": "APP"
							},
							{
								"value": "0oaaedyp6saxnxhWj297",
								"type": "APP"
							},
							{
								"value": "0oaambthh9z2zhF9r297",
								"type": "APP"
							}
						]
					}
				},
				"title": {
					"title": "Title",
					"type": "string",
					"mutability": "READ_WRITE",
					"scope": "NONE",
					"permissions": [
						{
							"principal": "SELF",
							"action": "READ_ONLY"
						}
					],
					"master": {
						"type": "PROFILE_MASTER"
					}
				},
				"displayName": {
					"title": "Display name",
					"type": "string",
					"mutability": "READ_WRITE",
					"scope": "NONE",
					"permissions": [
						{
							"principal": "SELF",
							"action": "READ_ONLY"
						}
					],
					"master": {
						"type": "OKTA"
					}
				},
				"nickName": {
					"title": "Nickname",
					"type": "string",
					"mutability": "READ_WRITE",
					"scope": "NONE",
					"permissions": [
						{
							"principal": "SELF",
							"action": "READ_ONLY"
						}
					],
					"master": {
						"type": "PROFILE_MASTER"
					}
				},
				"profileUrl": {
					"title": "Profile Url",
					"type": "string",
					"format": "uri",
					"mutability": "READ_WRITE",
					"scope": "NONE",
					"permissions": [
						{
							"principal": "SELF",
							"action": "READ_ONLY"
						}
					],
					"master": {
						"type": "PROFILE_MASTER"
					}
				},
				"secondEmail": {
					"title": "Secondary email",
					"type": "string",
					"format": "email",
					"mutability": "READ_WRITE",
					"scope": "NONE",
					"permissions": [
						{
							"principal": "SELF",
							"action": "READ_WRITE"
						}
					],
					"master": {
						"type": "PROFILE_MASTER"
					}
				},
				"mobilePhone": {
					"title": "Mobile phone",
					"type": "string",
					"mutability": "READ_WRITE",
					"scope": "NONE",
					"maxLength": 100,
					"permissions": [
						{
							"principal": "SELF",
							"action": "READ_WRITE"
						}
					],
					"master": {
						"type": "PROFILE_MASTER"
					}
				},
				"primaryPhone": {
					"title": "Primary phone",
					"type": "string",
					"mutability": "READ_WRITE",
					"scope": "NONE",
					"maxLength": 100,
					"permissions": [
						{
							"principal": "SELF",
							"action": "HIDE"
						}
					],
					"master": {
						"type": "PROFILE_MASTER"
					}
				},
				"streetAddress": {
					"title": "Street address",
					"type": "string",
					"mutability": "READ_WRITE",
					"scope": "NONE",
					"permissions": [
						{
							"principal": "SELF",
							"action": "HIDE"
						}
					],
					"master": {
						"type": "PROFILE_MASTER"
					}
				},
				"city": {
					"title": "City",
					"type": "string",
					"mutability": "READ_WRITE",
					"scope": "NONE",
					"permissions": [
						{
							"principal": "SELF",
							"action": "HIDE"
						}
					],
					"master": {
						"type": "PROFILE_MASTER"
					}
				},
				"state": {
					"title": "State",
					"type": "string",
					"mutability": "READ_WRITE",
					"scope": "NONE",
					"permissions": [
						{
							"principal": "SELF",
							"action": "HIDE"
						}
					],
					"master": {
						"type": "PROFILE_MASTER"
					}
				},
				"zipCode": {
					"title": "Zip code",
					"type": "string",
					"mutability": "READ_WRITE",
					"scope": "NONE",
					"permissions": [
						{
							"principal": "SELF",
							"action": "HIDE"
						}
					],
					"master": {
						"type": "PROFILE_MASTER"
					}
				},
				"countryCode": {
					"title": "Country code",
					"type": "string",
					"format": "country-code",
					"mutability": "READ_WRITE",
					"scope": "NONE",
					"permissions": [
						{
							"principal": "SELF",
							"action": "HIDE"
						}
					],
					"master": {
						"type": "PROFILE_MASTER"
					}
				},
				"postalAddress": {
					"title": "Postal Address",
					"type": "string",
					"mutability": "READ_WRITE",
					"scope": "NONE",
					"permissions": [
						{
							"principal": "SELF",
							"action": "HIDE"
						}
					],
					"master": {
						"type": "PROFILE_MASTER"
					}
				},
				"preferredLanguage": {
					"title": "Preferred language",
					"type": "string",
					"format": "language-code",
					"mutability": "READ_WRITE",
					"scope": "NONE",
					"permissions": [
						{
							"principal": "SELF",
							"action": "READ_ONLY"
						}
					],
					"master": {
						"type": "PROFILE_MASTER"
					}
				},
				"locale": {
					"title": "Locale",
					"type": "string",
					"format": "locale",
					"mutability": "READ_WRITE",
					"scope": "NONE",
					"permissions": [
						{
							"principal": "SELF",
							"action": "READ_ONLY"
						}
					],
					"master": {
						"type": "PROFILE_MASTER"
					}
				},
				"timezone": {
					"title": "Time zone",
					"type": "string",
					"format": "timezone",
					"mutability": "READ_WRITE",
					"scope": "NONE",
					"permissions": [
						{
							"principal": "SELF",
							"action": "READ_ONLY"
						}
					],
					"master": {
						"type": "PROFILE_MASTER"
					}
				},
				"userType": {
					"title": "User type",
					"type": "string",
					"mutability": "READ_WRITE",
					"scope": "NONE",
					"permissions": [
						{
							"principal": "SELF",
							"action": "READ_ONLY"
						}
					],
					"master": {
						"type": "PROFILE_MASTER"
					}
				},
				"employeeNumber": {
					"title": "Employee number",
					"type": "string",
					"mutability": "READ_WRITE",
					"scope": "NONE",
					"permissions": [
						{
							"principal": "SELF",
							"action": "READ_ONLY"
						}
					],
					"master": {
						"type": "PROFILE_MASTER"
					}
				},
				"costCenter": {
					"title": "Cost center",
					"type": "string",
					"mutability": "READ_WRITE",
					"scope": "NONE",
					"permissions": [
						{
							"principal": "SELF",
							"action": "READ_ONLY"
						}
					],
					"master": {
						"type": "PROFILE_MASTER"
					}
				},
				"organization": {
					"title": "Organization",
					"type": "string",
					"mutability": "READ_WRITE",
					"scope": "NONE",
					"permissions": [
						{
							"principal": "SELF",
							"action": "READ_ONLY"
						}
					],
					"master": {
						"type": "PROFILE_MASTER"
					}
				},
				"division": {
					"title": "Division",
					"type": "string",
					"mutability": "READ_WRITE",
					"scope": "NONE",
					"permissions": [
						{
							"principal": "SELF",
							"action": "READ_ONLY"
						}
					],
					"master": {
						"type": "PROFILE_MASTER"
					}
				},
				"department": {
					"title": "Department",
					"type": "string",
					"mutability": "READ_WRITE",
					"scope": "NONE",
					"permissions": [
						{
							"principal": "SELF",
							"action": "READ_ONLY"
						}
					],
					"master": {
						"type": "PROFILE_MASTER"
					}
				},
				"managerId": {
					"title": "ManagerId",
					"type": "string",
					"mutability": "READ_WRITE",
					"scope": "NONE",
					"permissions": [
						{
							"principal": "SELF",
							"action": "READ_ONLY"
						}
					],
					"master": {
						"type": "PROFILE_MASTER"
					}
				},
				"manager": {
					"title": "Manager",
					"type": "string",
					"mutability": "READ_WRITE",
					"scope": "NONE",
					"permissions": [
						{
							"principal": "SELF",
							"action": "READ_ONLY"
						}
					],
					"master": {
						"type": "PROFILE_MASTER"
					}
				}
			},
			"required": [
				"login",
				"firstName",
				"lastName",
				"email"
			]
		}
	},
	"type": "object",
	"properties": {
		"profile": {
			"allOf": [
				{
					"$ref": "#/definitions/custom"
				},
				{
					"$ref": "#/definitions/base"
				}
			]
		}
	},
	"_links": {
		"self": {
			"rel": "self",
			"href": "https://usoncology.okta.com/api/v1/meta/schemas/user/osc1r6hd29faPglIR297",
			"method": "GET"
		},
		"type": {
			"rel": "type",
			"href": "https://usoncology.okta.com/api/v1/meta/types/user/oty1r6hd29faPglIR297",
			"method": "GET"
		}
	}
}