{
	"id": "https://usoncology.okta.com/meta/schemas/apps/0oaambthh9z2zhF9r297/default",
	"$schema": "http://json-schema.org/draft-04/schema#",
	"name": "workday",
	"title": "Workday User",
	"lastUpdated": "2022-09-19T13:49:14.000Z",
	"created": "2021-11-12T20:46:20.000Z",
	"definitions": {
		"custom": {
			"id": "#custom",
			"type": "object",
			"properties": {
				"HRBU": {
					"title": "HRBU",
					"type": "string",
					"externalName": "HRBU",
					"scope": "NONE",
					"master": {
						"type": "PROFILE_MASTER"
					}
				},
				"HRBUName": {
					"title": "HRBUName",
					"type": "string",
					"externalName": "HRBUName",
					"scope": "NONE",
					"master": {
						"type": "PROFILE_MASTER"
					}
				},
				"HRPartner": {
					"title": "HRPartner",
					"type": "string",
					"externalName": "HRPartner",
					"scope": "NONE",
					"master": {
						"type": "PROFILE_MASTER"
					}
				},
				"Workday_ID": {
					"title": "Workday_ID",
					"type": "string",
					"externalName": "Workday_ID",
					"scope": "NONE",
					"master": {
						"type": "PROFILE_MASTER"
					}
				},
				"address": {
					"title": "address",
					"type": "string",
					"externalName": "address",
					"scope": "NONE",
					"master": {
						"type": "PROFILE_MASTER"
					}
				},
				"addressLastModified": {
					"title": "addressLastModified",
					"type": "string",
					"externalName": "addressLastModified",
					"scope": "NONE",
					"master": {
						"type": "PROFILE_MASTER"
					}
				},
				"companyId": {
					"title": "companyId",
					"type": "string",
					"externalName": "companyId",
					"scope": "NONE",
					"master": {
						"type": "PROFILE_MASTER"
					}
				},
				"country": {
					"title": "country",
					"type": "string",
					"externalName": "country",
					"scope": "NONE",
					"master": {
						"type": "PROFILE_MASTER"
					}
				},
				"dateActivated": {
					"title": "dateActivated",
					"type": "string",
					"externalName": "dateActivated",
					"scope": "NONE",
					"master": {
						"type": "PROFILE_MASTER"
					}
				},
				"emailAddressDataHomeEmailAddress": {
					"title": "EmailAddressData Home EmailAddress",
					"description": "emailAddressDataHomeEmailAddress",
					"type": "string",
					"externalName": "emailAddressDataHomeEmailAddress",
					"scope": "NONE",
					"master": {
						"type": "PROFILE_MASTER"
					}
				},
				"emailAddressDataHomePrimary": {
					"title": "EmailAddressData Home Primary",
					"description": "emailAddressDataHomePrimary",
					"type": "boolean",
					"externalName": "emailAddressDataHomePrimary",
					"scope": "NONE",
					"master": {
						"type": "PROFILE_MASTER"
					}
				},
				"emailAddressDataHomePublic": {
					"title": "EmailAddressData Home Public",
					"description": "emailAddressDataHomePublic",
					"type": "boolean",
					"externalName": "emailAddressDataHomePublic",
					"scope": "NONE",
					"master": {
						"type": "PROFILE_MASTER"
					}
				},
				"emailAddressDataWorkEmailAddress": {
					"title": "EmailAddressData Work EmailAddress",
					"description": "emailAddressDataWorkEmailAddress",
					"type": "string",
					"externalName": "emailAddressDataWorkEmailAddress",
					"scope": "NONE",
					"master": {
						"type": "PROFILE_MASTER"
					}
				},
				"emailAddressDataWorkPrimary": {
					"title": "EmailAddressData Work Primary",
					"description": "emailAddressDataWorkPrimary",
					"type": "boolean",
					"externalName": "emailAddressDataWorkPrimary",
					"scope": "NONE",
					"master": {
						"type": "PROFILE_MASTER"
					}
				},
				"emailAddressDataWorkPublic": {
					"title": "EmailAddressData Work Public",
					"description": "emailAddressDataWorkPublic",
					"type": "boolean",
					"externalName": "emailAddressDataWorkPublic",
					"scope": "NONE",
					"master": {
						"type": "PROFILE_MASTER"
					}
				},
				"executiveDirector": {
					"title": "executiveDirector",
					"type": "string",
					"externalName": "executiveDirector",
					"scope": "NONE",
					"master": {
						"type": "PROFILE_MASTER"
					}
				},
				"glPayType": {
					"title": "glPayType",
					"type": "string",
					"externalName": "glPayType",
					"scope": "NONE",
					"master": {
						"type": "PROFILE_MASTER"
					}
				},
				"hireDate": {
					"title": "hireDate",
					"type": "string",
					"externalName": "hireDate",
					"scope": "NONE",
					"master": {
						"type": "PROFILE_MASTER"
					}
				},
				"homePostalCode": {
					"title": "homePostalCode",
					"type": "string",
					"externalName": "homePostalCode",
					"scope": "NONE",
					"master": {
						"type": "PROFILE_MASTER"
					}
				},
				"jobFamily": {
					"title": "jobFamily",
					"type": "string",
					"externalName": "jobFamily",
					"scope": "NONE",
					"master": {
						"type": "PROFILE_MASTER"
					}
				},
				"legalName": {
					"title": "legalName",
					"type": "string",
					"externalName": "legalName",
					"scope": "NONE",
					"master": {
						"type": "PROFILE_MASTER"
					}
				},
				"legalPrefix": {
					"title": "legalPrefix",
					"type": "string",
					"externalName": "legalPrefix",
					"scope": "NONE",
					"master": {
						"type": "PROFILE_MASTER"
					}
				},
				"legalSuffix": {
					"title": "legalSuffix",
					"type": "string",
					"externalName": "legalSuffix",
					"scope": "NONE",
					"master": {
						"type": "PROFILE_MASTER"
					}
				},
				"managerID": {
					"title": "managerID",
					"type": "string",
					"externalName": "managerID",
					"scope": "NONE",
					"master": {
						"type": "PROFILE_MASTER"
					}
				},
				"middleNamemiddleName": {
					"title": "middleNamemiddleName",
					"type": "string",
					"externalName": "middleNamemiddleName",
					"scope": "NONE",
					"master": {
						"type": "PROFILE_MASTER"
					}
				},
				"mobile": {
					"title": "mobile",
					"type": "string",
					"externalName": "mobile",
					"scope": "NONE",
					"master": {
						"type": "PROFILE_MASTER"
					}
				},
				"phoneDataHomeFaxAreaCode": {
					"title": "PhoneData Home Fax AreaCode",
					"description": "phoneDataHomeFaxAreaCode",
					"type": "string",
					"externalName": "phoneDataHomeFaxAreaCode",
					"scope": "NONE",
					"master": {
						"type": "PROFILE_MASTER"
					}
				},
				"phoneDataHomeFaxInternationalPhoneCode": {
					"title": "PhoneData Home Fax InternationalPhoneCode",
					"description": "phoneDataHomeFaxInternationalPhoneCode",
					"type": "string",
					"externalName": "phoneDataHomeFaxInternationalPhoneCode",
					"scope": "NONE",
					"master": {
						"type": "PROFILE_MASTER"
					}
				},
				"phoneDataHomeFaxPhoneExtension": {
					"title": "PhoneData Home Fax PhoneExtension",
					"description": "phoneDataHomeFaxPhoneExtension",
					"type": "string",
					"externalName": "phoneDataHomeFaxPhoneExtension",
					"scope": "NONE",
					"master": {
						"type": "PROFILE_MASTER"
					}
				},
				"phoneDataHomeFaxPhoneNumber": {
					"title": "PhoneData Home Fax PhoneNumber",
					"description": "phoneDataHomeFaxPhoneNumber",
					"type": "string",
					"externalName": "phoneDataHomeFaxPhoneNumber",
					"scope": "NONE",
					"master": {
						"type": "PROFILE_MASTER"
					}
				},
				"phoneDataHomeFaxPrimary": {
					"title": "PhoneData Home Fax Primary",
					"description": "phoneDataHomeFaxPrimary",
					"type": "boolean",
					"externalName": "phoneDataHomeFaxPrimary",
					"scope": "NONE",
					"master": {
						"type": "PROFILE_MASTER"
					}
				},
				"phoneDataHomeFaxPublic": {
					"title": "PhoneData Home Fax Public",
					"description": "phoneDataHomeFaxPublic",
					"type": "boolean",
					"externalName": "phoneDataHomeFaxPublic",
					"scope": "NONE",
					"master": {
						"type": "PROFILE_MASTER"
					}
				},
				"phoneDataHomeMobileAreaCode": {
					"title": "PhoneData Home Mobile AreaCode",
					"description": "phoneDataHomeMobileAreaCode",
					"type": "string",
					"externalName": "phoneDataHomeMobileAreaCode",
					"scope": "NONE",
					"master": {
						"type": "PROFILE_MASTER"
					}
				},
				"phoneDataHomeMobileInternationalPhoneCode": {
					"title": "PhoneData Home Mobile InternationalPhoneCode",
					"description": "phoneDataHomeMobileInternationalPhoneCode",
					"type": "string",
					"externalName": "phoneDataHomeMobileInternationalPhoneCode",
					"scope": "NONE",
					"master": {
						"type": "PROFILE_MASTER"
					}
				},
				"phoneDataHomeMobilePhoneExtension": {
					"title": "PhoneData Home Mobile PhoneExtension",
					"description": "phoneDataHomeMobilePhoneExtension",
					"type": "string",
					"externalName": "phoneDataHomeMobilePhoneExtension",
					"scope": "NONE",
					"master": {
						"type": "PROFILE_MASTER"
					}
				},
				"phoneDataHomeMobilePhoneNumber": {
					"title": "PhoneData Home Mobile PhoneNumber",
					"description": "phoneDataHomeMobilePhoneNumber",
					"type": "string",
					"externalName": "phoneDataHomeMobilePhoneNumber",
					"scope": "NONE",
					"master": {
						"type": "PROFILE_MASTER"
					}
				},
				"phoneDataHomeMobilePrimary": {
					"title": "PhoneData Home Mobile Primary",
					"description": "phoneDataHomeMobilePrimary",
					"type": "boolean",
					"externalName": "phoneDataHomeMobilePrimary",
					"scope": "NONE",
					"master": {
						"type": "PROFILE_MASTER"
					}
				},
				"phoneDataHomeMobilePublic": {
					"title": "PhoneData Home Mobile Public",
					"description": "phoneDataHomeMobilePublic",
					"type": "boolean",
					"externalName": "phoneDataHomeMobilePublic",
					"scope": "NONE",
					"master": {
						"type": "PROFILE_MASTER"
					}
				},
				"phoneDataHomePagerAreaCode": {
					"title": "PhoneData Home Pager AreaCode",
					"description": "phoneDataHomePagerAreaCode",
					"type": "string",
					"externalName": "phoneDataHomePagerAreaCode",
					"scope": "NONE",
					"master": {
						"type": "PROFILE_MASTER"
					}
				},
				"phoneDataHomePagerInternationalPhoneCode": {
					"title": "PhoneData Home Pager InternationalPhoneCode",
					"description": "phoneDataHomePagerInternationalPhoneCode",
					"type": "string",
					"externalName": "phoneDataHomePagerInternationalPhoneCode",
					"scope": "NONE",
					"master": {
						"type": "PROFILE_MASTER"
					}
				},
				"phoneDataHomePagerPhoneExtension": {
					"title": "PhoneData Home Pager PhoneExtension",
					"description": "phoneDataHomePagerPhoneExtension",
					"type": "string",
					"externalName": "phoneDataHomePagerPhoneExtension",
					"scope": "NONE",
					"master": {
						"type": "PROFILE_MASTER"
					}
				},
				"phoneDataHomePagerPhoneNumber": {
					"title": "PhoneData Home Pager PhoneNumber",
					"description": "phoneDataHomePagerPhoneNumber",
					"type": "string",
					"externalName": "phoneDataHomePagerPhoneNumber",
					"scope": "NONE",
					"master": {
						"type": "PROFILE_MASTER"
					}
				},
				"phoneDataHomePagerPrimary": {
					"title": "PhoneData Home Pager Primary",
					"description": "phoneDataHomePagerPrimary",
					"type": "boolean",
					"externalName": "phoneDataHomePagerPrimary",
					"scope": "NONE",
					"master": {
						"type": "PROFILE_MASTER"
					}
				},
				"phoneDataHomePagerPublic": {
					"title": "PhoneData Home Pager Public",
					"description": "phoneDataHomePagerPublic",
					"type": "boolean",
					"externalName": "phoneDataHomePagerPublic",
					"scope": "NONE",
					"master": {
						"type": "PROFILE_MASTER"
					}
				},
				"phoneDataHomeTelephoneAreaCode": {
					"title": "PhoneData Home Telephone AreaCode",
					"description": "phoneDataHomeTelephoneAreaCode",
					"type": "string",
					"externalName": "phoneDataHomeTelephoneAreaCode",
					"scope": "NONE",
					"master": {
						"type": "PROFILE_MASTER"
					}
				},
				"phoneDataHomeTelephoneInternationalPhoneCode": {
					"title": "PhoneData Home Telephone InternationalPhoneCode",
					"description": "phoneDataHomeTelephoneInternationalPhoneCode",
					"type": "string",
					"externalName": "phoneDataHomeTelephoneInternationalPhoneCode",
					"scope": "NONE",
					"master": {
						"type": "PROFILE_MASTER"
					}
				},
				"phoneDataHomeTelephonePhoneExtension": {
					"title": "PhoneData Home Telephone PhoneExtension",
					"description": "phoneDataHomeTelephonePhoneExtension",
					"type": "string",
					"externalName": "phoneDataHomeTelephonePhoneExtension",
					"scope": "NONE",
					"master": {
						"type": "PROFILE_MASTER"
					}
				},
				"phoneDataHomeTelephonePhoneNumber": {
					"title": "PhoneData Home Telephone PhoneNumber",
					"description": "phoneDataHomeTelephonePhoneNumber",
					"type": "string",
					"externalName": "phoneDataHomeTelephonePhoneNumber",
					"scope": "NONE",
					"master": {
						"type": "PROFILE_MASTER"
					}
				},
				"phoneDataHomeTelephonePrimary": {
					"title": "PhoneData Home Telephone Primary",
					"description": "phoneDataHomeTelephonePrimary",
					"type": "boolean",
					"externalName": "phoneDataHomeTelephonePrimary",
					"scope": "NONE",
					"master": {
						"type": "PROFILE_MASTER"
					}
				},
				"phoneDataHomeTelephonePublic": {
					"title": "PhoneData Home Telephone Public",
					"description": "phoneDataHomeTelephonePublic",
					"type": "boolean",
					"externalName": "phoneDataHomeTelephonePublic",
					"scope": "NONE",
					"master": {
						"type": "PROFILE_MASTER"
					}
				},
				"phoneDataWorkFaxAreaCode": {
					"title": "PhoneData Work Fax AreaCode",
					"description": "phoneDataWorkFaxAreaCode",
					"type": "string",
					"externalName": "phoneDataWorkFaxAreaCode",
					"scope": "NONE",
					"master": {
						"type": "PROFILE_MASTER"
					}
				},
				"phoneDataWorkFaxInternationalPhoneCode": {
					"title": "PhoneData Work Fax InternationalPhoneCode",
					"description": "phoneDataWorkFaxInternationalPhoneCode",
					"type": "string",
					"externalName": "phoneDataWorkFaxInternationalPhoneCode",
					"scope": "NONE",
					"master": {
						"type": "PROFILE_MASTER"
					}
				},
				"phoneDataWorkFaxPhoneExtension": {
					"title": "PhoneData Work Fax PhoneExtension",
					"description": "phoneDataWorkFaxPhoneExtension",
					"type": "string",
					"externalName": "phoneDataWorkFaxPhoneExtension",
					"scope": "NONE",
					"master": {
						"type": "PROFILE_MASTER"
					}
				},
				"phoneDataWorkFaxPhoneNumber": {
					"title": "PhoneData Work Fax PhoneNumber",
					"description": "phoneDataWorkFaxPhoneNumber",
					"type": "string",
					"externalName": "phoneDataWorkFaxPhoneNumber",
					"scope": "NONE",
					"master": {
						"type": "PROFILE_MASTER"
					}
				},
				"phoneDataWorkFaxPrimary": {
					"title": "PhoneData Work Fax Primary",
					"description": "phoneDataWorkFaxPrimary",
					"type": "boolean",
					"externalName": "phoneDataWorkFaxPrimary",
					"scope": "NONE",
					"master": {
						"type": "PROFILE_MASTER"
					}
				},
				"phoneDataWorkFaxPublic": {
					"title": "PhoneData Work Fax Public",
					"description": "phoneDataWorkFaxPublic",
					"type": "boolean",
					"externalName": "phoneDataWorkFaxPublic",
					"scope": "NONE",
					"master": {
						"type": "PROFILE_MASTER"
					}
				},
				"phoneDataWorkMobileAreaCode": {
					"title": "PhoneData Work Mobile AreaCode",
					"description": "phoneDataWorkMobileAreaCode",
					"type": "string",
					"externalName": "phoneDataWorkMobileAreaCode",
					"scope": "NONE",
					"master": {
						"type": "PROFILE_MASTER"
					}
				},
				"phoneDataWorkMobileInternationalPhoneCode": {
					"title": "PhoneData Work Mobile InternationalPhoneCode",
					"description": "phoneDataWorkMobileInternationalPhoneCode",
					"type": "string",
					"externalName": "phoneDataWorkMobileInternationalPhoneCode",
					"scope": "NONE",
					"master": {
						"type": "PROFILE_MASTER"
					}
				},
				"phoneDataWorkMobilePhoneExtension": {
					"title": "PhoneData Work Mobile PhoneExtension",
					"description": "phoneDataWorkMobilePhoneExtension",
					"type": "string",
					"externalName": "phoneDataWorkMobilePhoneExtension",
					"scope": "NONE",
					"master": {
						"type": "PROFILE_MASTER"
					}
				},
				"phoneDataWorkMobilePhoneNumber": {
					"title": "PhoneData Work Mobile PhoneNumber",
					"description": "phoneDataWorkMobilePhoneNumber",
					"type": "string",
					"externalName": "phoneDataWorkMobilePhoneNumber",
					"scope": "NONE",
					"master": {
						"type": "PROFILE_MASTER"
					}
				},
				"phoneDataWorkMobilePrimary": {
					"title": "PhoneData Work Mobile Primary",
					"description": "phoneDataWorkMobilePrimary",
					"type": "boolean",
					"externalName": "phoneDataWorkMobilePrimary",
					"scope": "NONE",
					"master": {
						"type": "PROFILE_MASTER"
					}
				},
				"phoneDataWorkMobilePublic": {
					"title": "PhoneData Work Mobile Public",
					"description": "phoneDataWorkMobilePublic",
					"type": "boolean",
					"externalName": "phoneDataWorkMobilePublic",
					"scope": "NONE",
					"master": {
						"type": "PROFILE_MASTER"
					}
				},
				"phoneDataWorkPagerAreaCode": {
					"title": "PhoneData Work Pager AreaCode",
					"description": "phoneDataWorkPagerAreaCode",
					"type": "string",
					"externalName": "phoneDataWorkPagerAreaCode",
					"scope": "NONE",
					"master": {
						"type": "PROFILE_MASTER"
					}
				},
				"phoneDataWorkPagerInternationalPhoneCode": {
					"title": "PhoneData Work Pager InternationalPhoneCode",
					"description": "phoneDataWorkPagerInternationalPhoneCode",
					"type": "string",
					"externalName": "phoneDataWorkPagerInternationalPhoneCode",
					"scope": "NONE",
					"master": {
						"type": "PROFILE_MASTER"
					}
				},
				"phoneDataWorkPagerPhoneExtension": {
					"title": "PhoneData Work Pager PhoneExtension",
					"description": "phoneDataWorkPagerPhoneExtension",
					"type": "string",
					"externalName": "phoneDataWorkPagerPhoneExtension",
					"scope": "NONE",
					"master": {
						"type": "PROFILE_MASTER"
					}
				},
				"phoneDataWorkPagerPhoneNumber": {
					"title": "PhoneData Work Pager PhoneNumber",
					"description": "phoneDataWorkPagerPhoneNumber",
					"type": "string",
					"externalName": "phoneDataWorkPagerPhoneNumber",
					"scope": "NONE",
					"master": {
						"type": "PROFILE_MASTER"
					}
				},
				"phoneDataWorkPagerPrimary": {
					"title": "PhoneData Work Pager Primary",
					"description": "phoneDataWorkPagerPrimary",
					"type": "boolean",
					"externalName": "phoneDataWorkPagerPrimary",
					"scope": "NONE",
					"master": {
						"type": "PROFILE_MASTER"
					}
				},
				"phoneDataWorkPagerPublic": {
					"title": "PhoneData Work Pager Public",
					"description": "phoneDataWorkPagerPublic",
					"type": "boolean",
					"externalName": "phoneDataWorkPagerPublic",
					"scope": "NONE",
					"master": {
						"type": "PROFILE_MASTER"
					}
				},
				"phoneDataWorkTelephoneAreaCode": {
					"title": "PhoneData Work Telephone AreaCode",
					"description": "phoneDataWorkTelephoneAreaCode",
					"type": "string",
					"externalName": "phoneDataWorkTelephoneAreaCode",
					"scope": "NONE",
					"master": {
						"type": "PROFILE_MASTER"
					}
				},
				"phoneDataWorkTelephoneInternationalPhoneCode": {
					"title": "PhoneData Work Telephone InternationalPhoneCode",
					"description": "phoneDataWorkTelephoneInternationalPhoneCode",
					"type": "string",
					"externalName": "phoneDataWorkTelephoneInternationalPhoneCode",
					"scope": "NONE",
					"master": {
						"type": "PROFILE_MASTER"
					}
				},
				"phoneDataWorkTelephonePhoneExtension": {
					"title": "PhoneData Work Telephone PhoneExtension",
					"description": "phoneDataWorkTelephonePhoneExtension",
					"type": "string",
					"externalName": "phoneDataWorkTelephonePhoneExtension",
					"scope": "NONE",
					"master": {
						"type": "PROFILE_MASTER"
					}
				},
				"phoneDataWorkTelephonePhoneNumber": {
					"title": "PhoneData Work Telephone PhoneNumber",
					"description": "phoneDataWorkTelephonePhoneNumber",
					"type": "string",
					"externalName": "phoneDataWorkTelephonePhoneNumber",
					"scope": "NONE",
					"master": {
						"type": "PROFILE_MASTER"
					}
				},
				"phoneDataWorkTelephonePrimary": {
					"title": "PhoneData Work Telephone Primary",
					"description": "phoneDataWorkTelephonePrimary",
					"type": "boolean",
					"externalName": "phoneDataWorkTelephonePrimary",
					"scope": "NONE",
					"master": {
						"type": "PROFILE_MASTER"
					}
				},
				"phoneDataWorkTelephonePublic": {
					"title": "PhoneData Work Telephone Public",
					"description": "phoneDataWorkTelephonePublic",
					"type": "boolean",
					"externalName": "phoneDataWorkTelephonePublic",
					"scope": "NONE",
					"master": {
						"type": "PROFILE_MASTER"
					}
				},
				"positionEffectiveDate": {
					"title": "positionEffectiveDate",
					"type": "string",
					"externalName": "positionEffectiveDate",
					"scope": "NONE",
					"master": {
						"type": "PROFILE_MASTER"
					}
				},
				"postalAddress": {
					"title": "postalAddress",
					"type": "string",
					"externalName": "postalAddress",
					"scope": "NONE",
					"master": {
						"type": "PROFILE_MASTER"
					}
				},
				"preferredFirstName": {
					"title": "preferredFirstName",
					"type": "string",
					"externalName": "preferredFirstName",
					"scope": "NONE",
					"master": {
						"type": "PROFILE_MASTER"
					}
				},
				"preferredLastName": {
					"title": "preferredLastName",
					"type": "string",
					"externalName": "preferredLastName",
					"scope": "NONE",
					"master": {
						"type": "PROFILE_MASTER"
					}
				},
				"preferredMiddleName": {
					"title": "preferredMiddleName",
					"type": "string",
					"externalName": "preferredMiddleName",
					"scope": "NONE",
					"master": {
						"type": "PROFILE_MASTER"
					}
				},
				"preferredName": {
					"title": "preferredName",
					"type": "string",
					"externalName": "preferredName",
					"scope": "NONE",
					"master": {
						"type": "PROFILE_MASTER"
					}
				},
				"preferredPrefix": {
					"title": "preferredPrefix",
					"type": "string",
					"externalName": "preferredPrefix",
					"scope": "NONE",
					"master": {
						"type": "PROFILE_MASTER"
					}
				},
				"preferredSuffix": {
					"title": "preferredSuffix",
					"type": "string",
					"externalName": "preferredSuffix",
					"scope": "NONE",
					"master": {
						"type": "PROFILE_MASTER"
					}
				},
				"ssn": {
					"title": "ssn",
					"type": "string",
					"externalName": "ssn",
					"scope": "NONE",
					"master": {
						"type": "PROFILE_MASTER"
					}
				},
				"telephoneNumber": {
					"title": "telephoneNumber",
					"type": "string",
					"externalName": "telephoneNumber",
					"scope": "NONE",
					"master": {
						"type": "PROFILE_MASTER"
					}
				},
				"userID": {
					"title": "userID",
					"type": "string",
					"externalName": "userID",
					"scope": "NONE",
					"master": {
						"type": "PROFILE_MASTER"
					}
				},
				"workerType": {
					"title": "workerType",
					"type": "string",
					"externalName": "workerType",
					"scope": "NONE",
					"master": {
						"type": "PROFILE_MASTER"
					}
				},
				"workerTypeDescriptor": {
					"title": "workerTypeDescriptor",
					"type": "string",
					"externalName": "workerTypeDescriptor",
					"scope": "NONE",
					"master": {
						"type": "PROFILE_MASTER"
					}
				},
				"OktaID": {
					"title": "OktaID",
					"type": "string",
					"externalName": "OktaID",
					"scope": "NONE",
					"master": {
						"type": "PROFILE_MASTER"
					}
				},
				"OpenID": {
					"title": "OpenID",
					"type": "string",
					"externalName": "OpenID",
					"scope": "NONE",
					"master": {
						"type": "PROFILE_MASTER"
					}
				},
				"active": {
					"title": "active",
					"type": "string",
					"externalName": "active",
					"scope": "NONE",
					"master": {
						"type": "PROFILE_MASTER"
					}
				},
				"leaveOfAbsence": {
					"title": "leaveOfAbsence",
					"type": "string",
					"externalName": "leaveOfAbsence",
					"scope": "NONE",
					"master": {
						"type": "PROFILE_MASTER"
					}
				},
				"terminated": {
					"title": "terminated",
					"type": "string",
					"externalName": "terminated",
					"scope": "NONE",
					"master": {
						"type": "PROFILE_MASTER"
					}
				},
				"foFirstName": {
					"title": "foFirstName",
					"type": "string",
					"externalName": "foFirstName",
					"scope": "NONE",
					"master": {
						"type": "PROFILE_MASTER"
					}
				},
				"foLastName": {
					"title": "foLastName",
					"type": "string",
					"externalName": "foLastName",
					"scope": "NONE",
					"master": {
						"type": "PROFILE_MASTER"
					}
				},
				"foMiddleName": {
					"title": "foMiddleName",
					"type": "string",
					"externalName": "foMiddleName",
					"scope": "NONE",
					"master": {
						"type": "PROFILE_MASTER"
					}
				}
			},
			"required": []
		},
		"base": {
			"id": "#base",
			"type": "object",
			"properties": {
				"userName": {
					"title": "Username",
					"type": "string",
					"required": true,
					"scope": "NONE",
					"maxLength": 100,
					"master": {
						"type": "PROFILE_MASTER"
					}
				},
				"firstName": {
					"title": "First Name",
					"type": "string",
					"scope": "NONE",
					"master": {
						"type": "PROFILE_MASTER"
					}
				},
				"lastName": {
					"title": "Last Name",
					"type": "string",
					"scope": "NONE",
					"master": {
						"type": "PROFILE_MASTER"
					}
				},
				"email": {
					"title": "Email",
					"type": "string",
					"scope": "NONE",
					"master": {
						"type": "PROFILE_MASTER"
					}
				},
				"secondEmail": {
					"title": "Second Email",
					"type": "string",
					"scope": "NONE",
					"master": {
						"type": "PROFILE_MASTER"
					}
				},
				"mobilePhone": {
					"title": "Mobile Phone",
					"type": "string",
					"scope": "NONE",
					"master": {
						"type": "PROFILE_MASTER"
					}
				},
				"employeeID": {
					"title": "Employee ID",
					"type": "string",
					"scope": "SELF",
					"master": {
						"type": "PROFILE_MASTER"
					}
				},
				"accountType": {
					"title": "Worker Type",
					"type": "string",
					"required": true,
					"scope": "NONE",
					"enum": [
						"EMPLOYEE",
						"CONTINGENT"
					],
					"extendedType": "legacyEnum",
					"master": {
						"type": "PROFILE_MASTER"
					}
				},
				"businessTitle": {
					"title": "Title",
					"type": "string",
					"scope": "SELF",
					"master": {
						"type": "PROFILE_MASTER"
					}
				},
				"managerId": {
					"title": "Manager External ID",
					"type": "string",
					"scope": "SELF",
					"master": {
						"type": "PROFILE_MASTER"
					}
				},
				"managerUserName": {
					"title": "Manager Username",
					"type": "string",
					"scope": "SELF",
					"master": {
						"type": "PROFILE_MASTER"
					}
				},
				"streetAddress": {
					"title": "Street Address",
					"type": "string",
					"scope": "SELF",
					"master": {
						"type": "PROFILE_MASTER"
					}
				},
				"city": {
					"title": "City",
					"type": "string",
					"scope": "SELF",
					"master": {
						"type": "PROFILE_MASTER"
					}
				},
				"state": {
					"title": "State",
					"type": "string",
					"scope": "SELF",
					"master": {
						"type": "PROFILE_MASTER"
					}
				},
				"postalCode": {
					"title": "Postal Code",
					"type": "string",
					"scope": "SELF",
					"master": {
						"type": "PROFILE_MASTER"
					}
				},
				"countryCode": {
					"title": "Country (ISO-3166)",
					"type": "string",
					"scope": "SELF",
					"master": {
						"type": "PROFILE_MASTER"
					}
				},
				"supervisoryOrg": {
					"title": "Supervisory Organization",
					"type": "string",
					"scope": "SELF",
					"master": {
						"type": "PROFILE_MASTER"
					}
				},
				"businessUnit": {
					"title": "Business Unit",
					"type": "string",
					"scope": "SELF",
					"master": {
						"type": "PROFILE_MASTER"
					}
				},
				"workPhone": {
					"title": "Work Phone",
					"type": "string",
					"scope": "SELF",
					"master": {
						"type": "PROFILE_MASTER"
					}
				},
				"location": {
					"title": "Location",
					"type": "string",
					"scope": "SELF",
					"master": {
						"type": "PROFILE_MASTER"
					}
				}
			},
			"required": [
				"userName",
				"accountType"
			]
		}
	},
	"type": "object",
	"properties": {
		"profile": {
			"allOf": [
				{
					"$ref": "#/definitions/custom"
				},
				{
					"$ref": "#/definitions/base"
				}
			]
		}
	}
}