<?xml version="1.1" encoding="UTF-8" standalone="no"?>
<databaseChangeLog xmlns="http://www.liquibase.org/xml/ns/dbchangelog" xmlns:ext="http://www.liquibase.org/xml/ns/dbchangelog-ext" xmlns:xsi="http://www.w3.org/2001/XMLSchema-instance" xsi:schemaLocation="http://www.liquibase.org/xml/ns/dbchangelog-ext http://www.liquibase.org/xml/ns/dbchangelog/dbchangelog-ext.xsd http://www.liquibase.org/xml/ns/dbchangelog http://www.liquibase.org/xml/ns/dbchangelog/dbchangelog-3.5.xsd">

    <changeSet author="els1gkr" id="primarySchema-operationalTablesCleanup" context="legacy" runAlways="true">
        <validCheckSum>7:6a268f1d556c8b6b356d5bdbb485850e</validCheckSum>
        <validCheckSum>7:c3f4cdf67c9ef8c4b3cd881d21e98267</validCheckSum>
        <delete tableName="configobjects" schemaName="${primarySchema}" />
        <delete tableName="genericobjects" schemaName="${primarySchema}" />
        <delete tableName="schedulerobjects" schemaName="${primarySchema}" />
    </changeSet>

</databaseChangeLog>
