<?xml version="1.1" encoding="UTF-8" standalone="no"?>
<databaseChangeLog xmlns="http://www.liquibase.org/xml/ns/dbchangelog" xmlns:ext="http://www.liquibase.org/xml/ns/dbchangelog-ext" xmlns:xsi="http://www.w3.org/2001/XMLSchema-instance" xsi:schemaLocation="http://www.liquibase.org/xml/ns/dbchangelog-ext http://www.liquibase.org/xml/ns/dbchangelog/dbchangelog-ext.xsd http://www.liquibase.org/xml/ns/dbchangelog http://www.liquibase.org/xml/ns/dbchangelog/dbchangelog-3.5.xsd">
    <!--
    CREATE DATABASE `${primarySchema}` DEFAULT CHARACTER SET latin1;
    CREATE DATABASE `${auditSchema}` DEFAULT CHARACTER SET latin1;
    -->

    <changeSet id="addChangeLogSurrogatePK" author="els1gkr">
        <preConditions onFail="MARK_RAN" onSqlOutput="TEST">
            <not>
                <primaryKeyExists schemaName="${primarySchema}" tableName="DATABASECHANGELOG" />
            </not>
        </preConditions>
        <sql dbms="mysql"><![CDATA[
        ALTER TABLE `${primarySchema}`.DATABASECHANGELOG ADD surrogatePK INT(11) NOT NULL AUTO_INCREMENT FIRST, ADD PRIMARY KEY (surrogatePK);
        ]]></sql>
    </changeSet>

    <changeSet author="els1gkr (generated)" id="primarySchemaLegacy" context="legacy">
        <preConditions onFail="MARK_RAN" onSqlOutput="TEST">
            <not>
                <tableExists tableName="objecttypes" schemaName="${primarySchema}"/>
            </not>
        </preConditions>

        <sql dbms="mysql"><![CDATA[
            --
            -- Table structure for table `audit_async_recon`
            --
            CREATE TABLE `${auditSchema}`.`audit_async_recon` (
              `id` bigint(20) NOT NULL AUTO_INCREMENT,
              `objectid` varchar(38) NOT NULL,
              `eventdate` timestamp NOT NULL DEFAULT CURRENT_TIMESTAMP ON UPDATE CURRENT_TIMESTAMP,
              `reconid` varchar(38) DEFAULT NULL,
              `mapping` varchar(255) DEFAULT NULL,
              `sourceid` varchar(38) DEFAULT NULL,
              `action` varchar(255) DEFAULT NULL,
              `situation` varchar(255) DEFAULT NULL,
              `status` varchar(7) DEFAULT NULL,
              `message` text,
              `target` text,
              PRIMARY KEY (`id`),
              KEY `audit_async_recon_idx` (`eventdate`,`reconid`,`sourceid`)
            ) ENGINE=InnoDB DEFAULT CHARSET=latin1;

            --
            -- Table structure for table `auditaccess`
            --
            CREATE TABLE `${auditSchema}`.`auditaccess` (
              `objectid` varchar(38) NOT NULL,
              `activitydate` varchar(29) DEFAULT NULL COMMENT 'Date format: 2011-09-09T14:58:17.654+02:00',
              `activity` varchar(24) DEFAULT NULL,
              `ip` varchar(40) DEFAULT NULL,
              `principal` text,
              `roles` varchar(1024) DEFAULT NULL,
              `status` varchar(7) DEFAULT NULL,
              PRIMARY KEY (`objectid`)
            ) ENGINE=InnoDB DEFAULT CHARSET=latin1;

            --
            -- Table structure for table `auditactivity`
            --
            CREATE TABLE `${auditSchema}`.`auditactivity` (
              `objectid` varchar(38) NOT NULL,
              `rootactionid` varchar(255) DEFAULT NULL,
              `parentactionid` varchar(255) DEFAULT NULL,
              `activityid` varchar(255) DEFAULT NULL,
              `activitydate` varchar(29) DEFAULT NULL COMMENT 'Date format: 2011-09-09T14:58:17.654+02:00',
              `activity` varchar(24) DEFAULT NULL,
              `message` text,
              `subjectid` varchar(255) DEFAULT NULL,
              `subjectrev` varchar(38) DEFAULT NULL,
              `requester` text,
              `approver` text,
              `subjectbefore` mediumtext,
              `subjectafter` mediumtext,
              `status` varchar(7) DEFAULT NULL,
              `changedfields` varchar(255) DEFAULT NULL,
              `passwordchanged` varchar(5) DEFAULT NULL,
              PRIMARY KEY (`objectid`),
              KEY `idx_auditactivity_rootactionid` (`rootactionid`)
            ) ENGINE=InnoDB DEFAULT CHARSET=latin1;

            --
            -- Table structure for table `auditrecon`
            --
            CREATE TABLE `${auditSchema}`.`auditrecon` (
              `objectid` varchar(38) NOT NULL,
              `entrytype` varchar(7) DEFAULT NULL,
              `rootactionid` varchar(255) DEFAULT NULL,
              `reconid` varchar(36) DEFAULT NULL,
              `reconciling` varchar(12) DEFAULT NULL,
              `sourceobjectid` varchar(255) DEFAULT NULL,
              `targetobjectid` varchar(255) DEFAULT NULL,
              `ambiguoustargetobjectids` mediumtext,
              `activitydate` varchar(29) DEFAULT NULL COMMENT 'Date format: 2011-09-09T14:58:17.654+02:00',
              `situation` varchar(24) DEFAULT NULL,
              `activity` varchar(24) DEFAULT NULL,
              `status` varchar(7) DEFAULT NULL,
              `message` text,
              `mapping` text,
              PRIMARY KEY (`objectid`)
            ) ENGINE=InnoDB DEFAULT CHARSET=latin1;

            --
            -- Table structure for table `objecttypes`
            --
            CREATE TABLE `${primarySchema}`.`objecttypes` (
              `id` bigint(20) unsigned NOT NULL AUTO_INCREMENT,
              `objecttype` varchar(255) DEFAULT NULL,
              PRIMARY KEY (`id`),
              UNIQUE KEY `idx_objecttypes_objecttype` (`objecttype`)
            ) ENGINE=InnoDB DEFAULT CHARSET=latin1;

            --
            -- Table structure for table `configobjects`
            --
            CREATE TABLE `${primarySchema}`.`configobjects` (
              `id` bigint(20) unsigned NOT NULL AUTO_INCREMENT,
              `objecttypes_id` bigint(20) unsigned NOT NULL,
              `objectid` varchar(255) NOT NULL,
              `rev` varchar(38) NOT NULL,
              `fullobject` mediumtext,
              PRIMARY KEY (`id`),
              UNIQUE KEY `idx_configobjects_object` (`objecttypes_id`,`objectid`),
              KEY `fk_configobjects_objecttypes` (`objecttypes_id`),
              CONSTRAINT `fk_configobjects_objecttypes` FOREIGN KEY (`objecttypes_id`) REFERENCES `objecttypes` (`id`) ON DELETE CASCADE ON UPDATE NO ACTION
            ) ENGINE=InnoDB DEFAULT CHARSET=latin1;

            --
            -- Table structure for table `configobjectproperties`
            --
            CREATE TABLE `${primarySchema}`.`configobjectproperties` (
              `configobjects_id` bigint(20) unsigned NOT NULL,
              `propkey` varchar(255) NOT NULL,
              `proptype` varchar(32) DEFAULT NULL,
              `propvalue` text,
              KEY `fk_configobjectproperties_configobjects` (`configobjects_id`),
              KEY `idx_configobjectproperties_prop` (`propkey`,`propvalue`(23)),
              CONSTRAINT `fk_configobjectproperties_configobjects` FOREIGN KEY (`configobjects_id`) REFERENCES `configobjects` (`id`) ON DELETE CASCADE ON UPDATE NO ACTION
            ) ENGINE=InnoDB DEFAULT CHARSET=latin1;

            --
            -- Table structure for table `deferred_email`
            --
            CREATE TABLE `${primarySchema}`.`deferred_email` (
              `objectid` varchar(255) NOT NULL,
              `rev` varchar(38) NOT NULL,
              `data` mediumtext NOT NULL,
              PRIMARY KEY (`objectid`)
            ) ENGINE=InnoDB DEFAULT CHARSET=latin1;

            --
            -- Table structure for table `deferred_email_staging`
            --
            CREATE TABLE `${primarySchema}`.`deferred_email_staging` (
              `objectid` varchar(255) NOT NULL,
              `rev` varchar(38) NOT NULL,
              `data` mediumtext NOT NULL,
              PRIMARY KEY (`objectid`)
            ) ENGINE=InnoDB DEFAULT CHARSET=latin1;

            --
            -- Table structure for table `genericobjects`
            --
            CREATE TABLE `${primarySchema}`.`genericobjects` (
              `id` bigint(20) unsigned NOT NULL AUTO_INCREMENT,
              `objecttypes_id` bigint(20) unsigned NOT NULL,
              `objectid` varchar(255) NOT NULL,
              `rev` varchar(38) NOT NULL,
              `fullobject` mediumtext,
              PRIMARY KEY (`id`),
              UNIQUE KEY `idx_genericobjects_object` (`objecttypes_id`,`objectid`),
              KEY `fk_genericobjects_objecttypes` (`objecttypes_id`),
              CONSTRAINT `fk_genericobjects_objecttypes` FOREIGN KEY (`objecttypes_id`) REFERENCES `objecttypes` (`id`) ON DELETE CASCADE ON UPDATE NO ACTION
            ) ENGINE=InnoDB DEFAULT CHARSET=latin1;

            --
            -- Table structure for table `genericobjectproperties`
            --
            CREATE TABLE `${primarySchema}`.`genericobjectproperties` (
              `genericobjects_id` bigint(20) unsigned NOT NULL,
              `propkey` varchar(255) NOT NULL,
              `proptype` varchar(32) DEFAULT NULL,
              `propvalue` text,
              KEY `fk_genericobjectproperties_genericobjects` (`genericobjects_id`),
              KEY `idx_genericobjectproperties_prop` (`propkey`,`propvalue`(23)),
              CONSTRAINT `fk_genericobjectproperties_genericobjects` FOREIGN KEY (`genericobjects_id`) REFERENCES `genericobjects` (`id`) ON DELETE CASCADE ON UPDATE NO ACTION
            ) ENGINE=InnoDB DEFAULT CHARSET=latin1;

            --
            -- Table structure for table `group_mapping`
            --
            CREATE TABLE `${primarySchema}`.`group_mapping` (
              `id` mediumint(9) NOT NULL AUTO_INCREMENT,
              `name` varchar(255) NOT NULL,
              `dn` varchar(255) NOT NULL,
              `type` varchar(255) NOT NULL,
              PRIMARY KEY (`id`)
            ) ENGINE=InnoDB DEFAULT CHARSET=latin1;

            --
            -- Table structure for table `hrbu`
            --
            CREATE TABLE `${primarySchema}`.`hrbu` (
              `hrbu` varchar(38) NOT NULL,
              `ou` varchar(255) DEFAULT NULL,
              `home_drive` varchar(255) DEFAULT NULL,
              `home_dir` varchar(255) DEFAULT NULL,
              `login_script` varchar(255) DEFAULT NULL,
              `groups` text,
              `contractor_groups` text,
              `contingentworkertype_outside_worker_groups` text,
              `contingentworkertype_x_groups` text,
              `active_sync` tinyint(1) DEFAULT NULL,
              `city` tinyint(1) DEFAULT NULL,
              `mail_suffix` varchar(255) DEFAULT NULL,
              `secondary_mail_suffix` varchar(255) DEFAULT NULL,
              `itc_mail` varchar(255) DEFAULT NULL,
              `enabled` tinyint(1) DEFAULT '1',
              `manager_lookup_strategy` varchar(255) DEFAULT 'vantage',
              PRIMARY KEY (`hrbu`)
            ) ENGINE=InnoDB DEFAULT CHARSET=latin1;

            --
            -- Table structure for table `hrbu_city_street`
            --
            CREATE TABLE `${primarySchema}`.`hrbu_city_street` (
              `id` mediumint(9) NOT NULL AUTO_INCREMENT,
              `city` varchar(38) DEFAULT NULL,
              `street` varchar(38) DEFAULT NULL,
              `ou` varchar(255) DEFAULT NULL,
              `home_drive` varchar(255) DEFAULT NULL,
              `home_dir` varchar(255) DEFAULT NULL,
              `login_script` varchar(255) DEFAULT NULL,
              `groups` text,
              `contractor_groups` text,
              `contingentworkertype_outside_worker_groups` text,
              `contingentworkertype_x_groups` text,
              `active_sync` tinyint(1) DEFAULT NULL,
              `itc_mail` varchar(255) DEFAULT NULL,
              PRIMARY KEY (`id`)
            ) ENGINE=InnoDB DEFAULT CHARSET=latin1;

            --
            -- Table structure for table `internaluser`
            --
            CREATE TABLE `${primarySchema}`.`internaluser` (
              `objectid` varchar(254) NOT NULL,
              `rev` varchar(38) NOT NULL,
              `pwd` varchar(510) DEFAULT NULL,
              `roles` varchar(1024) DEFAULT NULL,
              PRIMARY KEY (`objectid`)
            ) ENGINE=InnoDB DEFAULT CHARSET=latin1;

            --
            -- Table structure for table `links`
            --
            CREATE TABLE `${primarySchema}`.`links` (
              `objectid` varchar(38) NOT NULL,
              `rev` varchar(38) NOT NULL,
              `linktype` varchar(255) NOT NULL,
              `firstid` varchar(255) NOT NULL,
              `secondid` varchar(255) NOT NULL,
              PRIMARY KEY (`objectid`),
              UNIQUE KEY `idx_links_first` (`linktype`,`firstid`),
              UNIQUE KEY `idx_links_second` (`linktype`,`secondid`)
            ) ENGINE=InnoDB DEFAULT CHARSET=latin1;

            --
            -- Table structure for table `managedobjects`
            --
            CREATE TABLE `${primarySchema}`.`managedobjects` (
              `id` bigint(20) unsigned NOT NULL AUTO_INCREMENT,
              `objecttypes_id` bigint(20) unsigned NOT NULL,
              `objectid` varchar(255) NOT NULL,
              `rev` varchar(38) NOT NULL,
              `fullobject` mediumtext,
              PRIMARY KEY (`id`),
              UNIQUE KEY `idx-managedobjects_object` (`objecttypes_id`,`objectid`),
              KEY `fk_managedobjects_objectypes` (`objecttypes_id`),
              CONSTRAINT `fk_managedobjects_objectypes` FOREIGN KEY (`objecttypes_id`) REFERENCES `objecttypes` (`id`) ON DELETE CASCADE ON UPDATE NO ACTION
            ) ENGINE=InnoDB DEFAULT CHARSET=latin1;

            --
            -- Table structure for table `managedobjectproperties`
            --
            CREATE TABLE `${primarySchema}`.`managedobjectproperties` (
              `managedobjects_id` bigint(20) unsigned NOT NULL,
              `propkey` varchar(255) NOT NULL,
              `proptype` varchar(32) DEFAULT NULL,
              `propvalue` text,
              KEY `fk_managedobjectproperties_managedobjects` (`managedobjects_id`),
              KEY `idx_managedobjectproperties_prop` (`propkey`,`propvalue`(23)),
              CONSTRAINT `fk_managedobjectproperties_managedobjects` FOREIGN KEY (`managedobjects_id`) REFERENCES `managedobjects` (`id`) ON DELETE CASCADE ON UPDATE NO ACTION
            ) ENGINE=InnoDB DEFAULT CHARSET=latin1;

            --
            -- Table structure for table `manageduser`
            --
            CREATE TABLE `${primarySchema}`.`manageduser` (
              `objectid` varchar(38) NOT NULL,
              `rev` varchar(38) NOT NULL,
              `uid` varchar(38) NOT NULL,
              `country` varchar(255) DEFAULT NULL,
              `middleName` varchar(255) DEFAULT NULL,
              `postalCode` varchar(255) DEFAULT NULL,
              `addressLastModified` varchar(255) DEFAULT NULL,
              `employee` varchar(255) DEFAULT NULL,
              `email` varchar(255) DEFAULT NULL,
              `address` varchar(255) CHARACTER SET utf8 DEFAULT NULL,
              `postalAddress` varchar(255) CHARACTER SET utf8 DEFAULT NULL,
              `legalName` varchar(255) DEFAULT NULL,
              `workerType` varchar(255) DEFAULT NULL,
              `userID` varchar(255) DEFAULT NULL,
              `city` varchar(255) DEFAULT NULL,
              `state` varchar(255) DEFAULT NULL,
              `workerID` varchar(255) DEFAULT NULL,
              `managerID` varchar(255) DEFAULT NULL,
              `firstName` varchar(255) DEFAULT NULL,
              `hrbu` varchar(255) DEFAULT NULL,
              `title` varchar(255) DEFAULT NULL,
              `lastName` varchar(255) DEFAULT NULL,
              `active` varchar(255) DEFAULT NULL,
              `fax` varchar(255) DEFAULT NULL,
              `mobile` varchar(255) DEFAULT NULL,
              `telephoneNumber` varchar(255) DEFAULT NULL,
              `trm` varchar(255) DEFAULT NULL,
              `dateActivated` varchar(255) DEFAULT NULL,
              `positionEffectiveDate` varchar(255) DEFAULT NULL,
              `legalPrefix` varchar(255) DEFAULT NULL,
              `legalSuffix` varchar(255) DEFAULT NULL,
              `preferredFirstName` varchar(255) DEFAULT NULL,
              `preferredLastName` varchar(255) DEFAULT NULL,
              `preferredPrefix` varchar(255) DEFAULT NULL,
              `preferredSuffix` varchar(255) DEFAULT NULL,
              `hrPartner` varchar(255) DEFAULT NULL,
              `hireDate` varchar(255) DEFAULT NULL,
              `leaveOfAbsence` varchar(5) DEFAULT 'false',
              `executiveDirector` varchar(255) DEFAULT NULL,
              `jobFamily` varchar(255) DEFAULT NULL,
              `ssn` varchar(255) DEFAULT NULL,
              `homePostalCode` varchar(255) DEFAULT NULL,
              `companyId` varchar(38) DEFAULT NULL,
              `workerTypeDescriptor` varchar(255) DEFAULT NULL,
              PRIMARY KEY (`objectid`),
              KEY `worker_id_idx` (`workerID`)
            ) ENGINE=InnoDB DEFAULT CHARSET=latin1;

            --
            -- Table structure for table `manageduser_correlated`
            --

            CREATE TABLE `${primarySchema}`.`manageduser_correlated` (
              `objectid` varchar(38) NOT NULL,
              `rev` varchar(38) NOT NULL,
              `uid` varchar(38) NOT NULL,
              `country` varchar(255) DEFAULT NULL,
              `middleName` varchar(255) DEFAULT NULL,
              `postalCode` varchar(255) DEFAULT NULL,
              `addressLastModified` varchar(255) DEFAULT NULL,
              `employee` varchar(255) DEFAULT NULL,
              `email` varchar(255) DEFAULT NULL,
              `address` varchar(255) CHARACTER SET utf8 DEFAULT NULL,
              `postalAddress` varchar(255) CHARACTER SET utf8 DEFAULT NULL,
              `legalName` varchar(255) DEFAULT NULL,
              `workerType` varchar(255) DEFAULT NULL,
              `userID` varchar(255) DEFAULT NULL,
              `city` varchar(255) DEFAULT NULL,
              `state` varchar(255) DEFAULT NULL,
              `workerID` varchar(255) DEFAULT NULL,
              `managerID` varchar(255) DEFAULT NULL,
              `firstName` varchar(255) DEFAULT NULL,
              `hrbu` varchar(255) DEFAULT NULL,
              `title` varchar(255) DEFAULT NULL,
              `lastName` varchar(255) DEFAULT NULL,
              `active` varchar(255) DEFAULT NULL,
              `fax` varchar(255) DEFAULT NULL,
              `mobile` varchar(255) DEFAULT NULL,
              `telephoneNumber` varchar(255) DEFAULT NULL,
              `trm` varchar(255) DEFAULT NULL,
              `dateActivated` varchar(255) DEFAULT NULL,
              `positionEffectiveDate` varchar(255) DEFAULT NULL,
              `legalPrefix` varchar(255) DEFAULT NULL,
              `legalSuffix` varchar(255) DEFAULT NULL,
              `preferredFirstName` varchar(255) DEFAULT NULL,
              `preferredLastName` varchar(255) DEFAULT NULL,
              `preferredPrefix` varchar(255) DEFAULT NULL,
              `preferredSuffix` varchar(255) DEFAULT NULL,
              `hrPartner` varchar(255) DEFAULT NULL,
              `futureUser` varchar(5) DEFAULT NULL,
              `leaveOfAbsence` varchar(5) DEFAULT 'false',
              `executiveDirector` varchar(255) DEFAULT NULL,
              `jobFamily` varchar(255) DEFAULT NULL,
              `ssn` varchar(255) DEFAULT NULL,
              `homePostalCode` varchar(255) DEFAULT NULL,
              `companyId` varchar(38) DEFAULT NULL,
              `workerTypeDescriptor` varchar(255) DEFAULT NULL,
              PRIMARY KEY (`objectid`)
            ) ENGINE=InnoDB DEFAULT CHARSET=latin1;

            --
            -- Table structure for table `manageduser_future`
            --
            CREATE TABLE `${primarySchema}`.`manageduser_future` (
              `objectid` varchar(38) NOT NULL,
              `rev` varchar(38) NOT NULL,
              `uid` varchar(38) NOT NULL,
              `country` varchar(255) DEFAULT NULL,
              `middleName` varchar(255) DEFAULT NULL,
              `postalCode` varchar(255) DEFAULT NULL,
              `addressLastModified` varchar(255) DEFAULT NULL,
              `employee` varchar(255) DEFAULT NULL,
              `email` varchar(255) DEFAULT NULL,
              `address` varchar(255) CHARACTER SET utf8 DEFAULT NULL,
              `postalAddress` varchar(255) CHARACTER SET utf8 DEFAULT NULL,
              `legalName` varchar(255) DEFAULT NULL,
              `workerType` varchar(255) DEFAULT NULL,
              `userID` varchar(255) DEFAULT NULL,
              `city` varchar(255) DEFAULT NULL,
              `state` varchar(255) DEFAULT NULL,
              `workerID` varchar(255) DEFAULT NULL,
              `managerID` varchar(255) DEFAULT NULL,
              `firstName` varchar(255) DEFAULT NULL,
              `hrbu` varchar(255) DEFAULT NULL,
              `title` varchar(255) DEFAULT NULL,
              `lastName` varchar(255) DEFAULT NULL,
              `active` varchar(255) DEFAULT NULL,
              `fax` varchar(255) DEFAULT NULL,
              `mobile` varchar(255) DEFAULT NULL,
              `telephoneNumber` varchar(255) DEFAULT NULL,
              `trm` varchar(255) DEFAULT NULL,
              `dateActivated` varchar(255) DEFAULT NULL,
              `positionEffectiveDate` varchar(255) DEFAULT NULL,
              `legalPrefix` varchar(255) DEFAULT NULL,
              `legalSuffix` varchar(255) DEFAULT NULL,
              `preferredFirstName` varchar(255) DEFAULT NULL,
              `preferredLastName` varchar(255) DEFAULT NULL,
              `preferredPrefix` varchar(255) DEFAULT NULL,
              `preferredSuffix` varchar(255) DEFAULT NULL,
              `hrPartner` varchar(255) DEFAULT NULL,
              `hireDate` varchar(255) DEFAULT NULL,
              `leaveOfAbsence` varchar(5) DEFAULT 'false',
              `executiveDirector` varchar(255) DEFAULT NULL,
              `jobFamily` varchar(255) DEFAULT NULL,
              `ssn` varchar(255) DEFAULT NULL,
              `homePostalCode` varchar(255) DEFAULT NULL,
              `companyId` varchar(38) DEFAULT NULL,
              `workerTypeDescriptor` varchar(255) DEFAULT NULL,
              PRIMARY KEY (`objectid`),
              KEY `worker_id_idx` (`workerID`)
            ) ENGINE=InnoDB DEFAULT CHARSET=latin1;

            --
            -- Table structure for table `prevent_loa_job_codes`
            --
            CREATE TABLE `${primarySchema}`.`prevent_loa_job_codes` (
              `objectid` int(11) NOT NULL AUTO_INCREMENT,
              `code` varchar(255) NOT NULL,
              `description` varchar(255) NOT NULL,
              PRIMARY KEY (`objectid`)
            ) ENGINE=InnoDB DEFAULT CHARSET=latin1;

            --
            -- Table structure for table `schedulerobjects`
            --
            CREATE TABLE `${primarySchema}`.`schedulerobjects` (
              `id` bigint(20) unsigned NOT NULL AUTO_INCREMENT,
              `objecttypes_id` bigint(20) unsigned NOT NULL,
              `objectid` varchar(255) NOT NULL,
              `rev` varchar(38) NOT NULL,
              `fullobject` mediumtext,
              PRIMARY KEY (`id`),
              UNIQUE KEY `idx-schedulerobjects_object` (`objecttypes_id`,`objectid`),
              KEY `fk_schedulerobjects_objectypes` (`objecttypes_id`),
              CONSTRAINT `fk_schedulerobjects_objectypes` FOREIGN KEY (`objecttypes_id`) REFERENCES `objecttypes` (`id`) ON DELETE CASCADE ON UPDATE NO ACTION
            ) ENGINE=InnoDB DEFAULT CHARSET=latin1;

            --
            -- Table structure for table `schedulerobjectproperties`
            --
            CREATE TABLE `${primarySchema}`.`schedulerobjectproperties` (
              `schedulerobjects_id` bigint(20) unsigned NOT NULL,
              `propkey` varchar(255) NOT NULL,
              `proptype` varchar(32) DEFAULT NULL,
              `propvalue` text,
              KEY `fk_schedulerobjectproperties_schedulerobjects` (`schedulerobjects_id`),
              KEY `idx_schedulerobjectproperties_prop` (`propkey`,`propvalue`(23)),
              CONSTRAINT `fk_schedulerobjectproperties_schedulerobjects` FOREIGN KEY (`schedulerobjects_id`) REFERENCES `schedulerobjects` (`id`) ON DELETE CASCADE ON UPDATE NO ACTION
            ) ENGINE=InnoDB DEFAULT CHARSET=latin1;

            --
            -- Table structure for table `uinotification`
            --
            CREATE TABLE `${primarySchema}`.`uinotification` (
              `objectid` varchar(38) NOT NULL,
              `rev` varchar(38) NOT NULL,
              `notificationType` varchar(255) NOT NULL,
              `createDate` varchar(255) NOT NULL,
              `message` text NOT NULL,
              `requester` varchar(255) DEFAULT NULL,
              `receiverId` varchar(38) NOT NULL,
              `requesterId` varchar(38) DEFAULT NULL,
              `notificationSubtype` varchar(255) DEFAULT NULL,
              PRIMARY KEY (`objectid`)
            ) ENGINE=InnoDB DEFAULT CHARSET=latin1;

            --
            -- Table structure for table `uson_user_attributes`
            --
            CREATE TABLE `${primarySchema}`.`uson_user_attributes` (
              `objectid` varchar(255) NOT NULL,
              `rev` varchar(38) NOT NULL,
              `ismanagerlinked` varchar(5) NOT NULL,
              `ispasswordset` varchar(5) NOT NULL,
              `active` varchar(5) NOT NULL,
              `hrbu` varchar(255) NOT NULL,
              `employee` varchar(5) NOT NULL,
              `sourceid` varchar(38) NOT NULL,
              `namedata` mediumtext NOT NULL,
              `leaveOfAbsence` varchar(5) DEFAULT 'false',
              `currentCity` varchar(255) DEFAULT NULL,
              `currentAddress` varchar(255) DEFAULT NULL,
              `companyId` varchar(38) DEFAULT NULL,
              `accountExpiredNotificationTimestamp` varchar(19) DEFAULT NULL,
              `workerTypeDescriptor` varchar(255) DEFAULT NULL,
              PRIMARY KEY (`objectid`)
            ) ENGINE=InnoDB DEFAULT CHARSET=latin1;

            --
            -- Table structure for table `uson_user_attributes_staging`
            --
            CREATE TABLE `${primarySchema}`.`uson_user_attributes_staging` (
              `objectid` varchar(255) NOT NULL,
              `rev` varchar(38) NOT NULL,
              `ismanagerlinked` varchar(5) NOT NULL,
              `ispasswordset` varchar(5) NOT NULL,
              `active` varchar(5) NOT NULL,
              `hrbu` varchar(255) NOT NULL,
              `employee` varchar(5) NOT NULL,
              `sourceid` varchar(38) NOT NULL,
              `namedata` mediumtext NOT NULL,
              `leaveOfAbsence` varchar(5) DEFAULT 'false',
              `currentCity` varchar(255) DEFAULT NULL,
              `currentAddress` varchar(255) DEFAULT NULL,
              `companyId` varchar(38) DEFAULT NULL,
              `accountExpiredNotificationTimestamp` varchar(19) DEFAULT NULL,
              `workerTypeDescriptor` varchar(255) DEFAULT NULL,
              PRIMARY KEY (`objectid`)
            ) ENGINE=InnoDB DEFAULT CHARSET=latin1;

            CREATE ALGORITHM=UNDEFINED SQL SECURITY INVOKER
            VIEW `${primarySchema}`.`audit_async_recon` AS select
              `${auditSchema}`.`audit_async_recon`.`id` AS `id`,
              `${auditSchema}`.`audit_async_recon`.`objectid` AS `objectid`,
              `${auditSchema}`.`audit_async_recon`.`eventdate` AS `eventdate`,
              `${auditSchema}`.`audit_async_recon`.`reconid` AS `reconid`,
              `${auditSchema}`.`audit_async_recon`.`mapping` AS `mapping`,
              `${auditSchema}`.`audit_async_recon`.`sourceid` AS `sourceid`,
              `${auditSchema}`.`audit_async_recon`.`action` AS `action`,
              `${auditSchema}`.`audit_async_recon`.`situation` AS `situation`,
              `${auditSchema}`.`audit_async_recon`.`status` AS `status`,
              `${auditSchema}`.`audit_async_recon`.`message` AS `message`,
              `${auditSchema}`.`audit_async_recon`.`target` AS `target`
            from `${auditSchema}`.`audit_async_recon`;

            --
            -- Final view structure for view `auditaccess`
            --
            CREATE ALGORITHM=UNDEFINED SQL SECURITY INVOKER
            VIEW `${primarySchema}`.`auditaccess` AS select
              `${auditSchema}`.`auditaccess`.`objectid` AS `objectid`,
              `${auditSchema}`.`auditaccess`.`activitydate` AS `activitydate`,
              `${auditSchema}`.`auditaccess`.`activity` AS `activity`,
              `${auditSchema}`.`auditaccess`.`ip` AS `ip`,
              `${auditSchema}`.`auditaccess`.`principal` AS `principal`,
              `${auditSchema}`.`auditaccess`.`roles` AS `roles`,
              `${auditSchema}`.`auditaccess`.`status` AS `status`
            from `${auditSchema}`.`auditaccess`;

            --
            -- Final view structure for view `auditactivity`
            CREATE ALGORITHM=UNDEFINED SQL SECURITY INVOKER
            VIEW `${primarySchema}`.`auditactivity` AS select
              `${auditSchema}`.`auditactivity`.`objectid` AS `objectid`,
              `${auditSchema}`.`auditactivity`.`rootactionid` AS `rootactionid`,
              `${auditSchema}`.`auditactivity`.`parentactionid` AS `parentactionid`,
              `${auditSchema}`.`auditactivity`.`activityid` AS `activityid`,
              `${auditSchema}`.`auditactivity`.`activitydate` AS `activitydate`,
              `${auditSchema}`.`auditactivity`.`activity` AS `activity`,
              `${auditSchema}`.`auditactivity`.`message` AS `message`,
              `${auditSchema}`.`auditactivity`.`subjectid` AS `subjectid`,
              `${auditSchema}`.`auditactivity`.`subjectrev` AS `subjectrev`,
              `${auditSchema}`.`auditactivity`.`requester` AS `requester`,
              `${auditSchema}`.`auditactivity`.`approver` AS `approver`,
              `${auditSchema}`.`auditactivity`.`subjectbefore` AS `subjectbefore`,
              `${auditSchema}`.`auditactivity`.`subjectafter` AS `subjectafter`,
              `${auditSchema}`.`auditactivity`.`status` AS `status`,
              `${auditSchema}`.`auditactivity`.`changedfields` AS `changedfields`,
              `${auditSchema}`.`auditactivity`.`passwordchanged` AS `passwordchanged`
            from `${auditSchema}`.`auditactivity`;

            --
            -- Final view structure for view `auditrecon`
            --

            CREATE ALGORITHM=UNDEFINED SQL SECURITY INVOKER
            VIEW `${primarySchema}`.`auditrecon` AS select
              `${auditSchema}`.`auditrecon`.`objectid` AS `objectid`,
              `${auditSchema}`.`auditrecon`.`entrytype` AS `entrytype`,
              `${auditSchema}`.`auditrecon`.`rootactionid` AS `rootactionid`,
              `${auditSchema}`.`auditrecon`.`reconid` AS `reconid`,
              `${auditSchema}`.`auditrecon`.`reconciling` AS `reconciling`,
              `${auditSchema}`.`auditrecon`.`sourceobjectid` AS `sourceobjectid`,
              `${auditSchema}`.`auditrecon`.`targetobjectid` AS `targetobjectid`,
              `${auditSchema}`.`auditrecon`.`ambiguoustargetobjectids` AS `ambiguoustargetobjectids`,
              `${auditSchema}`.`auditrecon`.`activitydate` AS `activitydate`,
              `${auditSchema}`.`auditrecon`.`situation` AS `situation`,
              `${auditSchema}`.`auditrecon`.`activity` AS `activity`,
              `${auditSchema}`.`auditrecon`.`status` AS `status`,
              `${auditSchema}`.`auditrecon`.`message` AS `message`,
              `${auditSchema}`.`auditrecon`.`mapping` AS `mapping`
            from `${auditSchema}`.`auditrecon`;

            CREATE ALGORITHM=UNDEFINED SQL SECURITY INVOKER
            VIEW `${primarySchema}`.`hrbu_view` AS select
              `h`.`hrbu` AS `hrbu`,
              `hcs`.`city` AS `city`,
              `hcs`.`street` AS `street`,
              (case when `h`.`city` then `hcs`.`ou` else `h`.`ou` end) AS `ou`,
              (case when `h`.`city` then `hcs`.`home_drive` else `h`.`home_drive` end) AS `home_drive`,
              (case when `h`.`city` then `hcs`.`home_dir` else `h`.`home_dir` end) AS `home_dir`,
              (case when `h`.`city` then `hcs`.`login_script` else `h`.`login_script` end) AS `login_script`,
              (case when `h`.`city` then `hcs`.`groups` else `h`.`groups` end) AS `groups`,
              (case when `h`.`city` then `hcs`.`contractor_groups` else `h`.`contractor_groups` end) AS `contractor_groups`,
              (case when `h`.`city` then `hcs`.`contingentworkertype_outside_worker_groups` else `h`.`contingentworkertype_outside_worker_groups` end) AS `contingentworkertype_outside_worker_groups`,
              (case when `h`.`city` then `hcs`.`contingentworkertype_x_groups` else `h`.`contingentworkertype_x_groups` end) AS `contingentworkertype_x_groups`,
              (case when `h`.`city` then `hcs`.`active_sync` else `h`.`active_sync` end) AS `active_sync`,
              (case when (`h`.`city` and isnull(`hcs`.`city`)) then 'true' else 'false' end) AS `notify_manager`,
              `h`.`mail_suffix` AS `mail_suffix`,
              `h`.`secondary_mail_suffix` AS `secondary_mail_suffix`,
              (case when `h`.`city` then `hcs`.`itc_mail` else `h`.`itc_mail` end) AS `itc_mail`,
              `h`.`enabled` AS `enabled`,
              `h`.`manager_lookup_strategy` AS `manager_lookup_strategy`
            from (`hrbu` `h` left join `hrbu_city_street` `hcs` on((`h`.`city` = 1)));

            CREATE ALGORITHM=UNDEFINED SQL SECURITY INVOKER
            VIEW `${primarySchema}`.`sync_report` AS select
              `aar`.`id` AS `id`,
              `aar`.`objectid` AS `objectid`,
              `aar`.`eventdate` AS `eventdate`,
              `aar`.`reconid` AS `reconid`,
              `aar`.`mapping` AS `mapping`,
              `aar`.`sourceid` AS `sourceid`,
              `aar`.`action` AS `action`,
              `aar`.`situation` AS `situation`,
              `aar`.`status` AS `status`,
              replace(replace(replace(`aar`.`message`,'\\\\','\\'),'\\n','\n'),'\\r','\r') AS `message`,
              replace(replace(replace(`aar`.`target`,'\\\\','\\'),'\\n','\n'),'\\r','\r') AS `target`,
              `mu`.`rev` AS `rev`,
              `mu`.`uid` AS `uid`,
              `mu`.`country` AS `country`,
              `mu`.`middleName` AS `middleName`,
              `mu`.`postalCode` AS `postalCode`,
              `mu`.`addressLastModified` AS `addressLastModified`,
              `mu`.`employee` AS `employee`,
              `mu`.`email` AS `email`,
              replace(replace(`mu`.`address`,'\\n','\n'),'\\r','\r') AS `address`,
              replace(replace(`mu`.`postalAddress`,'\\n','\n'),'\\r','\r') AS `postalAddress`,
              `mu`.`workerType` AS `workerType`,
              `mu`.`userID` AS `userID`,
              `mu`.`city` AS `city`,
              `mu`.`state` AS `state`,
              `mu`.`workerID` AS `workerID`,
              `mu`.`managerID` AS `managerID`,
              `mu`.`hrbu` AS `hrbu`,
              `mu`.`title` AS `title`,
              `mu`.`legalPrefix` AS `legalPrefix`,
              `mu`.`firstName` AS `firstName`,
              `mu`.`lastName` AS `lastName`,
              `mu`.`legalSuffix` AS `legalSuffix`,
              `mu`.`legalName` AS `legalName`,
              `mu`.`preferredPrefix` AS `preferredPrefix`,
              `mu`.`preferredFirstName` AS `preferredFirstName`,
              `mu`.`preferredLastName` AS `preferredLastName`,
              `mu`.`preferredSuffix` AS `preferredSuffix`,
              `mu`.`active` AS `active`,
              `mu`.`fax` AS `fax`,
              `mu`.`mobile` AS `mobile`,
              `mu`.`telephoneNumber` AS `telephoneNumber`,
              `mu`.`trm` AS `trm`,
              `mu`.`hrPartner` AS `hrPartner`,
              `mu`.`leaveOfAbsence` AS `leaveOfAbsence`,
              `mu`.`executiveDirector` AS `executiveDirector`,
              `mu`.`companyId` AS `companyId`,
              `mu`.`workerTypeDescriptor` AS `workerTypeDescriptor`,
              `mu`.`futureUser` AS `futureUser`
            from (`${primarySchema}`.`audit_async_recon` `aar` left join
              `${primarySchema}`.`manageduser_correlated` `mu`
              on((`aar`.`sourceid` = `mu`.`objectid`)));
        ]]></sql>
    </changeSet>

    <changeSet id="create-legacy-stored-procedures" author="els1gkr" context="legacy">
        <sql dbms="mysql" endDelimiter="$"><![CDATA[
            SET sql_mode = 'NO_ENGINE_SUBSTITUTION' $

            DROP PROCEDURE IF EXISTS `${primarySchema}`.`correlate_users` $

            CREATE PROCEDURE `${primarySchema}`.`correlate_users`()
                DETERMINISTIC
                SQL SECURITY INVOKER
            BEGIN
              DECLARE `objectid` varchar(38);
              DECLARE `rev` varchar(38);
              DECLARE `uid` varchar(38);
              DECLARE `country` varchar(255);
              DECLARE `middleName` varchar(255);
              DECLARE `postalCode` varchar(255);
              DECLARE `addressLastModified` varchar(255);
              DECLARE `employee` varchar(255);
              DECLARE `email` varchar(255);
              DECLARE `address` varchar(255);
              DECLARE `postalAddress` varchar(255);
              DECLARE `legalName` varchar(255);
              DECLARE `workerType` varchar(255);
              DECLARE `userID` varchar(255);
              DECLARE `city` varchar(255);
              DECLARE `state` varchar(255);
              DECLARE `workerID` varchar(255);
              DECLARE `managerID` varchar(255);
              DECLARE `firstName` varchar(255);
              DECLARE `hrbu` varchar(255);
              DECLARE `title` varchar(255);
              DECLARE `lastName` varchar(255);
              DECLARE `active` varchar(255);
              DECLARE `fax` varchar(255);
              DECLARE `mobile` varchar(255);
              DECLARE `telephoneNumber` varchar(255);
              DECLARE `trm` varchar(255);
              DECLARE `dateActivated` varchar(255);
              DECLARE `positionEffectiveDate` varchar(255);
              DECLARE `legalPrefix` varchar(255);
              DECLARE `legalSuffix` varchar(255);
              DECLARE `preferredFirstName` varchar(255);
              DECLARE `preferredLastName` varchar(255);
              DECLARE `preferredPrefix` varchar(255);
              DECLARE `preferredSuffix` varchar(255);
              DECLARE `hrPartner` varchar(255);
              DECLARE `hireDate` varchar(255);
              DECLARE `leaveOfAbsence` varchar(5);
              DECLARE `executiveDirector` varchar(255);
              DECLARE `jobFamily` varchar(255);
              DECLARE `ssn` varchar(255);
              DECLARE `homePostalCode` varchar(255);
              DECLARE `companyId` varchar(38);
              DECLARE `workerTypeDescriptor` varchar(255);
              DECLARE `futureUser` varchar(255);

              DECLARE done INT DEFAULT FALSE;
              DECLARE currentWorkerID VARCHAR(255) DEFAULT "";

              DECLARE users CURSOR FOR

              SELECT * FROM(
              SELECT mu.*, 'false' AS futureUser FROM manageduser mu
              UNION ALL
              SELECT muf.*, 'true' AS futureUser FROM manageduser_future muf WHERE muf.trm = "false" and muf.hireDate is not null
                  AND EXISTS(SELECT 1 FROM manageduser LIMIT 1)
                  AND muf.workerID not in (SELECT distinct u.workerID FROM manageduser u WHERE u.trm = "false")
              ) AS result ORDER BY result.workerID, result.trm ASC, result.futureUser ASC, result.positionEffectiveDate DESC;

              DECLARE CONTINUE HANDLER FOR NOT FOUND SET done = TRUE;

              START TRANSACTION;
              delete from manageduser_correlated;
              OPEN users;

              process_loop: LOOP
              FETCH users into objectid,rev,uid,country,middleName,postalCode,addressLastModified,employee,email,address,postalAddress,legalName,workerType,userID,city,state,workerID,managerID,firstName,hrbu,title,lastName,active,fax,mobile,telephoneNumber,trm,dateActivated,positionEffectiveDate,legalPrefix,legalSuffix,preferredFirstName,preferredLastName,preferredPrefix,preferredSuffix,hrPartner,hireDate,leaveOfAbsence,executiveDirector,jobFamily,ssn,homePostalCode,companyId,workerTypeDescriptor,futureUser;


              IF done THEN
              LEAVE process_loop;
              END IF;

              IF IFNULL(currentWorkerID, '') <> IFNULL(workerID, '') THEN
                  SET currentWorkerID := workerID;

                  IF futureUser = "true" THEN
                      SET active := "false";
                      SET leaveOfAbsence := "false";
                  END IF;

                  INSERT INTO manageduser_correlated VALUES(objectid,rev,uid,country,middleName,postalCode,addressLastModified,employee,email,address,postalAddress,legalName,workerType,userID,city,state,workerID,managerID,firstName,hrbu,title,lastName,active,fax,mobile,telephoneNumber,trm,dateActivated,positionEffectiveDate,legalPrefix,legalSuffix,preferredFirstName,preferredLastName,preferredPrefix,preferredSuffix,hrPartner,futureUser,leaveOfAbsence,executiveDirector,jobFamily,ssn,homePostalCode,companyId,workerTypeDescriptor);
              END IF;

              END LOOP;
              CLOSE users;
              COMMIT;
              SELECT true AS result;

            END $

            DROP PROCEDURE IF EXISTS `${primarySchema}`.`dry_run_prepare` $
            CREATE PROCEDURE `${primarySchema}`.`dry_run_prepare`()
                DETERMINISTIC
                SQL SECURITY INVOKER
            BEGIN
                DELETE FROM `${primarySchema}`.`uson_user_attributes_staging`;
                INSERT INTO `${primarySchema}`.`uson_user_attributes_staging` SELECT * FROM `${primarySchema}`.`uson_user_attributes`;
                SELECT true AS result;
            END $
        ]]></sql>
    </changeSet>

    <changeSet id="load-configuration-data" author="els1gkr" context="legacy" runAlways="true" runInTransaction="true">
        <sql><![CDATA[
            DELETE FROM `${primarySchema}`.`hrbu`;

            LOAD DATA LOCAL INFILE "./legacy/data/hrbu.csv" INTO TABLE `${primarySchema}`.`hrbu`
            COLUMNS TERMINATED BY ',' OPTIONALLY ENCLOSED BY '"' ESCAPED BY '' LINES TERMINATED BY '\r\n'
            IGNORE 1 ROWS
            (@hrbu, @ou, @home_drive, @home_dir, @login_script, @active_sync, @city, @mail_suffix,
            @secondary_mail_suffix, @itc_mail, @enabled, @manager_lookup_strategy, @groups, @contractor_groups, @contingentworkertype_outside_worker_groups, @contingentworkertype_x_groups)
            SET
                `hrbu`=IF(@hrbu="NULL", NULL, @hrbu),
                `ou`=IF(@ou="NULL", NULL, @ou),
                `home_drive`=IF(@home_drive="NULL", NULL, @home_drive),
                `home_dir`=IF(@home_dir="NULL", NULL, @home_dir),
                `login_script`=IF(@login_script="NULL", NULL, @login_script),
                `groups`=IF(@groups="NULL", NULL, @groups),
                `contractor_groups`=IF(@contractor_groups="NULL", NULL, @contractor_groups),
                `contingentworkertype_outside_worker_groups`=IF(@contingentworkertype_outside_worker_groups="NULL", NULL, @contingentworkertype_outside_worker_groups),
                `contingentworkertype_x_groups`=IF(@contingentworkertype_x_groups="NULL", NULL, @contingentworkertype_x_groups),
                `active_sync`=IF(@active_sync="NULL", NULL, @active_sync),
                `city`=IF(@city="NULL", NULL, @city),
                `mail_suffix`=IF(@mail_suffix="NULL", NULL, @mail_suffix),
                `secondary_mail_suffix`=IF(@secondary_mail_suffix="NULL", NULL, @secondary_mail_suffix),
                `itc_mail`=IF(@itc_mail="NULL", NULL, @itc_mail),
                `enabled`=IF(@enabled="NULL", NULL, @enabled),
                `manager_lookup_strategy`=IF(@manager_lookup_strategy="NULL", NULL, @manager_lookup_strategy);

            DELETE FROM `${primarySchema}`.`hrbu_city_street`;

            LOAD DATA LOCAL INFILE "./legacy/data/hrbu_city_street.csv" INTO TABLE `${primarySchema}`.`hrbu_city_street`
            COLUMNS TERMINATED BY ',' OPTIONALLY ENCLOSED BY '"' ESCAPED BY '' LINES TERMINATED BY '\r\n'
            IGNORE 1 ROWS
            (@id, @city, @street, @ou, @home_drive, @home_dir, @login_script, @active_sync, @itc_mail, @groups, @contractor_groups, @contingentworkertype_outside_worker_groups, @contingentworkertype_x_groups)
            SET
                `id`=IF(@id="NULL", NULL, @id),
                `city`=IF(@city="NULL", NULL, @city),
                `street`=IF(@street="NULL", NULL, @street),
                `ou`=IF(@ou="NULL", NULL, @ou),
                `home_drive`=IF(@home_drive="NULL", NULL, @home_drive),
                `home_dir`=IF(@home_dir="NULL", NULL, @home_dir),
                `login_script`=IF(@login_script="NULL", NULL, @login_script),
                `groups`=IF(@groups="NULL", NULL, @groups),
                `contractor_groups`=IF(@contractor_groups="NULL", NULL, @contractor_groups),
                `contingentworkertype_outside_worker_groups`=IF(@contingentworkertype_outside_worker_groups="NULL", NULL, @contingentworkertype_outside_worker_groups),
                `contingentworkertype_x_groups`=IF(@contingentworkertype_x_groups="NULL", NULL, @contingentworkertype_x_groups),
                `active_sync`=IF(@active_sync="NULL", NULL, @active_sync),
                `itc_mail`=IF(@itc_mail="NULL", NULL, @itc_mail);

            DELETE FROM `${primarySchema}`.`group_mapping`;

            LOAD DATA LOCAL INFILE "./legacy/data/group_mapping.csv" INTO TABLE `${primarySchema}`.`group_mapping`
            COLUMNS TERMINATED BY ',' OPTIONALLY ENCLOSED BY '"' ESCAPED BY '' LINES TERMINATED BY '\r\n'
            IGNORE 1 ROWS
            (@id, @name, @dn, @type)
            SET
                `id`=IF(@id="NULL", NULL, @id),
                `name`=IF(@name="NULL", NULL, @name),
                `dn`=IF(@dn="NULL", NULL, @dn),
                `type`=IF(@type="NULL", NULL, @type);

            DELETE FROM `${primarySchema}`.`prevent_loa_job_codes`;

            LOAD DATA LOCAL INFILE "./legacy/data/prevent_loa_job_codes.csv" INTO TABLE `${primarySchema}`.`prevent_loa_job_codes`
            COLUMNS TERMINATED BY ',' OPTIONALLY ENCLOSED BY '"' ESCAPED BY '' LINES TERMINATED BY '\r\n'
            IGNORE 1 ROWS
            (@code, @description)
            SET
                `code`=IF(@code="NULL", NULL, @code),
                `description`=IF(@description="NULL", NULL, @description);
         ]]></sql>
    </changeSet>

    <changeSet id="primarySchemaLegacy-add-configobjectproperties-surrogate-pk" author="els1gkr" context="legacy">
        <preConditions onFail="MARK_RAN" onSqlOutput="TEST">
            <not>
                <columnExists columnName="surrogatePK" tableName="configobjectproperties" schemaName="${primarySchema}"/>
            </not>
        </preConditions>

        <addColumn tableName="configobjectproperties" schemaName="${primarySchema}">
            <column name="surrogatePK" type="int(11)" autoIncrement="true">
                <constraints nullable="false" primaryKey="true" />
            </column>
        </addColumn>
    </changeSet>

    <changeSet id="primarySchemaLegacy-add-genericobjectproperties-surrogate-pk" author="els1gkr" context="legacy">
        <preConditions onFail="MARK_RAN" onSqlOutput="TEST">
            <not>
                <columnExists columnName="surrogatePK" tableName="genericobjectproperties" schemaName="${primarySchema}"/>
            </not>
        </preConditions>

        <addColumn tableName="genericobjectproperties" schemaName="${primarySchema}">
            <column name="surrogatePK" type="int(11)" autoIncrement="true">
                <constraints nullable="false" primaryKey="true" />
            </column>
        </addColumn>
    </changeSet>

    <changeSet id="primarySchemaLegacy-add-managedobjectproperties-surrogate-pk" author="els1gkr" context="legacy">
        <preConditions onFail="MARK_RAN" onSqlOutput="TEST">
            <not>
                <columnExists columnName="surrogatePK" tableName="managedobjectproperties" schemaName="${primarySchema}"/>
            </not>
        </preConditions>

        <addColumn tableName="managedobjectproperties" schemaName="${primarySchema}">
            <column name="surrogatePK" type="int(11)" autoIncrement="true">
                <constraints nullable="false" primaryKey="true" />
            </column>
        </addColumn>
    </changeSet>

    <changeSet id="primarySchemaLegacy-add-schedulerobjectproperties-surrogate-pk" author="els1gkr" context="legacy">
        <preConditions onFail="MARK_RAN" onSqlOutput="TEST">
            <not>
                <columnExists columnName="surrogatePK" tableName="schedulerobjectproperties" schemaName="${primarySchema}"/>
            </not>
        </preConditions>

        <addColumn tableName="schedulerobjectproperties" schemaName="${primarySchema}">
            <column name="surrogatePK" type="int(11)" autoIncrement="true">
                <constraints nullable="false" primaryKey="true" />
            </column>
        </addColumn>
    </changeSet>

    <changeSet id="primarySchemaLegacy-add-schemaversion-surrogate-pk" author="els1gkr" context="legacy">
        <preConditions onFail="MARK_RAN" onSqlOutput="TEST">
            <and>
                <tableExists tableName="schemaversion" schemaName="${primarySchema}" />
                <not>
                    <columnExists columnName="surrogatePK" tableName="schemaversion" schemaName="${primarySchema}" />
                </not>
            </and>
        </preConditions>

        <addColumn tableName="schemaversion" schemaName="${primarySchema}">
            <column name="surrogatePK" type="int(11)" autoIncrement="true">
                <constraints nullable="false" primaryKey="true" />
            </column>
        </addColumn>
    </changeSet>

    <changeSet id="primarySchemaLegacy-grants" author="els1gkr" context="grants" failOnError="false" runOnChange="true">
        <sql dbms="mysql">
            GRANT SELECT, INSERT, CREATE ON `${auditSchema}`.* TO ${dbUser} REQUIRE SSL;
            GRANT SELECT, INSERT, CREATE ON `${auditSchema}`.* TO ${dbUser}@'%' REQUIRE SSL;
            GRANT SELECT, INSERT, CREATE ON `${auditSchema}`.* TO ${dbUser}@localhost REQUIRE SSL;

            GRANT EXECUTE ON `${primarySchema}`.* TO ${dbUser} REQUIRE SSL;
            GRANT EXECUTE ON `${primarySchema}`.* TO ${dbUser}@'%' REQUIRE SSL;
            GRANT EXECUTE ON `${primarySchema}`.* TO ${dbUser}@localhost REQUIRE SSL;

            GRANT CREATE, INDEX, ALTER, DELETE, INSERT, SELECT, UPDATE on `${primarySchema}`.* TO ${dbUser} REQUIRE SSL;
            GRANT CREATE, INDEX, ALTER, DELETE, INSERT, SELECT, UPDATE on `${primarySchema}`.* TO ${dbUser}@'%' REQUIRE SSL;
            GRANT CREATE, INDEX, ALTER, DELETE, INSERT, SELECT, UPDATE on `${primarySchema}`.* TO ${dbUser}@localhost REQUIRE SSL;
        </sql>
     </changeSet>

    <changeSet author="els1gkr" id="primarySchema-tag-legacy" context="legacy">
        <tagDatabase tag="primarySchema-legacy" />
    </changeSet>

    <changeSet author="ekf4p1t" id="primarySchemaLegacy-IAMMSH-854-2018-05-29-1" context="legacy">
        <addColumn tableName="manageduser" schemaName="${primarySchema}">
            <column name="glPayType" type="VARCHAR(5)" afterColumn="workerTypeDescriptor" />
        </addColumn>
        <addColumn tableName="manageduser_correlated" schemaName="${primarySchema}">
            <column name="glPayType" type="VARCHAR(5)" afterColumn="workerTypeDescriptor" />
        </addColumn>
        <addColumn tableName="manageduser_future" schemaName="${primarySchema}">
            <column name="glPayType" type="VARCHAR(5)" afterColumn="workerTypeDescriptor" />
        </addColumn>
        <createView fullDefinition="true" viewName="sync_report" schemaName="${primarySchema}"><![CDATA[
            CREATE OR REPLACE ALGORITHM=UNDEFINED SQL SECURITY INVOKER
            VIEW `${primarySchema}`.`sync_report` AS select
              `aar`.`id` AS `id`,
              `aar`.`objectid` AS `objectid`,
              `aar`.`eventdate` AS `eventdate`,
              `aar`.`reconid` AS `reconid`,
              `aar`.`mapping` AS `mapping`,
              `aar`.`sourceid` AS `sourceid`,
              `aar`.`action` AS `action`,
              `aar`.`situation` AS `situation`,
              `aar`.`status` AS `status`,
              replace(replace(replace(`aar`.`message`,'\\\\','\\'),'\\n','\n'),'\\r','\r') AS `message`,
              replace(replace(replace(`aar`.`target`,'\\\\','\\'),'\\n','\n'),'\\r','\r') AS `target`,
              `mu`.`rev` AS `rev`,
              `mu`.`uid` AS `uid`,
              `mu`.`country` AS `country`,
              `mu`.`middleName` AS `middleName`,
              `mu`.`postalCode` AS `postalCode`,
              `mu`.`addressLastModified` AS `addressLastModified`,
              `mu`.`employee` AS `employee`,
              `mu`.`email` AS `email`,
              replace(replace(`mu`.`address`,'\\n','\n'),'\\r','\r') AS `address`,
              replace(replace(`mu`.`postalAddress`,'\\n','\n'),'\\r','\r') AS `postalAddress`,
              `mu`.`workerType` AS `workerType`,
              `mu`.`userID` AS `userID`,
              `mu`.`city` AS `city`,
              `mu`.`state` AS `state`,
              `mu`.`workerID` AS `workerID`,
              `mu`.`managerID` AS `managerID`,
              `mu`.`hrbu` AS `hrbu`,
              `mu`.`title` AS `title`,
              `mu`.`legalPrefix` AS `legalPrefix`,
              `mu`.`firstName` AS `firstName`,
              `mu`.`lastName` AS `lastName`,
              `mu`.`legalSuffix` AS `legalSuffix`,
              `mu`.`legalName` AS `legalName`,
              `mu`.`preferredPrefix` AS `preferredPrefix`,
              `mu`.`preferredFirstName` AS `preferredFirstName`,
              `mu`.`preferredLastName` AS `preferredLastName`,
              `mu`.`preferredSuffix` AS `preferredSuffix`,
              `mu`.`active` AS `active`,
              `mu`.`fax` AS `fax`,
              `mu`.`mobile` AS `mobile`,
              `mu`.`telephoneNumber` AS `telephoneNumber`,
              `mu`.`trm` AS `trm`,
              `mu`.`hrPartner` AS `hrPartner`,
              `mu`.`leaveOfAbsence` AS `leaveOfAbsence`,
              `mu`.`executiveDirector` AS `executiveDirector`,
              `mu`.`companyId` AS `companyId`,
              `mu`.`workerTypeDescriptor` AS `workerTypeDescriptor`,
              `mu`.`glPayType` AS `glPayType`,
              `mu`.`futureUser` AS `futureUser`
            from (`${primarySchema}`.`audit_async_recon` `aar` left join
              `${primarySchema}`.`manageduser_correlated` `mu`
              on((`aar`.`sourceid` = `mu`.`objectid`)));
        ]]></createView>
        <sql dbms="mysql" endDelimiter="$"><![CDATA[
            SET sql_mode = 'NO_ENGINE_SUBSTITUTION' $

            DROP PROCEDURE IF EXISTS `${primarySchema}`.`correlate_users` $

            CREATE PROCEDURE `${primarySchema}`.`correlate_users`()
                DETERMINISTIC
                SQL SECURITY INVOKER
            BEGIN
              DECLARE `objectid` varchar(38);
              DECLARE `rev` varchar(38);
              DECLARE `uid` varchar(38);
              DECLARE `country` varchar(255);
              DECLARE `middleName` varchar(255);
              DECLARE `postalCode` varchar(255);
              DECLARE `addressLastModified` varchar(255);
              DECLARE `employee` varchar(255);
              DECLARE `email` varchar(255);
              DECLARE `address` varchar(255);
              DECLARE `postalAddress` varchar(255);
              DECLARE `legalName` varchar(255);
              DECLARE `workerType` varchar(255);
              DECLARE `userID` varchar(255);
              DECLARE `city` varchar(255);
              DECLARE `state` varchar(255);
              DECLARE `workerID` varchar(255);
              DECLARE `managerID` varchar(255);
              DECLARE `firstName` varchar(255);
              DECLARE `hrbu` varchar(255);
              DECLARE `title` varchar(255);
              DECLARE `lastName` varchar(255);
              DECLARE `active` varchar(255);
              DECLARE `fax` varchar(255);
              DECLARE `mobile` varchar(255);
              DECLARE `telephoneNumber` varchar(255);
              DECLARE `trm` varchar(255);
              DECLARE `dateActivated` varchar(255);
              DECLARE `positionEffectiveDate` varchar(255);
              DECLARE `legalPrefix` varchar(255);
              DECLARE `legalSuffix` varchar(255);
              DECLARE `preferredFirstName` varchar(255);
              DECLARE `preferredLastName` varchar(255);
              DECLARE `preferredPrefix` varchar(255);
              DECLARE `preferredSuffix` varchar(255);
              DECLARE `hrPartner` varchar(255);
              DECLARE `hireDate` varchar(255);
              DECLARE `leaveOfAbsence` varchar(5);
              DECLARE `executiveDirector` varchar(255);
              DECLARE `jobFamily` varchar(255);
              DECLARE `ssn` varchar(255);
              DECLARE `homePostalCode` varchar(255);
              DECLARE `companyId` varchar(38);
              DECLARE `workerTypeDescriptor` varchar(255);
              DECLARE `glPayType` varchar(5);
              DECLARE `futureUser` varchar(255);

              DECLARE done INT DEFAULT FALSE;
              DECLARE currentWorkerID VARCHAR(255) DEFAULT "";

              DECLARE users CURSOR FOR

              SELECT * FROM(
              SELECT mu.*, 'false' AS futureUser FROM manageduser mu
              UNION ALL
              SELECT muf.*, 'true' AS futureUser FROM manageduser_future muf WHERE muf.trm = "false" and muf.hireDate is not null
                  AND EXISTS(SELECT 1 FROM manageduser LIMIT 1)
                  AND muf.workerID not in (SELECT distinct u.workerID FROM manageduser u WHERE u.trm = "false")
              ) AS result ORDER BY result.workerID, result.trm ASC, result.futureUser ASC, result.positionEffectiveDate DESC;

              DECLARE CONTINUE HANDLER FOR NOT FOUND SET done = TRUE;

              START TRANSACTION;
              delete from manageduser_correlated;
              OPEN users;

              process_loop: LOOP
              FETCH users into objectid,rev,uid,country,middleName,postalCode,addressLastModified,employee,email,address,postalAddress,legalName,workerType,userID,city,state,workerID,managerID,firstName,hrbu,title,lastName,active,fax,mobile,telephoneNumber,trm,dateActivated,positionEffectiveDate,legalPrefix,legalSuffix,preferredFirstName,preferredLastName,preferredPrefix,preferredSuffix,hrPartner,hireDate,leaveOfAbsence,executiveDirector,jobFamily,ssn,homePostalCode,companyId,workerTypeDescriptor,glPayType,futureUser;


              IF done THEN
              LEAVE process_loop;
              END IF;

              IF IFNULL(currentWorkerID, '') <> IFNULL(workerID, '') THEN
                  SET currentWorkerID := workerID;

                  IF futureUser = "true" THEN
                      SET active := "false";
                      SET leaveOfAbsence := "false";
                  END IF;

                  INSERT INTO manageduser_correlated VALUES(objectid,rev,uid,country,middleName,postalCode,addressLastModified,employee,email,address,postalAddress,legalName,workerType,userID,city,state,workerID,managerID,firstName,hrbu,title,lastName,active,fax,mobile,telephoneNumber,trm,dateActivated,positionEffectiveDate,legalPrefix,legalSuffix,preferredFirstName,preferredLastName,preferredPrefix,preferredSuffix,hrPartner,futureUser,leaveOfAbsence,executiveDirector,jobFamily,ssn,homePostalCode,companyId,workerTypeDescriptor,glPayType);
              END IF;

              END LOOP;
              CLOSE users;
              COMMIT;
              SELECT true AS result;

            END $
        ]]></sql>
    </changeSet>

    <changeSet id="iammsh-1012-error-report" author="els1gkr" context="legacy">
        <createTable tableName="audit_errors_report" schemaName="${auditSchema}">
            <column name="surrogatePK" type="int(11)" autoIncrement="true">
                <constraints nullable="false" primaryKey="true" />
            </column>
            <column name="reconid" type="VARCHAR(38)" />
            <column name="action" type="VARCHAR(255)" />
            <column name="count" type="int(11)" />
            <column name="workerID" type="VARCHAR(255)" />
            <column name="firstName" type="VARCHAR(255)" />
            <column name="lastName" type="VARCHAR(255)" />
        </createTable>

        <createView fullDefinition="true" viewName="" schemaName="${primarySchema}"><![CDATA[
            CREATE OR REPLACE ALGORITHM=UNDEFINED SQL SECURITY INVOKER
            VIEW `${primarySchema}`.`audit_errors_report` AS SELECT
              `aer`.`surrogatePK` AS `surrogatePK`,
              `aer`.`reconid` AS `reconid`,
              `aer`.`action` AS `action`,
              `aer`.`count` AS `count`,
              `aer`.`workerID` AS `workerID`,
              `aer`.`firstName` AS `firstName`,
              `aer`.`lastName` AS `lastName`
            FROM `${auditSchema}`.`audit_errors_report` `aer`;
        ]]></createView>

        <sql dbms="mysql" endDelimiter="$"><![CDATA[
            SET sql_mode = 'NO_ENGINE_SUBSTITUTION' $

            DROP PROCEDURE IF EXISTS `${primarySchema}`.`audit_errors_report_fill` $

            CREATE PROCEDURE `${primarySchema}`.`audit_errors_report_fill`(reconid VARCHAR(38), limitValue int(11))
                DETERMINISTIC
                SQL SECURITY INVOKER
            BEGIN
                DECLARE actionType VARCHAR(255);
                DECLARE failuresCount INT(11);
                DECLARE done INT DEFAULT FALSE;

                DECLARE actions CURSOR FOR SELECT `action`, count(*)
                FROM
                    audit_async_recon actions
                WHERE actions.reconid = reconid AND `status`="FAILURE"
                GROUP BY `action`;

                DECLARE CONTINUE HANDLER FOR NOT FOUND SET done = TRUE;

                START TRANSACTION;

                DELETE aer FROM audit_errors_report aer WHERE aer.reconid = reconid;
                OPEN actions;

                process_loop: LOOP
                FETCH actions into actionType, failuresCount;

                IF done THEN
                   LEAVE process_loop;
                END IF;

                INSERT INTO audit_errors_report(`reconid`, `action`, `count`, `workerID`, `firstName`, `lastName`)
                    SELECT aar.reconid, actionType, failuresCount, muc.workerID, muc.firstName, muc.lastName
                    FROM audit_async_recon aar LEFT JOIN manageduser_correlated muc
                    ON aar.sourceid = muc.objectid
                    WHERE aar.reconid = reconid and aar.action = actionType AND `status` = "FAILURE"
                    GROUP BY aar.reconid, muc.objectid
                    LIMIT limitValue;

                END LOOP;

                CLOSE actions;
                SELECT * FROM audit_errors_report aer WHERE aer.reconid = reconid;

                COMMIT;
            END;
        ]]></sql>
    </changeSet>

    <changeSet id="iammsh-1012-error-report-fix" author="els1gkr" context="legacy">
        <dropView viewName="audit_errors_report" schemaName="${primarySchema}" />
        <dropTable tableName="audit_errors_report" schemaName="${auditSchema}" />

        <createTable tableName="audit_errors_report" schemaName="${primarySchema}">
            <column name="surrogatePK" type="int(11)" autoIncrement="true">
                <constraints nullable="false" primaryKey="true" />
            </column>
            <column name="reconid" type="VARCHAR(38)" />
            <column name="action" type="VARCHAR(255)" />
            <column name="count" type="int(11)" />
            <column name="workerID" type="VARCHAR(255)" />
            <column name="firstName" type="VARCHAR(255)" />
            <column name="lastName" type="VARCHAR(255)" />
        </createTable>
    </changeSet>
</databaseChangeLog>
