{
	"id": "prm6t4ywwVSkIkQra4h6",
	"source": {
		"id": "0oa6t4ywoAjkDG3Vw4h6",
		"name": "active_directory",
		"type": "appuser",
		"_links": {
			"self": {
				"href": "https://usoncology-uat.okta.com/api/v1/apps/0oa6t4ywoAjkDG3Vw4h6"
			},
			"schema": {
				"href": "https://usoncology-uat.okta.com/api/v1/meta/schemas/apps/0oa6t4ywoAjkDG3Vw4h6/default"
			}
		}
	},
	"target": {
		"id": "oty6qvuezUwIFtVVg4h6",
		"name": "user",
		"type": "user",
		"_links": {
			"self": {
				"href": "https://usoncology-uat.okta.com/api/v1/meta/types/user/oty6qvuezUwIFtVVg4h6"
			},
			"schema": {
				"href": "https://usoncology-uat.okta.com/api/v1/meta/schemas/user/osc6qvuezUwIFtVVg4h6"
			}
		}
	},
	"properties": {
		"login": {
			"expression": "appuser.userName",
			"pushStatus": "PUSH"
		},
		"p20_ad_workerId": {
			"expression": "appuser.extensionAttribute8",
			"pushStatus": "PUSH"
		}
	},
	"_links": {
		"self": {
			"href": "https://usoncology-uat.okta.com/api/v1/mappings/prm6t4ywwVSkIkQra4h6"
		}
	}
}