{
	"id": "prmeyrh4p2m02IauE4h6",
	"source": {
		"id": "otycyfpo7ds1NWFRK4h6",
		"name": "passport_event",
		"type": "user",
		"_links": {
			"self": {
				"href": "https://usoncology-uat.okta.com/api/v1/meta/types/user/otycyfpo7ds1NWFRK4h6"
			},
			"schema": {
				"href": "https://usoncology-uat.okta.com/api/v1/meta/schemas/user/osccyfpo7ds1NWFRK4h6"
			}
		}
	},
	"target": {
		"id": "0oaeyrh4fanS1OrIU4h6",
		"name": "usoncology-uat_mckpassport_1",
		"type": "appuser",
		"_links": {
			"self": {
				"href": "https://usoncology-uat.okta.com/api/v1/apps/0oaeyrh4fanS1OrIU4h6"
			},
			"schema": {
				"href": "https://usoncology-uat.okta.com/api/v1/meta/schemas/apps/0oaeyrh4fanS1OrIU4h6/default"
			}
		}
	},
	"properties": {
		"firstName": {
			"expression": "user.firstName",
			"pushStatus": "PUSH"
		},
		"lastName": {
			"expression": "user.lastName",
			"pushStatus": "PUSH"
		},
		"mobilePhone": {
			"expression": "user.mobilePhone",
			"pushStatus": "PUSH"
		},
		"secondEmail": {
			"expression": "user.secondEmail",
			"pushStatus": "PUSH"
		},
		"email": {
			"expression": "user.email",
			"pushStatus": "PUSH"
		},
		"p20_evt_context": {
			"expression": "user.eventBody",
			"pushStatus": "PUSH"
		},
		"p20_ps_oktaUserId": {
			"expression": "user.p20_ps_oktaUserId",
			"pushStatus": "PUSH"
		},
		"p20_evt_id": {
			"expression": "user.eventType",
			"pushStatus": "PUSH"
		}
	},
	"_links": {
		"self": {
			"href": "https://usoncology-uat.okta.com/api/v1/mappings/prmeyrh4p2m02IauE4h6"
		}
	}
}