{
	"id": "prm6t4yx1fP4EFCrN4h6",
	"source": {
		"id": "oty6qvuezUwIFtVVg4h6",
		"name": "user",
		"type": "user",
		"_links": {
			"self": {
				"href": "https://usoncology-uat.okta.com/api/v1/meta/types/user/oty6qvuezUwIFtVVg4h6"
			},
			"schema": {
				"href": "https://usoncology-uat.okta.com/api/v1/meta/schemas/user/osc6qvuezUwIFtVVg4h6"
			}
		}
	},
	"target": {
		"id": "0oa6t4ywoAjkDG3Vw4h6",
		"name": "active_directory",
		"type": "appuser",
		"_links": {
			"self": {
				"href": "https://usoncology-uat.okta.com/api/v1/apps/0oa6t4ywoAjkDG3Vw4h6"
			},
			"schema": {
				"href": "https://usoncology-uat.okta.com/api/v1/meta/schemas/apps/0oa6t4ywoAjkDG3Vw4h6/default"
			}
		}
	},
	"properties": {
		"userName": {
			"expression": "((user.p20_ad_userPrincipalName == null) || String.len(user.p20_ad_userPrincipalName) == 0) ? user.login : user.p20_ad_userPrincipalName",
			"pushStatus": "PUSH"
		},
		"firstName": {
			"expression": "user.p20_ad_firstName",
			"pushStatus": "PUSH"
		},
		"lastName": {
			"expression": "user.p20_ad_lastName",
			"pushStatus": "PUSH"
		},
		"email": {
			"expression": "user.p20_ad_email",
			"pushStatus": "PUSH"
		},
		"samAccountName": {
			"expression": "user.p20_ad_userId",
			"pushStatus": "PUSH"
		},
		"middleName": {
			"expression": "user.p20_ad_middleName",
			"pushStatus": "PUSH"
		},
		"title": {
			"expression": "user.p20_ad_title",
			"pushStatus": "PUSH"
		},
		"displayName": {
			"expression": "user.p20_ad_displayName",
			"pushStatus": "PUSH"
		},
		"mobilePhone": {
			"expression": "user.p20_ad_mobile",
			"pushStatus": "PUSH"
		},
		"telephoneNumber": {
			"expression": "user.p20_ad_telephoneNumber",
			"pushStatus": "PUSH"
		},
		"streetAddress": {
			"expression": "user.p20_ad_address",
			"pushStatus": "PUSH"
		},
		"city": {
			"expression": "user.p20_ad_city",
			"pushStatus": "PUSH"
		},
		"state": {
			"expression": "user.p20_ad_state",
			"pushStatus": "PUSH"
		},
		"postalCode": {
			"expression": "user.p20_ad_postalCode",
			"pushStatus": "PUSH"
		},
		"cn": {
			"expression": "user.p20_ad_cn",
			"pushStatus": "PUSH"
		},
		"scriptPath": {
			"expression": "user.p20_ad_scriptPath",
			"pushStatus": "PUSH"
		},
		"accountExpires": {
			"expression": "user.p20_ad_accountExpires",
			"pushStatus": "PUSH"
		},
		"description": {
			"expression": "user.p20_ad_description",
			"pushStatus": "PUSH"
		},
		"msExchRecipientTypeDetails": {
			"expression": "String.removeSpaces(user.p20_ad_msExchRecipientTypeDetails)",
			"pushStatus": "PUSH"
		},
		"showInAddressBook": {
			"expression": "user.p20_ad_showInAddressBookArray",
			"pushStatus": "PUSH"
		},
		"street": {
			"expression": "user.p20_ad_address",
			"pushStatus": "PUSH"
		},
		"primaryGroupId": {
			"expression": "user.p20_ad_primaryGroupId",
			"pushStatus": "PUSH"
		},
		"company": {
			"expression": "user.p20_ad_company",
			"pushStatus": "PUSH"
		},
		"info": {
			"expression": "user.p20_ad_info",
			"pushStatus": "PUSH"
		},
		"homeDirectory": {
			"expression": "user.p20_ad_homeDirectory",
			"pushStatus": "PUSH"
		},
		"extensionAttribute2": {
			"expression": "user.p20_ad_state",
			"pushStatus": "PUSH"
		},
		"initials": {
			"expression": "String.substring(user.p20_ad_middleName, 0, 1)",
			"pushStatus": "PUSH"
		},
		"extensionAttribute3": {
			"expression": "user.p20_ad_workerType",
			"pushStatus": "PUSH"
		},
		"homeDrive": {
			"expression": "user.p20_ad_homeDrive",
			"pushStatus": "PUSH"
		},
		"extensionAttribute8": {
			"expression": "user.p20_ad_workerId",
			"pushStatus": "PUSH"
		},
		"msTSProfilePath": {
			"expression": "user.p20_ad_terminalServicesProfilePath",
			"pushStatus": "PUSH"
		},
		"facsimileTelephoneNumber": {
			"expression": "user.p20_ad_fax",
			"pushStatus": "PUSH"
		},
		"co": {
			"expression": "user.p20_ad_country",
			"pushStatus": "PUSH"
		},
		"deliveryOffice": {
			"expression": "user.p20_ad_physicalDeliveryOfficeName",
			"pushStatus": "PUSH"
		},
		"postalAddress": {
			"expression": "user.p20_ad_postalAddressArray",
			"pushStatus": "PUSH"
		}
	},
	"_links": {
		"self": {
			"href": "https://usoncology-uat.okta.com/api/v1/mappings/prm6t4yx1fP4EFCrN4h6"
		}
	}
}