<?xml version="1.0" encoding="UTF-8" standalone="no"?>
<databaseChangeLog
    xmlns="http://www.liquibase.org/xml/ns/dbchangelog"
    xmlns:xsi="http://www.w3.org/2001/XMLSchema-instance"
    xsi:schemaLocation="http://www.liquibase.org/xml/ns/dbchangelog http://www.liquibase.org/xml/ns/dbchangelog/dbchangelog-3.5.xsd"
>

    <!-- XXX - begin -->
    <!--changeSet author="ekf4p1t" id="config-INITIAL-20200316-1" context="wd_b2e_config">
    </changeSet-->
    <!-- XXX - end -->

    <!-- global - begin -->
    <changeSet author="ekf4p1t" id="config-INITIAL-20200316-1" context="wd_b2e_config">
        <createTable  schemaName="${configurationSchema}" tableName="global">
            <column autoIncrement="true" name="id" type="BIGINT">
                <constraints primaryKey="true"/>
            </column>
            <column name="prevent_loa_job_codes" type="TEXT"/>
            <column name="suppress_hrbu_transfer" type="TEXT"/>
            <column name="suppress_clinical_transfer" type="TEXT"/>
            <column name="mckesson_hrbu" type="VARCHAR(255)"/>
            <column name="texas_hrbus" type="TEXT"/>
        </createTable>
    </changeSet>
    <!-- global - end -->

    <!-- domains - begin -->
    <changeSet author="ekf4p1t" id="config-INITIAL-20200316-2" context="wd_b2e_config">
        <createTable  schemaName="${configurationSchema}" tableName="domains">
            <column autoIncrement="true" name="id" type="BIGINT">
                <constraints primaryKey="true"/>
            </column>
            <column name="name" type="VARCHAR(100)${caseInsensitiveField}"/>
            <column name="root_ou" type="VARCHAR(255)"/>
            <column name="full_name" type="VARCHAR(100)"/>
            <column name="ldap_host_name" type="VARCHAR(100)"/>
            <column name="exchange_servers" type="TEXT"/>
            <column name="default_mail_domain" type="VARCHAR(100)"/>
            <column name="office365_address_suffix" type="VARCHAR(100)"/>
            <column name="office365_url" type="VARCHAR(255)"/>
            <column name="office365_credentials_address" type="VARCHAR(255)"/>
            <column name="terminated_ou" type="VARCHAR(100)"/>
            <column name="default_address_book_json" type="TEXT"/>
            <column name="default_manager_json" type="TEXT"/>
            <column name="terminal_services_profile_root" type="VARCHAR(255)"/>
            <column name="company" type="VARCHAR(100)"/>
            <column name="staging_ou" type="VARCHAR(255)"/>
            <column name="terminated_users_group" type="VARCHAR(255)"/>
            <column name="workers_ou_json" type="TEXT"/>
            <column name="quest_ou_json" type="TEXT"/>
            <column name="admins_ou_json" type="TEXT"/>
            <column name="primary_group_id" type="BIGINT"/>
            <column name="terminated_users_primary_group_id" type="BIGINT"/>
        </createTable>
    </changeSet>
    <changeSet author="ekf4p1t" id="config-INITIAL-20200316-10" context="wd_b2e_config">
        <addUniqueConstraint schemaName="${configurationSchema}" columnNames="name" constraintName="uidx_domains_name" tableName="domains"/>
    </changeSet>
    <!-- domains - end -->

    <!-- group_mapping - begin -->
    <changeSet author="ekf4p1t" id="config-INITIAL-20200316-3" context="wd_b2e_config">
        <createTable schemaName="${configurationSchema}" tableName="group_mapping">
            <column autoIncrement="true" name="id" type="BIGINT">
                <constraints primaryKey="true"/>
            </column>
            <column name="name" type="VARCHAR(255)${caseInsensitiveField}">
                <constraints nullable="false"/>
            </column>
            <column name="dn" type="VARCHAR(255)${caseInsensitiveField}">
                <constraints nullable="false"/>
            </column>
            <column name="type" type="ENUM('csa','hrbu','default')">
                <constraints nullable="false"/>
            </column>
        </createTable>
    </changeSet>
    <changeSet author="ekf4p1t" id="config-INITIAL-20200316-4" context="wd_b2e_config">
        <addUniqueConstraint schemaName="${configurationSchema}" columnNames="name" constraintName="uidx_group_mapping_name" tableName="group_mapping"/>
    </changeSet>
    <changeSet author="ekf4p1t" id="config-INITIAL-20200316-5" context="wd_b2e_config">
        <addUniqueConstraint schemaName="${configurationSchema}" columnNames="type,name" constraintName="uidx_group_mapping_type_name" tableName="group_mapping"/>
    </changeSet>
    <!-- group_mapping - end -->

    <!-- hrbu - begin -->
    <changeSet author="ekf4p1t" id="config-INITIAL-20200316-6" context="wd_b2e_config">
        <createTable schemaName="${configurationSchema}" tableName="hrbu">
            <column name="hrbu" type="VARCHAR(38)${caseInsensitiveField}">
                <constraints primaryKey="true"/>
            </column>
            <column name="ou" type="VARCHAR(255)"/>
            <column name="home_drive" type="VARCHAR(255)"/>
            <column name="home_dir" type="VARCHAR(255)"/>
            <column name="login_script" type="VARCHAR(255)"/>
            <column name="employee_groups" type="TEXT${caseInsensitiveField}"/>
            <column name="contractor_groups" type="TEXT${caseInsensitiveField}"/>
            <column name="contingentworkertype_outside_worker_groups" type="TEXT${caseInsensitiveField}"/>
            <column name="contingentworkertype_x_groups" type="TEXT${caseInsensitiveField}"/>
            <column name="active_sync" type="${booleanType}"/>
            <column name="city" type="${booleanType}"/>
            <column name="mail_suffix" type="VARCHAR(255)"/>
            <column name="secondary_mail_suffix" type="VARCHAR(255)"/>
            <column name="itc_mail" type="VARCHAR(255)"/>
            <column defaultValueBoolean="1" name="enabled" type="${booleanType}"/>
            <column defaultValueBoolean="1" name="vantage_lookup_strategy" type="${booleanType}"/>
            <column name="o365" type="${booleanType}"/>
        </createTable>
    </changeSet>
    <!-- hrbu - end -->

    <!-- hrbu_city_street - begin -->
    <changeSet author="ekf4p1t" id="config-INITIAL-20200316-7" context="wd_b2e_config">
        <createTable  schemaName="${configurationSchema}" tableName="hrbu_city_street">
            <column autoIncrement="true" name="id" type="BIGINT">
                <constraints primaryKey="true"/>
            </column>
            <column name="city" type="VARCHAR(38)${caseInsensitiveField}"/>
            <column name="street" type="VARCHAR(38)${caseInsensitiveField}"/>
            <column name="ou" type="VARCHAR(255)"/>
            <column name="home_drive" type="VARCHAR(255)"/>
            <column name="home_dir" type="VARCHAR(255)"/>
            <column name="login_script" type="VARCHAR(255)"/>
            <column name="employee_groups" type="TEXT${caseInsensitiveField}"/>
            <column name="contractor_groups" type="TEXT${caseInsensitiveField}"/>
            <column name="contingentworkertype_outside_worker_groups" type="TEXT${caseInsensitiveField}"/>
            <column name="contingentworkertype_x_groups" type="TEXT${caseInsensitiveField}"/>
            <column name="active_sync" type="${booleanType}"/>
            <column name="itc_mail" type="VARCHAR(255)"/>
        </createTable>
    </changeSet>
    <!-- hrbu_city_street - end -->

    <!-- scenarios - begin -->
    <changeSet author="ekf4p1t" id="config-INITIAL-20200316-8" context="wd_b2e_config">
        <createTable  schemaName="${configurationSchema}" tableName="scenarios">
            <column autoIncrement="true" name="id" type="BIGINT">
                <constraints primaryKey="true"/>
            </column>
            <column name="description" type="VARCHAR(255)">
                <constraints nullable="false"/>
            </column>
            <column name="event_type" type="ENUM('CREATE_USER','ACTIVATE_USER','USER_CONVERSION','HRBU_CLINICAL_TRANSFER','LOCATION_TRANSFER','NAME_CHANGE','MCKESSON_MANAGER_CHANGE','MANAGER_CHANGE','TITLE_CHANGE','LOA','TERMINATE_USER','DEFERRED_LINK_MANAGER','DEFERRED_ASSIGN_PASSWORD','DEFERRED_PSHELL_SETCAS','DEFERRED_REMEDY_GENERATE','DEFERRED_MAIL_DELIVER')">
                <constraints nullable="false"/>
            </column>
            <column name="workflow" type="MEDIUMTEXT"/>
            <column name="active" type="${booleanType}">
                <constraints nullable="false"/>
            </column>
        </createTable>
    </changeSet>
    <changeSet author="ekf4p1t" id="config-INITIAL-20200316-9" context="wd_b2e_config">
        <createIndex indexName="idx_scenarios_active_event_type" schemaName="${configurationSchema}" tableName="scenarios">
            <column name="active"/>
            <column name="event_type"/>
        </createIndex>
    </changeSet>
    <changeSet author="ekf4p1t" id="config-INITIAL-20200316-11" context="wd_b2e_config">
        <createIndex indexName="idx_scenarios_event_type_active" schemaName="${configurationSchema}" tableName="scenarios">
            <column name="event_type"/>
            <column name="active"/>
        </createIndex>
    </changeSet>
    <!-- scenarios - end -->

</databaseChangeLog>
