<?xml version="1.0" encoding="UTF-8" standalone="no"?>
<databaseChangeLog
    xmlns="http://www.liquibase.org/xml/ns/dbchangelog"
    xmlns:xsi="http://www.w3.org/2001/XMLSchema-instance"
    xsi:schemaLocation="http://www.liquibase.org/xml/ns/dbchangelog http://www.liquibase.org/xml/ns/dbchangelog/dbchangelog-3.5.xsd"
>

    <!-- XXX - begin -->
    <!--changeSet author="ekf4p1t" id="execution-INITIAL-20200316-1" context="wd_b2e_execution">
    </changeSet-->
    <!-- XXX - end -->

    <!-- scenario_executions - begin -->
    <changeSet author="ekf4p1t" id="execution-INITIAL-20200316-1" context="wd_b2e_execution">
        <createTable  schemaName="${executionSchema}" tableName="scenario_executions">
            <column autoIncrement="true" name="id" type="BIGINT">
                <constraints primaryKey="true"/>
            </column>
            <column name="business_event_id" type="BIGINT">
                <constraints nullable="false"/>
            </column>
            <column name="scenarion_id" type="BIGINT">
                <constraints nullable="false"/>
            </column>
            <column name="parent_stage_id" type="BIGINT"/>
            <column name="status" type="ENUM('OPEN','IN_PROGRESS','SUCCESS','FAILURE')">
                <constraints nullable="false"/>
            </column>
            <column defaultValueBoolean="0" name="deferred" type="${booleanType}"/>
            <column name="creation_time" type="DATETIME(6)">
                <constraints nullable="false"/>
            </column>
            <column name="parent_scenario_creation_time" type="DATETIME(6)"/>
            <column name="start_time" type="DATETIME(6)"/>
            <column name="end_time" type="DATETIME(6)"/>
        </createTable>
    </changeSet>
    <!-- scenario_executions - end -->

    <!-- stage_executions - begin -->
    <changeSet author="ekf4p1t" id="execution-INITIAL-20200316-2" context="wd_b2e_execution">
        <createTable  schemaName="${executionSchema}" tableName="stage_executions">
            <column autoIncrement="true" name="id" type="BIGINT">
                <constraints primaryKey="true"/>
            </column>
            <column name="scenario_execution_id" type="BIGINT">
                <constraints nullable="false"/>
            </column>
            <column name="stage" type="VARCHAR(100)${caseInsensitiveField}">
                <constraints nullable="false"/>
            </column>
            <column name="status" type="ENUM('OPEN','IN_PROGRESS','SUCCESS','FAILURE')">
                <constraints nullable="false"/>
            </column>
            <column name="creation_time" type="DATETIME(6)">
                <constraints nullable="false"/>
            </column>
            <column name="start_time" type="DATETIME(6)"/>
            <column name="end_time" type="DATETIME(6)"/>
        </createTable>
    </changeSet>
    <changeSet author="ekf4p1t" id="execution-INITIAL-20200316-3" context="wd_b2e_execution">
        <addForeignKeyConstraint
            constraintName="fk_stage_executions_scenario_executions"
            baseTableSchemaName="${executionSchema}" referencedTableSchemaName="${executionSchema}"
            baseColumnNames="scenario_execution_id" baseTableName="stage_executions"
            referencedColumnNames="id" referencedTableName="scenario_executions"
            onDelete="RESTRICT" onUpdate="NO ACTION"
        />
    </changeSet>
    <!-- stage_executions - end -->

</databaseChangeLog>
