<?xml version="1.0" encoding="UTF-8" standalone="no"?>
<databaseChangeLog
    xmlns="http://www.liquibase.org/xml/ns/dbchangelog"
    xmlns:xsi="http://www.w3.org/2001/XMLSchema-instance"
    xsi:schemaLocation="http://www.liquibase.org/xml/ns/dbchangelog http://www.liquibase.org/xml/ns/dbchangelog/dbchangelog-3.5.xsd"
>

    <!-- XXX - begin -->
    <!--changeSet author="ekf4p1t" id="data-INITIAL-20200316-1" context="wd_b2e_data">
        <delete tableName="XXX" schemaName="${internalSchema}" />
        <loadData
            encoding="UTF-8"
            relativeToChangelogFile="true"
            file="./data/99999999-repo-XXX.csv"
            quotchar="&quot;"
            separator=","
            tableName="XXX"
            schemaName="${internalSchema}"
        >
            <column header="XXX" name="XXX" type="XXX"/>
        </loadData>
    </changeSet-->
    <!-- XXX - end -->

    <!-- config-group_mapping - begin -->
    <changeSet author="ekf4p1t" id="data-INITIAL-20200316-1" context="wd_b2e_data and !wd_b2e_env-uat and !wd_b2e_env-prod" runOnChange="true" runInTransaction="true">
        <validCheckSum>7:b12689103a0cca9eeefb0de716941ab9</validCheckSum>
        <validCheckSum>7:0121da8fb074eb86643433f32c50694e</validCheckSum>
        <delete tableName="group_mapping" schemaName="${configurationSchema}" />
        <loadData
            encoding="UTF-8"
            relativeToChangelogFile="true"
            file="./data/20200316-01-config-group_mapping.csv"
            quotchar="&quot;"
            separator=","
            tableName="group_mapping"
            schemaName="${configurationSchema}"
        >
            <column header="id" name="id" type="NUMERIC"/>
            <column header="name" name="name" type="STRING"/>
            <column header="dn" name="dn" type="STRING"/>
            <column header="type" name="type" type="STRING"/>
        </loadData>
    </changeSet>
    <!-- config-group_mapping - end -->

    <!-- config-hrbu - begin -->
    <changeSet author="ekf4p1t" id="data-INITIAL-20200316-2" context="wd_b2e_data and !wd_b2e_env-uat and !wd_b2e_env-prod" runOnChange="true" runInTransaction="true">
        <validCheckSum>7:927dc000fdb37b05017069cbf010f0f4</validCheckSum>
        <validCheckSum>7:20e7b166b68475d3ac976dd9ab19046c</validCheckSum>
        <validCheckSum>7:2de5426ba811cecf58714c5939f2d79e</validCheckSum>
        <validCheckSum>7:46764399cef4eaa107b6777f2443d188</validCheckSum>
        <delete tableName="hrbu" schemaName="${configurationSchema}" />
        <loadData
            encoding="UTF-8"
            relativeToChangelogFile="true"
            file="./data/20200316-02-config-hrbu.csv"
            quotchar="&quot;"
            separator=","
            tableName="hrbu"
            schemaName="${configurationSchema}"
        >
            <column header="hrbu" name="hrbu" type="STRING"/>
            <column header="ou" name="ou" type="STRING"/>
            <column header="home_drive" name="home_drive" type="STRING"/>
            <column header="home_dir" name="home_dir" type="STRING"/>
            <column header="login_script" name="login_script" type="STRING"/>
            <column header="groups" name="employee_groups" type="STRING"/>
            <column header="contractor_groups" name="contractor_groups" type="STRING"/>
            <column header="contingentworkertype_outside_worker_groups" name="contingentworkertype_outside_worker_groups" type="STRING"/>
            <column header="contingentworkertype_x_groups" name="contingentworkertype_x_groups" type="STRING"/>
            <column header="active_sync" name="active_sync" type="NUMERIC"/>
            <column header="city" name="city" type="NUMERIC"/>
            <column header="mail_suffix" name="mail_suffix" type="STRING"/>
            <column header="secondary_mail_suffix" name="secondary_mail_suffix" type="STRING"/>
            <column header="itc_mail" name="itc_mail" type="STRING"/>
            <column header="enabled" name="enabled" type="NUMERIC"/>
            <column header="vantage_lookup_strategy" name="vantage_lookup_strategy" type="NUMERIC"/>
            <column header="o365" name="o365" type="NUMERIC"/>
        </loadData>
    </changeSet>
    <!-- config-hrbu - end -->

    <!-- config-hrbu_city_street - begin -->
    <changeSet author="ekf4p1t" id="data-INITIAL-20200316-3" context="wd_b2e_data and !wd_b2e_env-uat and !wd_b2e_env-prod" runOnChange="true" runInTransaction="true">
        <validCheckSum>7:2134282e70ce06681c2bb6432a94e61d</validCheckSum>
        <validCheckSum>7:ff7a39e2643cba63a10c9ee19d260bd6</validCheckSum>
        <delete tableName="hrbu_city_street" schemaName="${configurationSchema}" />
        <loadData
            encoding="UTF-8"
            relativeToChangelogFile="true"
            file="./data/20200316-03-config-hrbu_city_street.csv"
            quotchar="&quot;"
            separator=","
            tableName="hrbu_city_street"
            schemaName="${configurationSchema}"
        >
            <column header="id" name="id" type="NUMERIC"/>
            <column header="city" name="city" type="STRING"/>
            <column header="street" name="street" type="STRING"/>
            <column header="ou" name="ou" type="STRING"/>
            <column header="home_drive" name="home_drive" type="STRING"/>
            <column header="home_dir" name="home_dir" type="STRING"/>
            <column header="login_script" name="login_script" type="STRING"/>
            <column header="active_sync" name="active_sync" type="NUMERIC"/>
            <column header="itc_mail" name="itc_mail" type="STRING"/>
            <column header="groups" name="employee_groups" type="STRING"/>
            <column header="contractor_groups" name="contractor_groups" type="STRING"/>
            <column header="contingentworkertype_outside_worker_groups" name="contingentworkertype_outside_worker_groups" type="STRING"/>
            <column header="contingentworkertype_x_groups" name="contingentworkertype_x_groups" type="STRING"/>
        </loadData>
    </changeSet>
    <!-- config-hrbu_city_street - end -->

    <!-- config-global - begin -->
    <changeSet author="ekf4p1t" id="data-INITIAL-20200316-4" context="wd_b2e_data" runOnChange="true">
        <delete tableName="global" schemaName="${configurationSchema}" />
        <loadData
            encoding="UTF-8"
            relativeToChangelogFile="true"
            file="./data/20200316-04-config-global.csv"
            quotchar="&quot;"
            separator=","
            tableName="global"
            schemaName="${configurationSchema}"
        >
            <column header="id" name="id" type="NUMERIC"/>
            <column header="prevent_loa_job_codes" name="prevent_loa_job_codes" type="STRING"/>
            <column header="suppress_hHrbu_transfer" name="suppress_hHrbu_transfer" type="STRING"/>
            <column header="suppress_clinical_transfer" name="suppress_clinical_transfer" type="STRING"/>
            <column header="mckesson_hrbu" name="mckesson_hrbu" type="STRING"/>
            <column header="texas_hrbus" name="texas_hrbus" type="STRING"/>
        </loadData>
    </changeSet>
    <!-- config-global - end -->

    <!-- config-domains - begin -->
    <changeSet author="ekf4p1t" id="data-INITIAL-20200316-5" context="wd_b2e_data and !wd_b2e_env-uat and !wd_b2e_env-prod" runOnChange="true">
        <validCheckSum>7:f24bcb984a39c043f7b82d17fe83dafc</validCheckSum>
        <validCheckSum>7:1979a5594bbb88d2c50ebbac235cd2c3</validCheckSum>
        <delete tableName="domains" schemaName="${configurationSchema}" />
        <loadData
            encoding="UTF-8"
            relativeToChangelogFile="true"
            file="./data/20200316-05-config-domains.csv"
            quotchar="&quot;"
            separator=","
            tableName="domains"
            schemaName="${configurationSchema}"
        >
            <column name="id" type="NUMERIC"/>
            <column name="name" type="STRING"/>
            <column name="root_ou" type="STRING"/>
            <column name="full_name" type="STRING"/>
            <column name="ldap_host_name" type="STRING"/>
            <column name="exchange_servers" type="STRING"/>
            <column name="default_mail_domain" type="STRING"/>
            <column name="office365_address_suffix" type="STRING"/>
            <column name="office365_url" type="STRING"/>
            <column name="office365_credentials_address" type="STRING"/>
            <column name="terminated_ou" type="STRING"/>
            <column name="default_address_book_json" type="STRING"/>
            <column name="default_manager_json" type="STRING"/>
            <column name="terminal_services_profile_root" type="STRING"/>
            <column name="company" type="STRING"/>
            <column name="staging_ou" type="STRING"/>
            <column name="terminated_users_group" type="STRING"/>
            <column name="workers_ou_json" type="STRING"/>
            <column name="quest_ou_json" type="STRING"/>
            <column name="admins_ou_json" type="STRING"/>
            <column name="primary_group_id" type="NUMERIC"/>
            <column name="terminated_users_primary_group_id" type="NUMERIC"/>
        </loadData>
    </changeSet>
    <!-- config-domains - end -->

</databaseChangeLog>
