<?xml version="1.0" encoding="UTF-8" standalone="no"?>
<databaseChangeLog
    xmlns="http://www.liquibase.org/xml/ns/dbchangelog"
    xmlns:xsi="http://www.w3.org/2001/XMLSchema-instance"
    xsi:schemaLocation="http://www.liquibase.org/xml/ns/dbchangelog http://www.liquibase.org/xml/ns/dbchangelog/dbchangelog-3.5.xsd"
>

    <!-- XXX - begin -->
    <!--changeSet author="ekf4p1t" id="notification-INITIAL-20200316-1" context="wd_b2e_notification">
    </changeSet-->
    <!-- XXX - end -->

    <!-- global - begin -->
    <changeSet author="ekf4p1t" id="notification-INITIAL-20200316-1" context="wd_b2e_notification">
        <createTable  schemaName="${notificationSchema}" tableName="notification_events">
            <column name="guid" type="VARCHAR(38)">
                <constraints primaryKey="true"/>
            </column>
            <column name="client_id" type="VARCHAR(255)"/>
            <column name="request_id" type="VARCHAR(255)"/>
            <column name="transaction_id" type="VARCHAR(255)"/>
            <column name="transaction_time" type="DATETIME(6)"/>
            <column name="event_time" type="DATETIME(6)">
                <constraints nullable="false"/>
            </column>
            <column name="event" type="MEDIUMTEXT">
                <constraints nullable="false"/>
            </column>
        </createTable>
    </changeSet>
    <!-- global - end -->

</databaseChangeLog>
