<?xml version="1.0" encoding="UTF-8" standalone="no"?>
<databaseChangeLog
    xmlns="http://www.liquibase.org/xml/ns/dbchangelog"
    xmlns:xsi="http://www.w3.org/2001/XMLSchema-instance"
    xsi:schemaLocation="http://www.liquibase.org/xml/ns/dbchangelog http://www.liquibase.org/xml/ns/dbchangelog/dbchangelog-3.5.xsd"
>

    <!-- XXX - begin -->
    <!--changeSet author="ekf4p1t" id="internal-INITIAL-20200316-1" context="wd_b2e_internal">
    </changeSet-->
    <!-- XXX - end -->

    <!-- okta_users - begin -->
    <changeSet author="ekf4p1t" id="internal-INITIAL-20200316-2" context="wd_b2e_internal">
        <validCheckSum>7:212d51961b22796cbad32948f78ff9c8</validCheckSum>
        <validCheckSum>7:c4770e1ec69051636e7f13ff1847100b</validCheckSum>
        <createTable  schemaName="${internalSchema}" tableName="okta_users">
            <column autoIncrement="true" name="id" type="BIGINT">
                <constraints primaryKey="true"/>
            </column>
            <column name="uid" type="VARCHAR(38)">
                <constraints nullable="false"/>
            </column>
            <column name="domain" type="VARCHAR(100)${caseInsensitiveField}">
                <constraints nullable="false"/>
            </column>
            <column name="dn" type="VARCHAR(255)${caseInsensitiveField}">
                <constraints nullable="false"/>
            </column>
            <column name="cn" type="VARCHAR(255)${caseInsensitiveField}">
                <constraints nullable="false"/>
            </column>
            <column name="mail" type="VARCHAR(100)${caseInsensitiveField}"/>
            <column name="sam_account_name" type="VARCHAR(100)"/>
            <column name="user_principal_name" type="VARCHAR(100)"/>
            <column name="middle_name" type="VARCHAR(255)"/>
            <column name="company" type="VARCHAR(255)"/>
            <column name="usn_changed" type="VARCHAR(100)"/>
            <column name="division" type="VARCHAR(255)"/>
            <column name="display_name" type="VARCHAR(255)"/>
            <column name="facsimile_telephone_number" type="VARCHAR(255)"/>
            <column name="city" type="VARCHAR(255)"/>
            <column name="home_directory" type="VARCHAR(255)"/>
            <column name="postal_code" type="VARCHAR(255)"/>
            <column name="state" type="VARCHAR(255)"/>
            <column name="st" type="VARCHAR(255)"/>
            <column name="manager" type="VARCHAR(255)${caseInsensitiveField}"/>
            <column name="department" type="VARCHAR(255)"/>
            <column name="initials" type="VARCHAR(255)"/>
            <column name="last_name" type="VARCHAR(255)"/>
            <column name="pwd_expired" type="DATETIME(6)"/>
            <column name="street_address" type="VARCHAR(255)"/>
            <column name="first_name" type="VARCHAR(255)"/>
            <column name="worker_id" type="MEDIUMINT"/>
            <column name="country" type="VARCHAR(255)"/>
            <column name="telephone_number" type="VARCHAR(255)"/>
            <column name="title" type="VARCHAR(255)${caseInsensitiveField}"/>
            <column name="worker_type" type="VARCHAR(100)${caseInsensitiveField}"/>
            <column name="postal_address" type="VARCHAR(255)"/>
            <column name="home_drive" type="VARCHAR(255)"/>
            <column name="mobile" type="VARCHAR(255)"/>
            <column name="primary_group_id" type="MEDIUMINT"/>
            <column name="street" type="VARCHAR(255)"/>
            <column name="script_path" type="VARCHAR(255)"/>
            <column name="account_expires" type="DATETIME(6)"/>
            <column name="mail_nickname" type="VARCHAR(100)${caseInsensitiveField}"/>
            <column name="terminal_services_profile_path" type="VARCHAR(255)"/>
            <column name="user_account_control" type="MEDIUMINT"/>
            <column name="ms_exch_recipient_type_details" type="BIGINT"/>
            <column name="physical_delivery_office_name" type="TEXT"/>
            <column name="proxy_addresses" type="TEXT"/>
            <column name="description" type="TEXT"/>
            <column name="info" type="TEXT"/>
            <column name="show_in_address_book" type="TEXT"/>
            <column name="member_of" type="MEDIUMTEXT"/>
            <column name="logon_hours" type="VARBINARY(25)"/>
        </createTable>
    </changeSet>
    <!-- okta_users - end -->

    <!-- business_events - begin -->
    <changeSet author="ekf4p1t" id="internal-INITIAL-20200316-3" context="wd_b2e_internal">
        <validCheckSum>7:5529cdb5bdadffbee7e5874c4826261b</validCheckSum>
        <validCheckSum>7:01e39d548ac725a88672cf0b9e864352</validCheckSum>
        <createTable  schemaName="${internalSchema}" tableName="business_events">
            <column autoIncrement="true" name="id" type="BIGINT">
                <constraints primaryKey="true"/>
            </column>
            <column name="notification_event_guid" type="VARCHAR(38)">
                <constraints nullable="false"/>
            </column>
            <column name="past_wd_user" type="BIGINT"/>
            <column name="future_wd_user" type="BIGINT"/>
            <column name="previous_okta_user" type="BIGINT"/>
            <column name="current_okta_user" type="BIGINT"/>
            <column name="event_type" type="ENUM('CREATE_USER','ACTIVATE_USER','USER_CONVERSION','HRBU_CLINICAL_TRANSFER','LOCATION_TRANSFER','NAME_CHANGE','MCKESSON_MANAGER_CHANGE','MANAGER_CHANGE','TITLE_CHANGE','LOA','TERMINATE_USER','DEFERRED_LINK_MANAGER','DEFERRED_ASSIGN_PASSWORD','DEFERRED_PSHELL_SETCAS','DEFERRED_REMEDY_GENERATE','DEFERRED_MAIL_DELIVER')">
                <constraints nullable="false"/>
            </column>
            <column name="notification_time" type="DATETIME(6)">
                <constraints nullable="false"/>
            </column>
            <column name="creation_time" type="DATETIME(6)">
                <constraints nullable="false"/>
            </column>
        </createTable>
    </changeSet>
    <changeSet author="ekf4p1t" id="internal-INITIAL-20200316-4" context="wd_b2e_internal">
        <addUniqueConstraint schemaName="${internalSchema}" columnNames="notification_event_guid" constraintName="uidx_business_events_notification_event_guid" tableName="business_events"/>
    </changeSet>
    <changeSet author="ekf4p1t" id="internal-INITIAL-20200316-7" context="wd_b2e_internal">
        <validCheckSum>7:5333a59e263e0143e3ec63c8aaa9e309</validCheckSum>
        <validCheckSum>7:22a1512758d40bbdea83ec31dc544be1</validCheckSum>
        <addForeignKeyConstraint
                constraintName="fk_business_events_previouis_okta_user"
                baseTableSchemaName="${internalSchema}" referencedTableSchemaName="${internalSchema}"
                baseColumnNames="previous_okta_user" baseTableName="business_events"
                referencedColumnNames="id" referencedTableName="okta_users"
                onDelete="RESTRICT" onUpdate="NO ACTION"
        />
    </changeSet>
    <changeSet author="ekf4p1t" id="internal-INITIAL-20200316-8" context="wd_b2e_internal">
        <validCheckSum>7:b93b94feeb7620957d7a7b2d39d22177</validCheckSum>
        <validCheckSum>7:a751c687b9dd22524ea0aa98b35208b4</validCheckSum>
        <addForeignKeyConstraint
                constraintName="fk_business_events_current_acta_user"
                baseTableSchemaName="${internalSchema}" referencedTableSchemaName="${internalSchema}"
                baseColumnNames="current_okta_user" baseTableName="business_events"
                referencedColumnNames="id" referencedTableName="okta_users"
                onDelete="RESTRICT" onUpdate="NO ACTION"
        />
    </changeSet>
    <!-- business_events - end -->

</databaseChangeLog>
