<?xml version="1.0" encoding="UTF-8" standalone="no"?>
<databaseChangeLog
    xmlns="http://www.liquibase.org/xml/ns/dbchangelog"
    xmlns:xsi="http://www.w3.org/2001/XMLSchema-instance"
    xsi:schemaLocation="http://www.liquibase.org/xml/ns/dbchangelog http://www.liquibase.org/xml/ns/dbchangelog/dbchangelog-3.5.xsd"
>

    <!-- liquibasefix - begin -->
    <changeSet author="ekf4p1t" id="liquibasefix-INITIAL-20200316-1" context="wd_b2e_liquibasefix">
        <preConditions onFail="MARK_RAN" onSqlOutput="TEST">
            <and>
                <tableExists schemaName="${configurationSchema}" tableName="DATABASECHANGELOG"/>
                <not>
                    <primaryKeyExists schemaName="${configurationSchema}" tableName="DATABASECHANGELOG" />
                </not>
            </and>
        </preConditions>
        <sql dbms="mysql"><![CDATA[
        ALTER TABLE `${configurationSchema}`.DATABASECHANGELOG ADD surrogatePK INT(11) NOT NULL AUTO_INCREMENT FIRST, ADD PRIMARY KEY (surrogatePK);
        ]]></sql>
    </changeSet>
    <!-- liquibasefix - end -->

</databaseChangeLog>
