<?xml version="1.0" encoding="UTF-8" standalone="no"?>
<databaseChangeLog
        xmlns="http://www.liquibase.org/xml/ns/dbchangelog"
        xmlns:xsi="http://www.w3.org/2001/XMLSchema-instance"
        xsi:schemaLocation="http://www.liquibase.org/xml/ns/dbchangelog http://www.liquibase.org/xml/ns/dbchangelog/dbchangelog-3.5.xsd"
>

    <changeSet author="ekf4p1t" id="config-GIA-8602-20211202-1" context="wd_b2e_config">
        <addColumn schemaName="${configurationSchema}" tableName="group_mapping">
            <column name="okta_cn" type="VARCHAR(255)${caseInsensitiveField}"/>
        </addColumn>
    </changeSet>
    <changeSet author="ekf4p1t" id="config-GIA-8602-20211202-2" context="wd_b2e_config">
        <createIndex indexName="idx_group_mapping_okta_cn" schemaName="${configurationSchema}" tableName="group_mapping">
            <column name="okta_cn"/>
        </createIndex>
    </changeSet>

</databaseChangeLog>
