<?xml version="1.0" encoding="UTF-8" standalone="no"?>
<databaseChangeLog xmlns="http://www.liquibase.org/xml/ns/dbchangelog" xmlns:xsi="http://www.w3.org/2001/XMLSchema-instance"
                   xsi:schemaLocation="http://www.liquibase.org/xml/ns/dbchangelog http://www.liquibase.org/xml/ns/dbchangelog/dbchangelog-3.5.xsd">

    <changeSet author="evahiew" id="1621571961151" context="wd_b2e_config">
        <createTable schemaName="${executionSchema}" tableName="scim_users">
            <column name="id" type="varchar(255)">
                <constraints primaryKey="true"/>
            </column>
            <column name="active" type="${booleanType}"/>
            <column name="user_name" type="varchar(255)"/>
            <column name="created" type="timestamp" defaultValueComputed="CURRENT_TIMESTAMP">
                <constraints nullable="false"/>
            </column>
        </createTable>

        <addUniqueConstraint schemaName="${executionSchema}"
                             tableName="scim_users"
                             columnNames="user_name"
                             constraintName="user_name_idx"/>

        <createTable schemaName="${executionSchema}" tableName="execution_time_passport">
            <column autoIncrement="true" name="row_id" type="BIGINT">
                <constraints primaryKey="true"/>
            </column>
            <column name="batch_id" type="varchar(255)"/>
            <column name="event_id" type="varchar(255)"/>
            <column name="flow_name" type="varchar(255)"/>
            <column name="module" type="varchar(64)"/>
            <column name="class_name" type="varchar(255)"/>
            <column name="start_time" type="timestamp"/>
            <column name="end_time" type="timestamp"/>
            <column name="execution_time" type="bigint(20)"/>
            <column name="delay" type="bigint(20)"/>
        </createTable>

        <createIndex schemaName="${executionSchema}" tableName="execution_time_passport" indexName="event_id_idx">
            <column name="event_id"/>
        </createIndex>

        <createIndex schemaName="${executionSchema}" tableName="execution_time_passport" indexName="batch_id_idx">
            <column name="batch_id"/>
        </createIndex>
    </changeSet>

</databaseChangeLog>
