<?xml version="1.0" encoding="UTF-8" standalone="no"?>
<databaseChangeLog xmlns="http://www.liquibase.org/xml/ns/dbchangelog" xmlns:xsi="http://www.w3.org/2001/XMLSchema-instance"
                   xsi:schemaLocation="http://www.liquibase.org/xml/ns/dbchangelog http://www.liquibase.org/xml/ns/dbchangelog/dbchangelog-3.5.xsd">

    <changeSet author="ea8kl2a" id="GIA-7366" context="wd_b2e_config">
        <createTable schemaName="${executionSchema}" tableName="audit">
            <column autoIncrement="true" name="id" type="BIGINT">
                <constraints primaryKey="true"/>
            </column>
            <column name="date" type="timestamp" defaultValueComputed="CURRENT_TIMESTAMP">
                <constraints nullable="false"/>
            </column>
            <column name="app" type="VARCHAR(15)">
                <constraints nullable="false"/>
            </column>
            <column name="batch_id" type="VARCHAR(36)"/>
            <column name="okta_user_id" type="VARCHAR(36)">
                <constraints nullable="false"/>
            </column>
            <column name="okta_event_id" type="VARCHAR(36)"/>
            <column name="module" type="VARCHAR(32)"/>
            <column name="status" type="VARCHAR(36)"/>
            <column name="message" type="VARCHAR(255)">
                <constraints nullable="false"/>
            </column>
            <column name="situation" type="VARCHAR(255)">
                <constraints nullable="false"/>
            </column>
            <column name="action" type="VARCHAR(255)"/>
            <column name="sub_action" type="VARCHAR(255)"/>
            <column name="old_values" type="TEXT"/>
            <column name="new_values" type="TEXT"/>
            <column name="duration" type="BIGINT"/>
        </createTable>
    </changeSet>

    <changeSet author="evahiew" id="1623650528453" context="wd_b2e_config">
        <createTable schemaName="${executionSchema}" tableName="okta_event">
            <column name="event_id_unique" type="varchar(255)">
                <constraints primaryKey="true"/>
            </column>
            <column name="batch_id" type="VARCHAR(255)"/>
            <column name="okta_user_id" type="VARCHAR(255)"/>
            <column name="event_type" type="VARCHAR(255)"/>
            <column name="event_action" type="VARCHAR(255)"/>
            <column name="event_state" type="VARCHAR(255)"/>
            <column name="event_id" type="VARCHAR(255)"/>
            <column name="event_short_desc" type="VARCHAR(255)"/>
            <column name="event_date" type="timestamp"/>
            <column name="wd_uid" type="VARCHAR(255)"/>
            <column name="worker_id" type="VARCHAR(255)"/>
            <column name="employee" type="bit(1)"/>
            <column name="user_id" type="VARCHAR(255)"/>
            <column name="email" type="VARCHAR(255)"/>
            <column name="manager_id" type="VARCHAR(255)"/>
            <column name="active" type="bit(1)"/>
            <column name="trm" type="bit(1)"/>
            <column name="title" type="VARCHAR(255)"/>
            <column name="date_activated" type="timestamp"/>
            <column name="hire_date" type="timestamp"/>
            <column name="position_effective_date" type="timestamp"/>
            <column name="worker_type" type="VARCHAR(255)"/>
            <column name="hrbu" type="VARCHAR(32)"/>
            <column name="legal_name" type="VARCHAR(255)"/>
            <column name="first_name" type="VARCHAR(255)"/>
            <column name="last_name" type="VARCHAR(255)"/>
            <column name="middle_name" type="VARCHAR(255)"/>
            <column name="legal_prefix" type="VARCHAR(255)"/>
            <column name="legal_suffix" type="VARCHAR(255)"/>
            <column name="preferred_first_name" type="VARCHAR(255)"/>
            <column name="preferred_last_name" type="VARCHAR(255)"/>
            <column name="preferred_prefix" type="VARCHAR(255)"/>
            <column name="preferred_suffix" type="VARCHAR(255)"/>
            <column name="telephone_number" type="VARCHAR(255)"/>
            <column name="mobile" type="VARCHAR(255)"/>
            <column name="fax" type="VARCHAR(255)"/>
            <column name="country" type="VARCHAR(255)"/>
            <column name="state" type="VARCHAR(255)"/>
            <column name="city" type="VARCHAR(255)"/>
            <column name="address" type="VARCHAR(255)"/>
            <column name="postal_address" type="VARCHAR(255)"/>
            <column name="postal_code" type="VARCHAR(255)"/>
            <column name="hr_partner" type="VARCHAR(255)"/>
            <column name="executive_director" type="VARCHAR(255)"/>
            <column name="job_family" type="VARCHAR(255)"/>
            <column name="ssn" type="VARCHAR(255)"/>
            <column name="leave_of_absence" type="bit(1)"/>
            <column name="company_id" type="VARCHAR(255)"/>
            <column name="worker_type_descriptor" type="VARCHAR(255)"/>
            <column name="gl_pay_type" type="VARCHAR(255)"/>
            <column name="address_last_modified" type="timestamp"/>
        </createTable>
    </changeSet>

    <changeSet author="evahiew" id="1625804058737" context="wd_b2e_config">
        <addColumn schemaName="${executionSchema}" tableName="audit">
            <column name="owf_flow_id" type="VARCHAR(64)"/>
            <column name="owf_execution_id" type="VARCHAR(64)"/>
        </addColumn>
    </changeSet>

</databaseChangeLog>
