<?xml version="1.0" encoding="UTF-8" standalone="no"?>
<databaseChangeLog
    xmlns="http://www.liquibase.org/xml/ns/dbchangelog"
    xmlns:xsi="http://www.w3.org/2001/XMLSchema-instance"
    xsi:schemaLocation="http://www.liquibase.org/xml/ns/dbchangelog http://www.liquibase.org/xml/ns/dbchangelog/dbchangelog-3.5.xsd"
>

    <!-- config-group_mapping - begin -->
    <changeSet author="ekf4p1t" id="data-GIA-8602-20211202-1" context="wd_b2e_data" runOnChange="true" runInTransaction="true">
        <delete tableName="group_mapping" schemaName="${configurationSchema}" />
        <loadData
            encoding="UTF-8"
            relativeToChangelogFile="true"
            file="./data/20211202-01-config-group_mapping.csv"
            quotchar="&quot;"
            separator=","
            tableName="group_mapping"
            schemaName="${configurationSchema}"
        >
            <column header="id" name="id" type="NUMERIC"/>
            <column header="name" name="name" type="STRING"/>
            <column header="dn" name="dn" type="STRING"/>
            <column header="type" name="type" type="STRING"/>
            <column header="okta_cn" name="okta_cn" type="STRING"/>
        </loadData>
    </changeSet>
    <!-- config-group_mapping - end -->

</databaseChangeLog>
