<?xml version="1.0" encoding="UTF-8" standalone="no"?>
<databaseChangeLog
        xmlns="http://www.liquibase.org/xml/ns/dbchangelog"
        xmlns:xsi="http://www.w3.org/2001/XMLSchema-instance"
        xsi:schemaLocation="http://www.liquibase.org/xml/ns/dbchangelog http://www.liquibase.org/xml/ns/dbchangelog/dbchangelog-3.5.xsd"
>

    <!-- For Potential all-env changes-->
    <changeSet author="ekf4p1t" id="all-data-fix-20200316-0" runOnChange="true">
        <comment>Data-fixes for all environments</comment>
    </changeSet>

    <!-- For Potential local-env changes-->
    <changeSet author="ekf4p1t" id="local-data-fix-20200316-0" context="wd_b2e_env-local" runOnChange="true">
        <comment>Data-fixes for local environment</comment>
    </changeSet>

    <!-- For Potential dev-env changes-->
    <changeSet author="ekf4p1t" id="dev-data-fix-20200316-0" context="wd_b2e_env-dev" runOnChange="true">
        <comment>Data-fixes for dev environment</comment>
    </changeSet>

    <!-- For Potential uat-env changes-->
    <changeSet author="ekf4p1t" id="uat-data-fix-20200316-0" context="wd_b2e_env-uat" runOnChange="true">
        <comment>Data-fixes for uat environment</comment>

        <!-- config-group_mapping - begin -->
        <delete tableName="group_mapping" schemaName="${configurationSchema}" />
        <loadData
                encoding="UTF-8"
                relativeToChangelogFile="true"
                file="./data/uat/99999999-99-config-group_mapping.csv"
                quotchar="&quot;"
                separator=","
                tableName="group_mapping"
                schemaName="${configurationSchema}"
        >
            <column header="id" name="id" type="NUMERIC"/>
            <column header="name" name="name" type="STRING"/>
            <column header="dn" name="dn" type="STRING"/>
            <column header="type" name="type" type="STRING"/>
            <column header="okta_cn" name="okta_cn" type="STRING"/>
        </loadData>
        <!-- config-group_mapping - end -->

        <!-- config-hrbu - begin -->
        <delete tableName="hrbu" schemaName="${configurationSchema}" />
        <loadData
                encoding="UTF-8"
                relativeToChangelogFile="true"
                file="./data/uat/99999999-99-config-hrbu.csv"
                quotchar="&quot;"
                separator=","
                tableName="hrbu"
                schemaName="${configurationSchema}"
        >
            <column header="hrbu" name="hrbu" type="STRING"/>
            <column header="ou" name="ou" type="STRING"/>
            <column header="home_drive" name="home_drive" type="STRING"/>
            <column header="home_dir" name="home_dir" type="STRING"/>
            <column header="login_script" name="login_script" type="STRING"/>
            <column header="groups" name="employee_groups" type="STRING"/>
            <column header="contractor_groups" name="contractor_groups" type="STRING"/>
            <column header="contingentworkertype_outside_worker_groups" name="contingentworkertype_outside_worker_groups" type="STRING"/>
            <column header="contingentworkertype_x_groups" name="contingentworkertype_x_groups" type="STRING"/>
            <column header="active_sync" name="active_sync" type="NUMERIC"/>
            <column header="city" name="city" type="NUMERIC"/>
            <column header="mail_suffix" name="mail_suffix" type="STRING"/>
            <column header="secondary_mail_suffix" name="secondary_mail_suffix" type="STRING"/>
            <column header="itc_mail" name="itc_mail" type="STRING"/>
            <column header="enabled" name="enabled" type="NUMERIC"/>
            <column header="vantage_lookup_strategy" name="vantage_lookup_strategy" type="NUMERIC"/>
            <column header="o365" name="o365" type="NUMERIC"/>
        </loadData>
        <!-- config-hrbu - end -->

        <!-- config-hrbu_city_street - begin -->
        <delete tableName="hrbu_city_street" schemaName="${configurationSchema}" />
        <loadData
                encoding="UTF-8"
                relativeToChangelogFile="true"
                file="./data/uat/99999999-99-config-hrbu_city_street.csv"
                quotchar="&quot;"
                separator=","
                tableName="hrbu_city_street"
                schemaName="${configurationSchema}"
        >
            <column header="id" name="id" type="NUMERIC"/>
            <column header="city" name="city" type="STRING"/>
            <column header="street" name="street" type="STRING"/>
            <column header="ou" name="ou" type="STRING"/>
            <column header="home_drive" name="home_drive" type="STRING"/>
            <column header="home_dir" name="home_dir" type="STRING"/>
            <column header="login_script" name="login_script" type="STRING"/>
            <column header="active_sync" name="active_sync" type="NUMERIC"/>
            <column header="itc_mail" name="itc_mail" type="STRING"/>
            <column header="groups" name="employee_groups" type="STRING"/>
            <column header="contractor_groups" name="contractor_groups" type="STRING"/>
            <column header="contingentworkertype_outside_worker_groups" name="contingentworkertype_outside_worker_groups" type="STRING"/>
            <column header="contingentworkertype_x_groups" name="contingentworkertype_x_groups" type="STRING"/>
        </loadData>
        <!-- config-hrbu_city_street - end -->

        <!-- config-domains - begin -->
        <delete tableName="domains" schemaName="${configurationSchema}" />
        <loadData
                encoding="UTF-8"
                relativeToChangelogFile="true"
                file="./data/uat/99999999-99-config-domains.csv"
                quotchar="&quot;"
                separator=","
                tableName="domains"
                schemaName="${configurationSchema}"
        >
            <column name="id" type="NUMERIC"/>
            <column name="name" type="STRING"/>
            <column name="root_ou" type="STRING"/>
            <column name="full_name" type="STRING"/>
            <column name="ldap_host_name" type="STRING"/>
            <column name="exchange_servers" type="STRING"/>
            <column name="default_mail_domain" type="STRING"/>
            <column name="office365_address_suffix" type="STRING"/>
            <column name="office365_url" type="STRING"/>
            <column name="office365_credentials_address" type="STRING"/>
            <column name="terminated_ou" type="STRING"/>
            <column name="default_address_book_json" type="STRING"/>
            <column name="default_manager_json" type="STRING"/>
            <column name="terminal_services_profile_root" type="STRING"/>
            <column name="company" type="STRING"/>
            <column name="staging_ou" type="STRING"/>
            <column name="terminated_users_group" type="STRING"/>
            <column name="workers_ou_json" type="STRING"/>
            <column name="quest_ou_json" type="STRING"/>
            <column name="admins_ou_json" type="STRING"/>
            <column name="primary_group_id" type="NUMERIC"/>
            <column name="terminated_users_primary_group_id" type="NUMERIC"/>
        </loadData>
        <!-- config-domains - end -->

    </changeSet>

    <!-- For Potential prod-env changes-->
    <changeSet author="ekf4p1t" id="prod-data-fix-20200316-0" context="wd_b2e_env-prod" runOnChange="true">
        <comment>Data-fixes for prod environment</comment>

        <!-- config-group_mapping - begin -->
        <delete tableName="group_mapping" schemaName="${configurationSchema}" />
        <loadData
                encoding="UTF-8"
                relativeToChangelogFile="true"
                file="./data/prod/99999999-99-config-group_mapping.csv"
                quotchar="&quot;"
                separator=","
                tableName="group_mapping"
                schemaName="${configurationSchema}"
        >
            <column header="id" name="id" type="NUMERIC"/>
            <column header="name" name="name" type="STRING"/>
            <column header="dn" name="dn" type="STRING"/>
            <column header="type" name="type" type="STRING"/>
            <column header="okta_cn" name="okta_cn" type="STRING"/>
        </loadData>
        <!-- config-group_mapping - end -->

        <!-- config-hrbu - begin -->
        <delete tableName="hrbu" schemaName="${configurationSchema}" />
        <loadData
                encoding="UTF-8"
                relativeToChangelogFile="true"
                file="./data/prod/99999999-99-config-hrbu.csv"
                quotchar="&quot;"
                separator=","
                tableName="hrbu"
                schemaName="${configurationSchema}"
        >
            <column header="hrbu" name="hrbu" type="STRING"/>
            <column header="ou" name="ou" type="STRING"/>
            <column header="home_drive" name="home_drive" type="STRING"/>
            <column header="home_dir" name="home_dir" type="STRING"/>
            <column header="login_script" name="login_script" type="STRING"/>
            <column header="groups" name="employee_groups" type="STRING"/>
            <column header="contractor_groups" name="contractor_groups" type="STRING"/>
            <column header="contingentworkertype_outside_worker_groups" name="contingentworkertype_outside_worker_groups" type="STRING"/>
            <column header="contingentworkertype_x_groups" name="contingentworkertype_x_groups" type="STRING"/>
            <column header="active_sync" name="active_sync" type="NUMERIC"/>
            <column header="city" name="city" type="NUMERIC"/>
            <column header="mail_suffix" name="mail_suffix" type="STRING"/>
            <column header="secondary_mail_suffix" name="secondary_mail_suffix" type="STRING"/>
            <column header="itc_mail" name="itc_mail" type="STRING"/>
            <column header="enabled" name="enabled" type="NUMERIC"/>
            <column header="vantage_lookup_strategy" name="vantage_lookup_strategy" type="NUMERIC"/>
            <column header="o365" name="o365" type="NUMERIC"/>
        </loadData>
        <!-- config-hrbu - end -->

        <!-- config-hrbu_city_street - begin -->
        <delete tableName="hrbu_city_street" schemaName="${configurationSchema}" />
        <loadData
                encoding="UTF-8"
                relativeToChangelogFile="true"
                file="./data/prod/99999999-99-config-hrbu_city_street.csv"
                quotchar="&quot;"
                separator=","
                tableName="hrbu_city_street"
                schemaName="${configurationSchema}"
        >
            <column header="id" name="id" type="NUMERIC"/>
            <column header="city" name="city" type="STRING"/>
            <column header="street" name="street" type="STRING"/>
            <column header="ou" name="ou" type="STRING"/>
            <column header="home_drive" name="home_drive" type="STRING"/>
            <column header="home_dir" name="home_dir" type="STRING"/>
            <column header="login_script" name="login_script" type="STRING"/>
            <column header="active_sync" name="active_sync" type="NUMERIC"/>
            <column header="itc_mail" name="itc_mail" type="STRING"/>
            <column header="groups" name="employee_groups" type="STRING"/>
            <column header="contractor_groups" name="contractor_groups" type="STRING"/>
            <column header="contingentworkertype_outside_worker_groups" name="contingentworkertype_outside_worker_groups" type="STRING"/>
            <column header="contingentworkertype_x_groups" name="contingentworkertype_x_groups" type="STRING"/>
        </loadData>
        <!-- config-hrbu_city_street - end -->

        <!-- config-domains - begin -->
        <delete tableName="domains" schemaName="${configurationSchema}" />
        <loadData
                encoding="UTF-8"
                relativeToChangelogFile="true"
                file="./data/prod/99999999-99-config-domains.csv"
                quotchar="&quot;"
                separator=","
                tableName="domains"
                schemaName="${configurationSchema}"
        >
            <column name="id" type="NUMERIC"/>
            <column name="name" type="STRING"/>
            <column name="root_ou" type="STRING"/>
            <column name="full_name" type="STRING"/>
            <column name="ldap_host_name" type="STRING"/>
            <column name="exchange_servers" type="STRING"/>
            <column name="default_mail_domain" type="STRING"/>
            <column name="office365_address_suffix" type="STRING"/>
            <column name="office365_url" type="STRING"/>
            <column name="office365_credentials_address" type="STRING"/>
            <column name="terminated_ou" type="STRING"/>
            <column name="default_address_book_json" type="STRING"/>
            <column name="default_manager_json" type="STRING"/>
            <column name="terminal_services_profile_root" type="STRING"/>
            <column name="company" type="STRING"/>
            <column name="staging_ou" type="STRING"/>
            <column name="terminated_users_group" type="STRING"/>
            <column name="workers_ou_json" type="STRING"/>
            <column name="quest_ou_json" type="STRING"/>
            <column name="admins_ou_json" type="STRING"/>
            <column name="primary_group_id" type="NUMERIC"/>
            <column name="terminated_users_primary_group_id" type="NUMERIC"/>
            <column name="dfs_servers" type="STRING"/>
        </loadData>
        <!-- config-domains - end -->

    </changeSet>

</databaseChangeLog>
