<?xml version="1.0" encoding="UTF-8" standalone="no"?>
<databaseChangeLog
    xmlns="http://www.liquibase.org/xml/ns/dbchangelog"
    xmlns:xsi="http://www.w3.org/2001/XMLSchema-instance"
    xsi:schemaLocation="http://www.liquibase.org/xml/ns/dbchangelog http://www.liquibase.org/xml/ns/dbchangelog/dbchangelog-3.5.xsd"
>

    <include file="20200316-00-wd_b2e-liquibasefix.xml" relativeToChangelogFile="true"/>

    <include file="20200316-01-wd_b2e-config.xml" relativeToChangelogFile="true"/>
    <include file="20200316-02-wd_b2e-notification.xml" relativeToChangelogFile="true"/>
    <include file="20200316-03-wd_b2e-internal.xml" relativeToChangelogFile="true"/>
    <include file="20200316-04-wd_b2e-execution.xml" relativeToChangelogFile="true"/>
    <include file="20200316-05-wd_b2e-view.xml" relativeToChangelogFile="true"/>

    <include file="20200316-06-wd_b2e-data.xml" relativeToChangelogFile="true"/>

    <include file="20200720-07-wd_b2e-internal-GIA-5730.xml" relativeToChangelogFile="true"/>
    <include file="20201215-08-wd_b2e-config.xml" relativeToChangelogFile="true"/>
    <include file="20210401-09-wd_b2e-execution-time.xml" relativeToChangelogFile="true"/>
    <include file="20210501-10-wd_b2e-audit.xml" relativeToChangelogFile="true"/>

    <include file="20211202-11-wd_b2e-config-GIA-8602.xml" relativeToChangelogFile="true"/>
    <include file="20211202-12-wd_b2e-data-GIA-8602.xml" relativeToChangelogFile="true"/>

    <!-- It should be LAST include-->
    <include file="99999999-99-wd_b2e-env-data-fixes.xml" relativeToChangelogFile="true"/>

</databaseChangeLog>
