id,name,dn,type
144,AZ Employees,"CN=AZ Employees,OU=AZ_Arizona Oncology Associates,OU=Distribution Groups,OU=Groups,OU=USON,OU=B2E_Workday_Okta_AD,DC=mshusontest,DC=com",hrbu
146,CTX_Acrobat_Reader,"CN=CTX_Acrobat_Reader,OU=Corporate,OU=Help Desk Managed Groups,OU=Groups,OU=USON,OU=B2E_Workday_Okta_AD,DC=mshusontest,DC=com",hrbu
147,CTX_FILEMGR,"CN=CTX_FILEMGR,OU=EnterpriseWide,OU=Help Desk Managed Groups,OU=Groups,OU=USON,OU=B2E_Workday_Okta_AD,DC=mshusontest,DC=com",hrbu
149,CTX_Office07,"CN=CTX_Office07,OU=Corporate,OU=Help Desk Managed Groups,OU=Groups,OU=USON,OU=B2E_Workday_Okta_AD,DC=mshusontest,DC=com",hrbu
150,Comprehensive Cancer Care,"CN=Comprehensive Cancer Care,OU=MO_Comprehensive Cancer Care,OU=Distribution Groups,OU=Groups,OU=USON,OU=B2E_Workday_Okta_AD,DC=mshusontest,DC=com",hrbu
151,Missouri Cancer Associate employees and physicians,"CN=Missouri Cancer Associate employees and physicians,OU=MO_Missouri Cancer Associates,OU=Distribution Groups,OU=Groups,OU=USON,OU=B2E_Workday_Okta_AD,DC=mshusontest,DC=com",hrbu
152,OR All Portland & Vancouver,"CN=OR All Portland & Vancouver,OU=OR_Northwest Cancer Specialists (Portland),OU=Distribution Groups,OU=Groups,OU=USON,OU=B2E_Workday_Okta_AD,DC=mshusontest,DC=com",hrbu
153,RMCC Employees,"CN=RMCC Employees,OU=CO_Rocky Mountain Cancer Centers,OU=Distribution Groups,OU=Groups,OU=USON,OU=B2E_Workday_Okta_AD,DC=mshusontest,DC=com",hrbu
154,Svr-ACC,"CN=Svr-ACC,OU=MO_Arch Cancer Care,OU=Help Desk Managed Groups,OU=Groups,OU=USON,OU=B2E_Workday_Okta_AD,DC=mshusontest,DC=com",hrbu
156,Svr-ArthritisConsultantsofTidewater,"CN=Svr-ArthritisConsultantsofTidewater,OU=VA_Arthritis Consultants of Tidewater,OU=Help Desk Managed Groups,OU=Groups,OU=USON,OU=B2E_Workday_Okta_AD,DC=mshusontest,DC=com",hrbu
157,Svr-CCC,"CN=Svr-CCC,OU=MO_Comprehensive Cancer Care,OU=Help Desk Managed Groups,OU=Groups,OU=USON,OU=B2E_Workday_Okta_AD,DC=mshusontest,DC=com",hrbu
158,Svr-COL,"CN=Svr-COL,OU=MO_Missouri Cancer Associates,OU=Help Desk Managed Groups,OU=Groups,OU=USON,OU=B2E_Workday_Okta_AD,DC=mshusontest,DC=com",hrbu
159,Svr-CPK,"CN=Svr-CPK,OU=NY_New York Oncology Hematology,OU=Help Desk Managed Groups,OU=Groups,OU=USON,OU=B2E_Workday_Okta_AD,DC=mshusontest,DC=com",hrbu
160,Svr-DEN,"CN=Svr-DEN,OU=CO_Rocky Mountain Cancer Centers,OU=Help Desk Managed Groups,OU=Groups,OU=USON,OU=B2E_Workday_Okta_AD,DC=mshusontest,DC=com",hrbu
161,Svr-EUG,"CN=Svr-EUG,OU=OR_Oncology Associates of Oregon (Eugene),OU=Help Desk Managed Groups,OU=Groups,OU=USON,OU=B2E_Workday_Okta_AD,DC=mshusontest,DC=com",hrbu
162,Svr-FAI,"CN=Svr-FAI,OU=VA_Virginia Cancer Specialists,OU=Help Desk Managed Groups,OU=Groups,OU=USON,OU=B2E_Workday_Okta_AD,DC=mshusontest,DC=com",hrbu
163,Svr-FCI,"CN=Svr-FCI,OU=FL_Florida Cancer Affiliates,OU=Help Desk Managed Groups,OU=Groups,OU=USON,OU=B2E_Workday_Okta_AD,DC=mshusontest,DC=com",hrbu
164,Svr-HOA,"CN=Svr-HOA,OU=OR_Hematology Oncology Associates,OU=Help Desk Managed Groups,OU=Groups,OU=USON,OU=B2E_Workday_Okta_AD,DC=mshusontest,DC=com",hrbu
165,Svr-IL-CCHSC,"CN=Svr-IL-CCHSC,OU=IL_IllinoisCancerSpecialists,OU=Help Desk Managed Groups,OU=Groups,OU=USON,OU=B2E_Workday_Okta_AD,DC=mshusontest,DC=com",hrbu
166,Svr-ILL,"CN=Svr-ILL,OU=IL_IllinoisCancerSpecialists,OU=Help Desk Managed Groups,OU=Groups,OU=USON,OU=B2E_Workday_Okta_AD,DC=mshusontest,DC=com",hrbu
167,Svr-LVS,"CN=Svr-LVS,OU=NV_Comprehensive Cancer Centers of Nevada,OU=Help Desk Managed Groups,OU=Groups,OU=USON,OU=B2E_Workday_Okta_AD,DC=mshusontest,DC=com",hrbu
168,Svr-MAR,"CN=Svr-MAR,OU=MD_Maryland Oncology Hematology,OU=Help Desk Managed Groups,OU=Groups,OU=USON,OU=B2E_Workday_Okta_AD,DC=mshusontest,DC=com",hrbu
169,Svr-MIN,"CN=Svr-MIN,OU=MN_Minnesota Oncology Hematology,OU=Help Desk Managed Groups,OU=Groups,OU=USON,OU=B2E_Workday_Okta_AD,DC=mshusontest,DC=com",hrbu
170,Svr-NOR,"CN=Svr-NOR,OU=VA_Virginia Oncology Associates,OU=Help Desk Managed Groups,OU=Groups,OU=USON,OU=B2E_Workday_Okta_AD,DC=mshusontest,DC=com",hrbu
171,Svr-OHH,"CN=Svr-OHH,OU=OH_Hope Center for Cancer Care,OU=Help Desk Managed Groups,OU=Groups,OU=USON,OU=B2E_Workday_Okta_AD,DC=mshusontest,DC=com",hrbu
172,Svr-OOC,"CN=Svr-OOC,OU=FL_Florida Cancer Affiliates,OU=Help Desk Managed Groups,OU=Groups,OU=USON,OU=B2E_Workday_Okta_AD,DC=mshusontest,DC=com",hrbu
173,Svr-PAVOHA,"CN=Svr-PAVOHA,OU=PA_Venango Oncology Hematology Association,OU=Help Desk Managed Groups,OU=Groups,OU=USON,OU=B2E_Workday_Okta_AD,DC=mshusontest,DC=com",hrbu
174,Svr-POR,"CN=Svr-POR,OU=OR_Northwest Cancer Specialists (Portland),OU=Help Desk Managed Groups,OU=Groups,OU=USON,OU=B2E_Workday_Okta_AD,DC=mshusontest,DC=com",hrbu
175,Svr-RAL,"CN=Svr-RAL,OU=NC_Cancer Centers of North Carolina,OU=Help Desk Managed Groups,OU=Groups,OU=USON,OU=B2E_Workday_Okta_AD,DC=mshusontest,DC=com",hrbu
176,Svr-ROA,"CN=Svr-ROA,OU=VA_Blue Ridge Cancer Centers,OU=Help Desk Managed Groups,OU=Groups,OU=USON,OU=B2E_Workday_Okta_AD,DC=mshusontest,DC=com",hrbu
177,Svr-SAO,"CN=Svr-SAO,OU=TX_TXO,OU=Help Desk Managed Groups,OU=Groups,OU=USON,OU=B2E_Workday_Okta_AD,DC=mshusontest,DC=com",hrbu
178,Svr-SFL,"CN=Svr-SFL,OU=FL_South Florida Oncology and Hematology Consultants,OU=Help Desk Managed Groups,OU=Groups,OU=USON,OU=B2E_Workday_Okta_AD,DC=mshusontest,DC=com",hrbu
179,Svr-TUC,"CN=Svr-TUC,OU=AZ_Arizona Oncology Associates,OU=Help Desk Managed Groups,OU=Groups,OU=USON,OU=B2E_Workday_Okta_AD,DC=mshusontest,DC=com",hrbu
180,Svr-VA_Shenandoah,"CN=Svr-VA_Shenandoah,OU=VA_Shenandoah Oncology,OU=Help Desk Managed Groups,OU=Groups,OU=USON,OU=B2E_Workday_Okta_AD,DC=mshusontest,DC=com",hrbu
181,Svr-WIL,"CN=Svr-WIL,OU=CA_Wilshire Oncology Medical Group,OU=Help Desk Managed Groups,OU=Groups,OU=USON,OU=B2E_Workday_Okta_AD,DC=mshusontest,DC=com",hrbu
182,FCA Everyone,"CN=FCA Everyone,OU=FL_Florida Cancer Affiliates,OU=Distribution Groups,OU=Groups,OU=USON,OU=B2E_Workday_Okta_AD,DC=mshusontest,DC=com",hrbu
183,Willamette Valley Cancer Institute,"CN=Willamette Valley Cancer Institute,OU=OR_Oncology Associates of Oregon (Eugene),OU=Distribution Groups,OU=Groups,OU=USON,OU=B2E_Workday_Okta_AD,DC=mshusontest,DC=com",hrbu
184,Wilshire All Employees,"CN=Wilshire All Employees,OU=CA_Wilshire Oncology Medical Group,OU=Help Desk Managed Groups,OU=Groups,OU=USON,OU=B2E_Workday_Okta_AD,DC=mshusontest,DC=com",hrbu
185,Last-Names-A,"CN=CSA Network - All Practice Contacts - Last Names A,OU=EnterpriseWide,OU=Distribution Groups,OU=Groups,OU=USON,OU=B2E_Workday_Okta_AD,DC=mshusontest,DC=com",csa
186,Last-Names-B,"CN=CSA Network - All Practice Contacts - Last Names B,OU=EnterpriseWide,OU=Distribution Groups,OU=Groups,OU=USON,OU=B2E_Workday_Okta_AD,DC=mshusontest,DC=com",csa
187,Last-Names-C,"CN=CSA Network - All Practice Contacts - Last Names C,OU=EnterpriseWide,OU=Distribution Groups,OU=Groups,OU=USON,OU=B2E_Workday_Okta_AD,DC=mshusontest,DC=com",csa
188,Last-Names-D,"CN=CSA Network - All Practice Contacts - Last Names D-E,OU=EnterpriseWide,OU=Distribution Groups,OU=Groups,OU=USON,OU=B2E_Workday_Okta_AD,DC=mshusontest,DC=com",csa
189,Last-Names-E,"CN=CSA Network - All Practice Contacts - Last Names D-E,OU=EnterpriseWide,OU=Distribution Groups,OU=Groups,OU=USON,OU=B2E_Workday_Okta_AD,DC=mshusontest,DC=com",csa
190,Last-Names-F,"CN=CSA Network - All Practice Contacts - Last Names F-G,OU=EnterpriseWide,OU=Distribution Groups,OU=Groups,OU=USON,OU=B2E_Workday_Okta_AD,DC=mshusontest,DC=com",csa
191,Last-Names-G,"CN=CSA Network - All Practice Contacts - Last Names F-G,OU=EnterpriseWide,OU=Distribution Groups,OU=Groups,OU=USON,OU=B2E_Workday_Okta_AD,DC=mshusontest,DC=com",csa
192,Last-Names-H,"CN=CSA Network - All Practice Contacts - Last Names H-I,OU=EnterpriseWide,OU=Distribution Groups,OU=Groups,OU=USON,OU=B2E_Workday_Okta_AD,DC=mshusontest,DC=com",csa
193,Last-Names-I,"CN=CSA Network - All Practice Contacts - Last Names H-I,OU=EnterpriseWide,OU=Distribution Groups,OU=Groups,OU=USON,OU=B2E_Workday_Okta_AD,DC=mshusontest,DC=com",csa
194,Last-Names-J,"CN=CSA Network - All Practice Contacts - Last Names J-K,OU=EnterpriseWide,OU=Distribution Groups,OU=Groups,OU=USON,OU=B2E_Workday_Okta_AD,DC=mshusontest,DC=com",csa
195,Last-Names-K,"CN=CSA Network - All Practice Contacts - Last Names J-K,OU=EnterpriseWide,OU=Distribution Groups,OU=Groups,OU=USON,OU=B2E_Workday_Okta_AD,DC=mshusontest,DC=com",csa
196,Last-Names-L,"CN=CSA Network - All Practice Contacts - Last Names L,OU=EnterpriseWide,OU=Distribution Groups,OU=Groups,OU=USON,OU=B2E_Workday_Okta_AD,DC=mshusontest,DC=com",csa
197,Last-Names-M,"CN=CSA Network - All Practice Contacts - Last Names M,OU=EnterpriseWide,OU=Distribution Groups,OU=Groups,OU=USON,OU=B2E_Workday_Okta_AD,DC=mshusontest,DC=com",csa
198,Last-Names-N,"CN=CSA Network - All Practice Contacts - Last Names N-O,OU=EnterpriseWide,OU=Distribution Groups,OU=Groups,OU=USON,OU=B2E_Workday_Okta_AD,DC=mshusontest,DC=com",csa
199,Last-Names-O,"CN=CSA Network - All Practice Contacts - Last Names N-O,OU=EnterpriseWide,OU=Distribution Groups,OU=Groups,OU=USON,OU=B2E_Workday_Okta_AD,DC=mshusontest,DC=com",csa
200,Last-Names-P,"CN=CSA Network - All Practice Contacts - Last Names P-Q,OU=EnterpriseWide,OU=Distribution Groups,OU=Groups,OU=USON,OU=B2E_Workday_Okta_AD,DC=mshusontest,DC=com",csa
201,Last-Names-Q,"CN=CSA Network - All Practice Contacts - Last Names P-Q,OU=EnterpriseWide,OU=Distribution Groups,OU=Groups,OU=USON,OU=B2E_Workday_Okta_AD,DC=mshusontest,DC=com",csa
202,Last-Names-R,"CN=CSA Network - All Practice Contacts - Last Names R,OU=EnterpriseWide,OU=Distribution Groups,OU=Groups,OU=USON,OU=B2E_Workday_Okta_AD,DC=mshusontest,DC=com",csa
203,Last-Names-S,"CN=CSA Network - All Practice Contacts - Last Names S,OU=EnterpriseWide,OU=Distribution Groups,OU=Groups,OU=USON,OU=B2E_Workday_Okta_AD,DC=mshusontest,DC=com",csa
204,Last-Names-T,"CN=CSA Network - All Practice Contacts - Last Names T-U-V,OU=EnterpriseWide,OU=Distribution Groups,OU=Groups,OU=USON,OU=B2E_Workday_Okta_AD,DC=mshusontest,DC=com",csa
205,Last-Names-U,"CN=CSA Network - All Practice Contacts - Last Names T-U-V,OU=EnterpriseWide,OU=Distribution Groups,OU=Groups,OU=USON,OU=B2E_Workday_Okta_AD,DC=mshusontest,DC=com",csa
206,Last-Names-V,"CN=CSA Network - All Practice Contacts - Last Names T-U-V,OU=EnterpriseWide,OU=Distribution Groups,OU=Groups,OU=USON,OU=B2E_Workday_Okta_AD,DC=mshusontest,DC=com",csa
207,Last-Names-W,"CN=CSA Network - All Practice Contacts - Last Names W-X-Y-Z,OU=EnterpriseWide,OU=Distribution Groups,OU=Groups,OU=USON,OU=B2E_Workday_Okta_AD,DC=mshusontest,DC=com",csa
208,Last-Names-X,"CN=CSA Network - All Practice Contacts - Last Names W-X-Y-Z,OU=EnterpriseWide,OU=Distribution Groups,OU=Groups,OU=USON,OU=B2E_Workday_Okta_AD,DC=mshusontest,DC=com",csa
209,Last-Names-Y,"CN=CSA Network - All Practice Contacts - Last Names W-X-Y-Z,OU=EnterpriseWide,OU=Distribution Groups,OU=Groups,OU=USON,OU=B2E_Workday_Okta_AD,DC=mshusontest,DC=com",csa
210,Last-Names-Z,"CN=CSA Network - All Practice Contacts - Last Names W-X-Y-Z,OU=EnterpriseWide,OU=Distribution Groups,OU=Groups,OU=USON,OU=B2E_Workday_Okta_AD,DC=mshusontest,DC=com",csa
211,Everyone,"CN=Everyone,OU=EnterpriseWide,OU=Distribution Groups,OU=Groups,OU=USON,OU=B2E_Workday_Okta_AD,DC=mshusontest,DC=com",default
213,G_Autonomy_Archive,"CN=G_Autonomy_Archive,OU=EnterpriseWide,OU=Security Managed Groups,OU=Groups,OU=USON,OU=B2E_Workday_Okta_AD,DC=mshusontest,DC=com",default
216,CTX_ALLOW,"CN=CTX_ALLOW,OU=Corporate,OU=Help Desk Managed Groups,OU=Groups,OU=USON,OU=B2E_Workday_Okta_AD,DC=mshusontest,DC=com",hrbu
217,OptimOncologyUsers,"CN=OptimOncologyUsers,OU=OK_Optim Oncology,OU=Help Desk Managed Groups,OU=Groups,OU=USON,OU=B2E_Workday_Okta_AD,DC=mshusontest,DC=com",hrbu
218,DL Optim Oncology,"CN=DL Optim Oncology,CN=Quest Collaboration Services Objects,OU=McKesson,OU=Contacts,OU=USON,OU=B2E_Workday_Okta_AD,DC=mshusontest,DC=com",hrbu
219,ArthritisAssociatesofSouthernCaliforniaUsers,"CN=ArthritisAssociatesofSouthernCaliforniaUsers,OU=CA_Arthritis Associates of Southern California,OU=Help Desk Managed Groups,OU=Groups,OU=USON,OU=B2E_Workday_Okta_AD,DC=mshusontest,DC=com",hrbu
220,DL Arthritis Associates of Southern California,"CN=DL Arthritis Associates of Southern California,CN=Quest Collaboration Services Objects,OU=McKesson,OU=Contacts,OU=USON,OU=B2E_Workday_Okta_AD,DC=mshusontest,DC=com",hrbu
222,CTX_MyOncologyWorkspace,"CN=CTX_MyOncologyWorkspace,OU=Corporate,OU=Help Desk Managed Groups,OU=Groups,OU=USON,OU=B2E_Workday_Okta_AD,DC=mshusontest,DC=com",default
223,TXO All Employees,"CN=TXO All Employees,OU=TX_TXO,OU=Distribution Groups,OU=Groups,OU=USON,OU=B2E_Workday_Okta_AD,DC=mshusontest,DC=com",hrbu
225,Svr-AST,"CN=Svr-AST,OU=TX_TXO,OU=Help Desk Managed Groups,OU=Groups,OU=USON,OU=B2E_Workday_Okta_AD,DC=mshusontest,DC=com",hrbu
227,Svr-ELP,"CN=Svr-ELP,OU=TX_TXO,OU=Help Desk Managed Groups,OU=Groups,OU=USON,OU=B2E_Workday_Okta_AD,DC=mshusontest,DC=com",hrbu
228,Svr-HST,"CN=Svr-HST,OU=TX_TXO,OU=Help Desk Managed Groups,OU=Groups,OU=USON,OU=B2E_Workday_Okta_AD,DC=mshusontest,DC=com",hrbu
229,Svr-LNGV,"CN=Svr-LNGV,OU=TX_TXO,OU=Help Desk Managed Groups,OU=Groups,OU=USON,OU=B2E_Workday_Okta_AD,DC=mshusontest,DC=com",hrbu
230,Svr-TOPA,"CN=Svr-TOPA,OU=TX_TXO,OU=Help Desk Managed Groups,OU=Groups,OU=USON,OU=B2E_Workday_Okta_AD,DC=mshusontest,DC=com",hrbu
231,Svr-AMA,"CN=Svr-AMA,OU=TX_TXO,OU=Help Desk Managed Groups,OU=Groups,OU=USON,OU=B2E_Workday_Okta_AD,DC=mshusontest,DC=com",hrbu
232,Svr-BEA,"CN=Svr-BEA,OU=TX_TXO,OU=Help Desk Managed Groups,OU=Groups,OU=USON,OU=B2E_Workday_Okta_AD,DC=mshusontest,DC=com",hrbu
233,Svr-BRO,"CN=Svr-BRO,OU=TX_TXO,OU=Help Desk Managed Groups,OU=Groups,OU=USON,OU=B2E_Workday_Okta_AD,DC=mshusontest,DC=com",hrbu
234,Svr-HAR,"CN=Svr-HAR,OU=TX_TXO,OU=Help Desk Managed Groups,OU=Groups,OU=USON,OU=B2E_Workday_Okta_AD,DC=mshusontest,DC=com",hrbu
235,Svr-MID,"CN=Svr-MID,OU=TX_TXO,OU=Help Desk Managed Groups,OU=Groups,OU=USON,OU=B2E_Workday_Okta_AD,DC=mshusontest,DC=com",hrbu
236,Svr-SGL,"CN=Svr-SGL,OU=TX_TXO,OU=Help Desk Managed Groups,OU=Groups,OU=USON,OU=B2E_Workday_Okta_AD,DC=mshusontest,DC=com",hrbu
237,Svr-TYL,"CN=Svr-TYL,OU=TX_TXO,OU=Help Desk Managed Groups,OU=Groups,OU=USON,OU=B2E_Workday_Okta_AD,DC=mshusontest,DC=com",hrbu
238,Svr-WEB,"CN=Svr-WEB,OU=TX_TXO,OU=Help Desk Managed Groups,OU=Groups,OU=USON,OU=B2E_Workday_Okta_AD,DC=mshusontest,DC=com",hrbu
239,Svr-MCAL,"CN=Svr-MCAL,OU=TX_TXO,OU=Help Desk Managed Groups,OU=Groups,OU=USON,OU=B2E_Workday_Okta_AD,DC=mshusontest,DC=com",hrbu
240,Svr-MISC,"CN=Svr-MISC,OU=TX_TXO,OU=Help Desk Managed Groups,OU=Groups,OU=USON,OU=B2E_Workday_Okta_AD,DC=mshusontest,DC=com",hrbu
241,Svr-WESL,"CN=Svr-WESL,OU=TX_TXO,OU=Help Desk Managed Groups,OU=Groups,OU=USON,OU=B2E_Workday_Okta_AD,DC=mshusontest,DC=com",hrbu
242,Svr-WDL-East,"CN=Svr-WDL-East,OU=TX_TXO,OU=Help Desk Managed Groups,OU=Groups,OU=USON,OU=B2E_Workday_Okta_AD,DC=mshusontest,DC=com",hrbu
243,Svr-TXOProton,"CN=SVR-TXOProton,OU=TX_TXO,OU=Help Desk Managed Groups,OU=Groups,OU=USON,OU=B2E_Workday_Okta_AD,DC=mshusontest,DC=com",hrbu
244,CTX_OCM_EDUCATION,"CN=CTX_OCM_EDUCATION,OU=EnterpriseWide,OU=Help Desk Managed Groups,OU=Groups,OU=USON,OU=B2E_Workday_Okta_AD,DC=mshusontest,DC=com",hrbu
245,SVR_Florida_WMS,"CN=SVR_Florida_WMS,OU=FL_WoodlandsMedicalSpecialists,OU=Help Desk Managed Groups,OU=Groups,OU=USON,OU=B2E_Workday_Okta_AD,DC=mshusontest,DC=com",hrbu
246,CTX_Office10,"CN=CTX_Office10,OU=Corporate,OU=Help Desk Managed Groups,OU=Groups,OU=USON,OU=B2E_Workday_Okta_AD,DC=mshusontest,DC=com",hrbu
247,TXO All Contractors,"CN=TXO All Contractors,OU=TX_TXO,OU=Distribution Groups,OU=Groups,OU=USON,OU=B2E_Workday_Okta_AD,DC=mshusontest,DC=com",hrbu
248,Svr-TOPATEMP,"CN=Svr-TOPATEMP,OU=TX_TXO,OU=Help Desk Managed Groups,OU=Groups,OU=USON,OU=B2E_Workday_Okta_AD,DC=mshusontest,DC=com",hrbu
249,CTX_IKM_CCCSTH_EMR,"CN=CTX_IKM_CCCSTH_EMR,OU=TX_TXO,OU=Help Desk Managed Groups,OU=Groups,OU=USON,OU=B2E_Workday_Okta_AD,DC=mshusontest,DC=com",hrbu
250,CTX_IKM_CCCSTS_EMR,"CN=CTX_IKM_CCCSTS_EMR,OU=EnterpriseWide,OU=Help Desk Managed Groups,OU=Groups,OU=USON,OU=B2E_Workday_Okta_AD,DC=mshusontest,DC=com",hrbu
251,CTX_IKM_TOPACTR_EMR,"CN=CTX_IKM_TOPACTR_EMR,OU=TX_TXO,OU=Help Desk Managed Groups,OU=Groups,OU=USON,OU=B2E_Workday_Okta_AD,DC=mshusontest,DC=com",hrbu
252,CTX_IKM_TOPAGCR_EMR,"CN=CTX_IKM_TOPAGCR_EMR,OU=TX_TXO,OU=Help Desk Managed Groups,OU=Groups,OU=USON,OU=B2E_Workday_Okta_AD,DC=mshusontest,DC=com",hrbu
253,CTX_IKM_TOPANTR_EMR,"CN=CTX_IKM_TOPANTR_EMR,OU=TX_TXO,OU=Help Desk Managed Groups,OU=Groups,OU=USON,OU=B2E_Workday_Okta_AD,DC=mshusontest,DC=com",hrbu
254,CTX_IKM_TOPAWTR_EMR,"CN=CTX_IKM_TOPAWTR_EMR,OU=TX_TXO,OU=Help Desk Managed Groups,OU=Groups,OU=USON,OU=B2E_Workday_Okta_AD,DC=mshusontest,DC=com",hrbu
255,CTX_IKM_TXOWTRM_EMR,"CN=CTX_IKM_TXOWTRM_EMR,OU=TX_TXO,OU=Help Desk Managed Groups,OU=Groups,OU=USON,OU=B2E_Workday_Okta_AD,DC=mshusontest,DC=com",hrbu
256,WMS Employees,"CN=WMS Employees,OU=FL_WoodlandsMedicalSpecialists,OU=Distribution Groups,OU=Groups,OU=USON,OU=B2E_Workday_Okta_AD,DC=mshusontest,DC=com",hrbu
257,SVR_Ohio_OHC,"CN=SVR_Ohio_OHC,OU=OH_Oncology Hematology Care,OU=Help Desk Managed Groups,OU=Groups,OU=USON,OU=B2E_Workday_Okta_AD,DC=mshusontest,DC=com",hrbu
258,CTX_LearnCent,"CN=CTX_LearnCent,OU=EnterpriseWide,OU=Help Desk Managed Groups,OU=Groups,OU=USON,OU=B2E_Workday_Okta_AD,DC=mshusontest,DC=com",hrbu
259,OHC All Employees,"CN=OHC All Employees,OU=OH_Oncology Hematology Care,OU=Distribution Groups,OU=Groups,OU=USON,OU=B2E_Workday_Okta_AD,DC=mshusontest,DC=com",hrbu
260,SVR_VOCBO,"CN=SVR_VOCBO,OU=VO_CBO,OU=Help Desk Managed Groups,OU=Groups,OU=USON,OU=B2E_Workday_Okta_AD,DC=mshusontest,DC=com",hrbu
261,SVR_VOwest,"CN=SVR_VOwest,OU=VO_West,OU=Help Desk Managed Groups,OU=Groups,OU=USON,OU=B2E_Workday_Okta_AD,DC=mshusontest,DC=com",hrbu
262,SVR_VOGeorgia,"CN=SVR_VOGeorgia,OU=VO_Georgia,OU=Help Desk Managed Groups,OU=Groups,OU=USON,OU=B2E_Workday_Okta_AD,DC=mshusontest,DC=com",hrbu
263,SVR_VOMidwest,"CN=SVR_VOMidwest,OU=VO_Midwest,OU=Help Desk Managed Groups,OU=Groups,OU=USON,OU=B2E_Workday_Okta_AD,DC=mshusontest,DC=com",hrbu
264,SVR_VONortheast,"CN=SVR_VONortheast,OU=VO_Northeast,OU=Help Desk Managed Groups,OU=Groups,OU=USON,OU=B2E_Workday_Okta_AD,DC=mshusontest,DC=com",hrbu
265,SVR_VOSoutheast,"CN=SVR_VOSoutheast,OU=VO_Southeast,OU=Help Desk Managed Groups,OU=Groups,OU=USON,OU=B2E_Workday_Okta_AD,DC=mshusontest,DC=com",hrbu
266,SVR_VOKentuckiana,"CN=SVR_VOKentuckiana,OU=VO_Kentuckiana,OU=Help Desk Managed Groups,OU=Groups,OU=USON,OU=B2E_Workday_Okta_AD,DC=mshusontest,DC=com",hrbu
267,SVR_VORhodeIsland,"CN=SVR_VORhodeIsland,OU=VO_Rhode Island,OU=Help Desk Managed Groups,OU=Groups,OU=USON,OU=B2E_Workday_Okta_AD,DC=mshusontest,DC=com",hrbu
268,SVR_VO_RCOG,"CN=SVR_VO_RCOG,OU=VO_RCOG,OU=Help Desk Managed Groups,OU=Groups,OU=USON,OU=B2E_Workday_Okta_AD,DC=mshusontest,DC=com",hrbu
269,svr_ALSCC,"CN=svr_ALSCC,OU=AL_SouthernCancerCenter,OU=Help Desk Managed Groups,OU=Groups,OU=USON,OU=B2E_Workday_Okta_AD,DC=mshusontest,DC=com",hrbu
271,USON Mountain West RBO,"CN=USON Mountain West RBO,OU=US_Mountain West RBO,OU=Distribution Groups,OU=Groups,OU=USON,OU=B2E_Workday_Okta_AD,DC=mshusontest,DC=com",hrbu
272,SVR_mtnrbo,"CN=SVR_mtnrbo,OU=US_Mountain West RBO,OU=Help Desk Managed Groups,OU=Groups,OU=USON,OU=B2E_Workday_Okta_AD,DC=mshusontest,DC=com",hrbu
273,SVR_MOHC,"CN=SVR_MOHC,OU=DE_Medical Oncology Hematology Consultants,OU=Help Desk Managed Groups,OU=Groups,OU=USON,OU=B2E_Workday_Okta_AD,DC=mshusontest,DC=com",hrbu
274,MOHC_Everyone,"CN=MOHC_Everyone,OU=DE_Medical Oncology Hematology Consultants,OU=Distribution Groups,OU=Groups,OU=USON,OU=B2E_Workday_Okta_AD,DC=mshusontest,DC=com",hrbu
275,PublicFolders_AL_SouthernCancerCenter,"CN=PublicFolders_AL_SouthernCancerCenter,OU=EnterpriseWide,OU=SelfServiceOnly,OU=Groups,OU=USON,OU=B2E_Workday_Okta_AD,DC=mshusontest,DC=com",hrbu
276,PublicFolders_AZ_Arizona_Oncology_Associates,"CN=PublicFolders_AZ_Arizona_Oncology_Associates,OU=EnterpriseWide,OU=SelfServiceOnly,OU=Groups,OU=USON,OU=B2E_Workday_Okta_AD,DC=mshusontest,DC=com",hrbu
277,PublicFolders_CO_Rocky_Mountain_Cancer_Centers,"CN=PublicFolders_CO_Rocky_Mountain_Cancer_Centers,OU=EnterpriseWide,OU=SelfServiceOnly,OU=Groups,OU=USON,OU=B2E_Workday_Okta_AD,DC=mshusontest,DC=com",hrbu
278,PublicFolders_DE_Medical_Oncology_Hematology_Consultants,"CN=PublicFolders_DE_Medical_Oncology_Hematology_Consultants,OU=EnterpriseWide,OU=SelfServiceOnly,OU=Groups,OU=USON,OU=B2E_Workday_Okta_AD,DC=mshusontest,DC=com",hrbu
279,PublicFolders_FL_Advanced_Medical_Specialties,"CN=PublicFolders_FL_Advanced_Medical_Specialties,OU=EnterpriseWide,OU=SelfServiceOnly,OU=Groups,OU=USON,OU=B2E_Workday_Okta_AD,DC=mshusontest,DC=com",hrbu
280,PublicFolders_FL_Florida_Cancer_Affiliates,"CN=PublicFolders_FL_Florida_Cancer_Affiliates,OU=EnterpriseWide,OU=SelfServiceOnly,OU=Groups,OU=USON,OU=B2E_Workday_Okta_AD,DC=mshusontest,DC=com",hrbu
281,PublicFolders_FL_South_Florida_Oncology_and_Hematology_Consultan,"CN=PublicFolders_FL_South_Florida_Oncology_and_Hematology_Consultan,OU=EnterpriseWide,OU=SelfServiceOnly,OU=Groups,OU=USON,OU=B2E_Workday_Okta_AD,DC=mshusontest,DC=com",hrbu
282,PublicFolders_FL_WoodlandsMedicalSpecialists,"CN=PublicFolders_FL_WoodlandsMedicalSpecialists,OU=EnterpriseWide,OU=SelfServiceOnly,OU=Groups,OU=USON,OU=B2E_Workday_Okta_AD,DC=mshusontest,DC=com",hrbu
283,PublicFolders_IL_IllinoisCancerSpecialists,"CN=PublicFolders_IL_IllinoisCancerSpecialists,OU=EnterpriseWide,OU=SelfServiceOnly,OU=Groups,OU=USON,OU=B2E_Workday_Okta_AD,DC=mshusontest,DC=com",hrbu
284,PublicFolders_MD_Maryland_Oncology_Hematology,"CN=PublicFolders_MD_Maryland_Oncology_Hematology,OU=EnterpriseWide,OU=SelfServiceOnly,OU=Groups,OU=USON,OU=B2E_Workday_Okta_AD,DC=mshusontest,DC=com",hrbu
285,PublicFolders_MN_Minnesota_Oncology_Hematology,"CN=PublicFolders_MN_Minnesota_Oncology_Hematology,OU=EnterpriseWide,OU=SelfServiceOnly,OU=Groups,OU=USON,OU=B2E_Workday_Okta_AD,DC=mshusontest,DC=com",hrbu
286,PublicFolders_MO_Arch_Cancer_Care,"CN=PublicFolders_MO_Arch_Cancer_Care,OU=EnterpriseWide,OU=SelfServiceOnly,OU=Groups,OU=USON,OU=B2E_Workday_Okta_AD,DC=mshusontest,DC=com",hrbu
287,PublicFolders_MO_Comprehensive_Cancer_Care,"CN=PublicFolders_MO_Comprehensive_Cancer_Care,OU=EnterpriseWide,OU=SelfServiceOnly,OU=Groups,OU=USON,OU=B2E_Workday_Okta_AD,DC=mshusontest,DC=com",hrbu
288,PublicFolders_MO_Missouri_Cancer_Associates,"CN=PublicFolders_MO_Missouri_Cancer_Associates,OU=EnterpriseWide,OU=SelfServiceOnly,OU=Groups,OU=USON,OU=B2E_Workday_Okta_AD,DC=mshusontest,DC=com",hrbu
289,PublicFolders_NC_Cancer_Centers_of_North_Carolina,"CN=PublicFolders_NC_Cancer_Centers_of_North_Carolina,OU=EnterpriseWide,OU=SelfServiceOnly,OU=Groups,OU=USON,OU=B2E_Workday_Okta_AD,DC=mshusontest,DC=com",hrbu
290,PublicFolders_NV_Comprehensive_Cancer_Centers_of_Nevada,"CN=PublicFolders_NV_Comprehensive_Cancer_Centers_of_Nevada,OU=EnterpriseWide,OU=SelfServiceOnly,OU=Groups,OU=USON,OU=B2E_Workday_Okta_AD,DC=mshusontest,DC=com",hrbu
291,PublicFolders_NY_New_York_Oncology_Hematology,"CN=PublicFolders_NY_New_York_Oncology_Hematology,OU=EnterpriseWide,OU=SelfServiceOnly,OU=Groups,OU=USON,OU=B2E_Workday_Okta_AD,DC=mshusontest,DC=com",hrbu
292,PublicFolders_OH_Hope_Center_for_Cancer_Care,"CN=PublicFolders_OH_Hope_Center_for_Cancer_Care,OU=EnterpriseWide,OU=SelfServiceOnly,OU=Groups,OU=USON,OU=B2E_Workday_Okta_AD,DC=mshusontest,DC=com",hrbu
293,PublicFolders_OH_Oncology_Hematology_Care,"CN=PublicFolders_OH_Oncology_Hematology_Care,OU=EnterpriseWide,OU=SelfServiceOnly,OU=Groups,OU=USON,OU=B2E_Workday_Okta_AD,DC=mshusontest,DC=com",hrbu
294,PublicFolders_OK_Optim_Oncology,"CN=PublicFolders_OK_Optim_Oncology,OU=EnterpriseWide,OU=SelfServiceOnly,OU=Groups,OU=USON,OU=B2E_Workday_Okta_AD,DC=mshusontest,DC=com",hrbu
295,PublicFolders_OR_Hematology_Oncology_Associates,"CN=PublicFolders_OR_Hematology_Oncology_Associates,OU=EnterpriseWide,OU=SelfServiceOnly,OU=Groups,OU=USON,OU=B2E_Workday_Okta_AD,DC=mshusontest,DC=com",hrbu
296,PublicFolders_OR_Northwest_Cancer_Specialists_Portland,"CN=PublicFolders_OR_Northwest_Cancer_Specialists_Portland,OU=EnterpriseWide,OU=SelfServiceOnly,OU=Groups,OU=USON,OU=B2E_Workday_Okta_AD,DC=mshusontest,DC=com",hrbu
297,PublicFolders_OR_Oncology_Associates_of_Oregon_Eugene,"CN=PublicFolders_OR_Oncology_Associates_of_Oregon_Eugene,OU=EnterpriseWide,OU=SelfServiceOnly,OU=Groups,OU=USON,OU=B2E_Workday_Okta_AD,DC=mshusontest,DC=com",hrbu
298,PublicFolders_PA_Venango_Oncology_Hematology_Association,"CN=PublicFolders_PA_Venango_Oncology_Hematology_Association,OU=EnterpriseWide,OU=SelfServiceOnly,OU=Groups,OU=USON,OU=B2E_Workday_Okta_AD,DC=mshusontest,DC=com",hrbu
299,PublicFolders_TX_TXO,"CN=PublicFolders_TX_TXO,OU=EnterpriseWide,OU=SelfServiceOnly,OU=Groups,OU=USON,OU=B2E_Workday_Okta_AD,DC=mshusontest,DC=com",hrbu
300,PublicFolders_US_Mountain_West_RBO,"CN=PublicFolders_US_Mountain_West_RBO,OU=EnterpriseWide,OU=SelfServiceOnly,OU=Groups,OU=USON,OU=B2E_Workday_Okta_AD,DC=mshusontest,DC=com",hrbu
301,PublicFolders_VA_Blue_Ridge_Cancer_Centers,"CN=PublicFolders_VA_Blue_Ridge_Cancer_Centers,OU=EnterpriseWide,OU=SelfServiceOnly,OU=Groups,OU=USON,OU=B2E_Workday_Okta_AD,DC=mshusontest,DC=com",hrbu
302,PublicFolders_VA_Shenandoah_Oncology,"CN=PublicFolders_VA_Shenandoah_Oncology,OU=EnterpriseWide,OU=SelfServiceOnly,OU=Groups,OU=USON,OU=B2E_Workday_Okta_AD,DC=mshusontest,DC=com",hrbu
303,PublicFolders_VA_Virginia_Cancer_Specialists,"CN=PublicFolders_VA_Virginia_Cancer_Specialists,OU=EnterpriseWide,OU=SelfServiceOnly,OU=Groups,OU=USON,OU=B2E_Workday_Okta_AD,DC=mshusontest,DC=com",hrbu
304,PublicFolders_VA_Virginia_Oncology_Associates,"CN=PublicFolders_VA_Virginia_Oncology_Associates,OU=EnterpriseWide,OU=SelfServiceOnly,OU=Groups,OU=USON,OU=B2E_Workday_Okta_AD,DC=mshusontest,DC=com",hrbu
305,PublicFolders_VO_CBO,"CN=PublicFolders_VO_CBO,OU=EnterpriseWide,OU=SelfServiceOnly,OU=Groups,OU=USON,OU=B2E_Workday_Okta_AD,DC=mshusontest,DC=com",hrbu
306,PublicFolders_VO_Georgia,"CN=PublicFolders_VO_Georgia,OU=EnterpriseWide,OU=SelfServiceOnly,OU=Groups,OU=USON,OU=B2E_Workday_Okta_AD,DC=mshusontest,DC=com",hrbu
307,PublicFolders_VO_Kentuckiana,"CN=PublicFolders_VO_Kentuckiana,OU=EnterpriseWide,OU=SelfServiceOnly,OU=Groups,OU=USON,OU=B2E_Workday_Okta_AD,DC=mshusontest,DC=com",hrbu
308,PublicFolders_VO_Midwest,"CN=PublicFolders_VO_Midwest,OU=EnterpriseWide,OU=SelfServiceOnly,OU=Groups,OU=USON,OU=B2E_Workday_Okta_AD,DC=mshusontest,DC=com",hrbu
309,PublicFolders_VO_Northeast,"CN=PublicFolders_VO_Northeast,OU=EnterpriseWide,OU=SelfServiceOnly,OU=Groups,OU=USON,OU=B2E_Workday_Okta_AD,DC=mshusontest,DC=com",hrbu
310,PublicFolders_VO_RCOG,"CN=PublicFolders_VO_RCOG,OU=EnterpriseWide,OU=SelfServiceOnly,OU=Groups,OU=USON,OU=B2E_Workday_Okta_AD,DC=mshusontest,DC=com",hrbu
311,PublicFolders_VO_Rhode_Island,"CN=PublicFolders_VO_Rhode_Island,OU=EnterpriseWide,OU=SelfServiceOnly,OU=Groups,OU=USON,OU=B2E_Workday_Okta_AD,DC=mshusontest,DC=com",hrbu
312,PublicFolders_VO_Southeast,"CN=PublicFolders_VO_Southeast,OU=EnterpriseWide,OU=SelfServiceOnly,OU=Groups,OU=USON,OU=B2E_Workday_Okta_AD,DC=mshusontest,DC=com",hrbu
313,PublicFolders_VO_West,"CN=PublicFolders_VO_West,OU=EnterpriseWide,OU=SelfServiceOnly,OU=Groups,OU=USON,OU=B2E_Workday_Okta_AD,DC=mshusontest,DC=com",hrbu
314,SVR_CMOH,"CN=SVR_CMOH,OU=PA_Consultants of Medical Oncology and Hematology,OU=Help Desk Managed Groups,OU=Groups,OU=USON,OU=B2E_Workday_Okta_AD,DC=mshusontest,DC=com",hrbu
315,SVR_CCCB,"CN=SVR_CCCB,OU=FL_Cancer Care Centers of Brevard,OU=Help Desk Managed Groups,OU=Groups,OU=USON,OU=B2E_Workday_Okta_AD,DC=mshusontest,DC=com",hrbu
316,Office365-E3,"CN=Office365-E3,OU=EnterpriseWide,OU=SelfServiceOnly,OU=Groups,OU=USON,OU=B2E_Workday_Okta_AD,DC=mshusontest,DC=com",hrbu
317,CTX_Office365,"CN=CTX_Office365,OU=EnterpriseWide,OU=Help Desk Managed Groups,OU=Groups,OU=USON,OU=B2E_Workday_Okta_AD,DC=mshusontest,DC=com",hrbu
318,Office365-Users,"CN=Office365-Users,OU=EnterpriseWide,OU=Help Desk Managed Groups,OU=Groups,OU=USON,OU=B2E_Workday_Okta_AD,DC=mshusontest,DC=com",hrbu
319,Office 365 - Users who Home Drive has been migrated to one drive,"CN=Office 365 - Users who Home Drive has been migrated to one drive,OU=EnterpriseWide,OU=Help Desk Managed Groups,OU=Groups,OU=USON,OU=B2E_Workday_Okta_AD,DC=mshusontest,DC=com",hrbu
320,SVR_MARBO,"CN=SVR_MARBO,OU=US_Mid-Atlantic RBO,OU=Help Desk Managed Groups,OU=Groups,OU=USON,OU=B2E_Workday_Okta_AD,DC=mshusontest,DC=com",hrbu
321,SVR_AO,"CN=SVR_AO,OU=IL_Affiliated Oncologists,OU=Help Desk Managed Groups,OU=Groups,OU=USON,OU=B2E_Workday_Okta_AD,DC=mshusontest,DC=com",hrbu
323,PST_Restrict,"CN=PST_Restrict,OU=EnterpriseWide,OU=SelfServiceOnly,OU=Groups,OU=USON,OU=B2E_Workday_Okta_AD,DC=mshusontest,DC=com",hrbu
324,SVR_USWF,"CN=SVR_USWF,OU=FL_Urology Specialists of West Florida,OU=Help Desk Managed Groups,OU=Groups,OU=USON,OU=B2E_Workday_Okta_AD,DC=mshusontest,DC=com",hrbu
325,FL_USWF_Everyone,"CN=FL_USWF_Everyone,OU=FL_Urology Specialists of West Florida,OU=Distribution Groups,OU=Groups,OU=USON,OU=B2E_Workday_Okta_AD,DC=mshusontest,DC=com",hrbu
326,SCC All Personnel,"CN=SCC All Personnel,OU=AL_SouthernCancerCenter,OU=Distribution Groups,OU=Groups,OU=USON,OU=B2E_Workday_Okta_AD,DC=mshusontest,DC=com",hrbu
327,US_IntraFUSION_Everyone,"CN=US_IntraFUSION_Everyone,OU=US_IntraFUSION,OU=Distribution Groups,OU=Groups,OU=MSHPS,OU=B2E_Workday_Okta_AD,DC=mshusontest,DC=com",hrbu
328,SVR_IntraFUSION,"CN=SVR_IntraFUSION,OU=US_IntraFUSION,OU=Help Desk Managed Groups,OU=Groups,OU=MSHPS,OU=B2E_Workday_Okta_AD,DC=mshusontest,DC=com",hrbu
330,MSHPS-office 365 - Users who Home Drive has been migrated to one drive,"CN=MSHPS-office 365 - Users who Home Drive has been migrated to one,OU=EnterpriseWide,OU=Help Desk Managed Groups,OU=Groups,OU=MSHPS,OU=B2E_Workday_Okta_AD,DC=mshusontest,DC=com",hrbu
331,MSHPS-CTX_ALLOW,"CN=CTX_ALLOW,OU=EnterpriseWide,OU=Help Desk Managed Groups,OU=Groups,OU=MSHPS,OU=B2E_Workday_Okta_AD,DC=mshusontest,DC=com",hrbu
332,MSHPS-CTX_Office365,"CN=MSHPS-CTX_Office365,OU=EnterpriseWide,OU=Help Desk Managed Groups,OU=Groups,OU=MSHPS,OU=B2E_Workday_Okta_AD,DC=mshusontest,DC=com",hrbu
333,MSHPS-PST_Restrict,"CN=MSHPS-PST_Restrict,OU=EnterpriseWide,OU=SelfServiceOnly,OU=Groups,OU=MSHPS,OU=B2E_Workday_Okta_AD,DC=mshusontest,DC=com",hrbu
334,CTX_MSHPS_ALLOW,"CN=CTX_MSHPS_ALLOW,OU=Corporate,OU=Help Desk Managed Groups,OU=Groups,OU=USON,OU=B2E_Workday_Okta_AD,DC=mshusontest,DC=com",hrbu
335,CTX_FPRD_92,"CN=CTX_FPRD_92,OU=EnterpriseWide,OU=Help Desk Managed Groups,OU=Groups,OU=USON,OU=B2E_Workday_Okta_AD,DC=mshusontest,DC=com",hrbu
336,MSHPS-Office365-E3,"CN=MSHPS-Office365-E3,OU=EnterpriseWide,OU=Security Managed Groups,OU=Groups,OU=MSHPS,OU=B2E_Workday_Okta_AD,DC=mshusontest,DC=com",hrbu
337,PublicFolders_VO_Hybrid,"CN=PublicFolders_VO_Hybrid,OU=VO_Hybrid,OU=SelfServiceOnly,OU=Groups,OU=USON,OU=B2E_Workday_Okta_AD,DC=mshusontest,DC=com",hrbu
338,PublicFolders_VO_OperationalSupport,"CN=PublicFolders_VO_OperationalSupport,OU=VO_OperationalSupport,OU=SelfServiceOnly,OU=Groups,OU=USON,OU=B2E_Workday_Okta_AD,DC=mshusontest,DC=com",hrbu
339,PublicFolders_VO_Urology,"CN=PublicFolders_VO_Urology,OU=VO_Urology,OU=SelfServiceOnly,OU=Groups,OU=USON,OU=B2E_Workday_Okta_AD,DC=mshusontest,DC=com",hrbu
340,SVR_VO_Hybrid,"CN=SVR_VO_Hybrid,OU=VO_Hybrid,OU=Help Desk Managed Groups,OU=Groups,OU=USON,OU=B2E_Workday_Okta_AD,DC=mshusontest,DC=com",hrbu
341,SVR_VO_OperationalSupport,"CN=SVR_VO_OperationalSupport,OU=VO_OperationalSupport,OU=Help Desk Managed Groups,OU=Groups,OU=USON,OU=B2E_Workday_Okta_AD,DC=mshusontest,DC=com",hrbu
342,SVR_VO_Urology,"CN=SVR_VO_Urology,OU=VO_Urology,OU=Help Desk Managed Groups,OU=Groups,OU=USON,OU=B2E_Workday_Okta_AD,DC=mshusontest,DC=com",hrbu
343,Office365-Managed,"CN=Office365-Managed,OU=EnterpriseWide,OU=SelfServiceOnly,OU=Groups,OU=USON,OU=B2E_Workday_Okta_AD,DC=mshusontest,DC=com",hrbu
344,Zscaler_Prod_USON,"CN=Zscaler_Prod_USON,OU=Corporate,OU=Help Desk Managed Groups,OU=Groups,OU=USON,OU=B2E_Workday_Okta_AD,DC=mshusontest,DC=com",default