<assembly
    xmlns="http://maven.apache.org/plugins/maven-assembly-plugin/assembly/1.1.2"
    xmlns:xsi="http://www.w3.org/2001/XMLSchema-instance"
    xsi:schemaLocation="http://maven.apache.org/plugins/maven-assembly-plugin/assembly/1.1.2 http://maven.apache.org/xsd/assembly-1.1.2.xsd">
    <id>main</id>
    <formats>
        <format>zip</format>
    </formats>
    <files>
        <file>
            <source>${project.build.directory}/conf/provisioner.openicf-workday.json</source>
            <outputDirectory>conf</outputDirectory>
            <destName>provisioner.openicf-${provisioner.workday.name}.json</destName>
        </file>
        <file>
            <source>${project.build.directory}/conf/provisioner.openicf-workday-future.json</source>
            <outputDirectory>conf</outputDirectory>
            <destName>provisioner.openicf-${provisioner.workday.name}-future.json</destName>
        </file>
    </files>
    <fileSets>
        <fileSet>
            <directory>${project.build.directory}/bundle</directory>
            <outputDirectory>bundle</outputDirectory>
            <includes>
                <include>*.jar</include>
            </includes>
        </fileSet>
        <fileSet>
            <directory>${project.build.directory}/conf</directory>
            <outputDirectory>conf</outputDirectory>
            <excludes>
                <exclude>provisioner.openicf-workday.json</exclude>
                <exclude>provisioner.openicf-workday-future.json</exclude>
            </excludes>
        </fileSet>
        <fileSet>
            <directory>${project.build.directory}/script</directory>
            <outputDirectory>script</outputDirectory>
        </fileSet>
        <fileSet>
            <directory>${project.build.directory}/bin</directory>
            <outputDirectory>bin</outputDirectory>
        </fileSet>
        <fileSet>
            <directory>${project.build.directory}</directory>
            <includes>
                <include>startup.bat</include>
            </includes>
            <outputDirectory>.</outputDirectory>
        </fileSet>
        <fileSet>
            <directory>${project.build.directory}/openidm</directory>
            <outputDirectory>.</outputDirectory>
            <excludes>
                <exclude>bin/startup.bat</exclude>
                <exclude>bin/defaults/script/ui/**</exclude>
                <exclude>bin/defaults/script/workflow/**</exclude>
                <exclude>bin/startup/**</exclude>
                <exclude>bin/workflow/**</exclude>
                <exclude>conf/**</exclude>
                <exclude>bundle/openidm-core-**</exclude>
                <exclude>bundle/openidm-provisioner-openicf-**</exclude>
                <exclude>bundle/openidm-external-email-**</exclude>
                <exclude>bundle/openidm-util-**</exclude>
                <exclude>bundle/openidm-repo-orientdb-**</exclude>
                <exclude>bundle/openidm-ui-**</exclude>
                <exclude>bundle/openidm-workflow-activiti-**</exclude>
                <exclude>bundle/org.apache.felix.webconsole-**</exclude>
                <exclude>bundle/rhino.debugger-**</exclude>
                <exclude>bundle/httpclient-osgi-**</exclude>
                <exclude>bundle/httpcore-osgi-**</exclude>
                <exclude>db/**</exclude>
                <exclude>samples/**</exclude>
                <exclude>ui/**</exclude>
                <exclude>workflow/**</exclude>
            </excludes>
        </fileSet>
        <fileSet>
            <directory>${project.build.directory}/openidm</directory>
            <outputDirectory>.</outputDirectory>
            <includes>
                <include>conf/logging-config.xml</include>
            </includes>
        </fileSet>
    </fileSets>
</assembly>
